,equal,min_var,max_sharpe,nsga3,nifty
2022-01-12,0.008585550894440942,0.002341049464554563,0.005588966121061676,0.006784595835798942,0.0086731157318304
2022-01-13,0.005388520962635241,0.008283740201708675,0.017617736665228586,0.013033030216028339,0.0024956237305924
2022-01-14,0.00011218659848619168,-0.002382198452137561,0.0070587215228797625,0.004953551553411302,-0.0001123235637506
2022-01-17,0.006347717788936049,0.006009783321887585,0.0040445435022246,0.005463627717203438,0.0028675682661627
2022-01-18,-0.012573523943270257,-0.009860214335270378,-0.010081779313445382,-0.010358477426875451,-0.0106536905679234
2022-01-19,-0.007646925937309439,-0.014312167967683321,-0.016537640788114642,-0.015062604426884339,-0.0096422404339412
2022-01-20,-0.009625079202546058,-0.0148405981079588,-0.018596606865938742,-0.015970359150043818,-0.010112406160797
2022-01-21,-0.005064132910054,0.0011953880002953776,-0.013557165996689106,-0.010606843214390121,-0.0078757453046686
2022-01-24,-0.01967487541569783,-0.017918581509239796,-0.01840124104636061,-0.018371440369065774,-0.0265679051873833
2022-01-25,0.015720635468672965,0.010707915275795647,0.0032861859287395025,0.00672932613044685,0.0075134912216943
2022-01-27,-0.0048183358513754415,-0.011591905593927027,-0.014950532928459775,-0.014016880864453074,-0.0097117329146276
2022-01-28,-0.0015294824715831835,0.00532231964229738,0.010084720479986911,0.007630205497723119,-0.0004793161771092
2022-01-31,0.013676927270801317,0.008254941731388958,0.016835484156279196,0.01659879032754684,0.0139107178709299
2022-02-01,0.017068099705457015,0.025330306317158522,0.03270767812694363,0.024097289859754355,0.0136679386118703
2022-02-02,0.007313841733215092,0.010083503649777455,0.005631881755750177,0.006887396507833292,0.0115578385853996
2022-02-03,-0.007920237333003143,-0.008572121878623395,-0.014701243741243021,-0.012771965067474559,-0.0123622486642295
2022-02-04,-0.0010221394655662995,0.0029799222649344796,0.003433678467569648,0.0012758658070862858,-0.0024998826581151
2022-02-07,-0.015612260271021467,-0.018173144308829405,-0.012655397493861967,-0.012698807741709204,-0.0172811129276234
2022-02-08,0.0027611827166657164,0.00027982134311451226,0.0010005027253339495,0.0008555304360749937,0.0030876976246183
2022-02-09,0.011293385252202233,0.0056991390455975125,0.006223799669666804,0.00773544811373338,0.0114121523303458
2022-02-10,0.005757917169741908,0.006761122316727832,0.009717619413375986,0.008466318698535678,0.008133901085124
2022-02-11,-0.012796054109406589,-0.01220759459114977,-0.01959718875697005,-0.018064791526194404,-0.0131262969128136
2022-02-14,-0.028192613181346648,-0.01682067064156639,-0.015098675603420141,-0.0164759260808771,-0.0306162228952934
2022-02-15,0.029899051992988125,0.024749612526716074,0.025412165910014446,0.026951196626657,0.0302591263839775
2022-02-16,-0.004045149593798083,-0.0018756805950132644,-0.00332202522906321,-0.0023605612730841605,-0.0017432697608654
2022-02-17,-0.0029592944579825576,-0.0010455329465863643,-0.005326942534703692,-0.004641795153983058,-0.0010160147191904
2022-02-18,-0.0005349439988859084,0.0007706012810134729,-0.00259094312511664,-0.0022605389238417764,-0.0016353356196504
2022-02-21,-0.005393663321838874,-0.01145781918341474,-0.00823731194164589,-0.007661072039493016,-0.004031556958107
2022-02-22,-0.010288511162331523,-0.013947216287877281,-0.008987987759329385,-0.011539538562925672,-0.0066515660675804
2022-02-23,-0.0020849232733675667,-0.0033854466535199732,-0.002391255080929537,-0.0019239013421664978,-0.0016937094155936
2022-02-24,-0.043943667881442786,-0.039484705437859174,-0.03679083102006453,-0.0399047689424085,-0.0477810384708364
2022-02-25,0.019541447778869264,0.017956183150237077,0.01908848499576939,0.019959873859415465,0.0252616601096495
2022-02-28,0.007576223237663175,0.005343614355537736,0.012437072689232075,0.010155352942432519,0.0081340342903666
2022-03-02,-0.01848301812567204,-0.013372879800070094,-0.012964179234343426,-0.012468366256932512,-0.0111916331229355
2022-03-03,-0.0079646934917994,-0.005942029407985108,0.0014711533901216834,-0.0011278327708396096,-0.006497577228417
2022-03-04,-0.012338375146724407,-0.008525664173575144,-0.001821726275065448,-0.00631922526442143,-0.0153170320073322
2022-03-07,-0.024336985384138015,-0.01670846771403713,-0.003523896289170401,-0.006589056616489703,-0.0235266847399477
2022-03-08,0.012898425534300852,0.016798991128945524,0.027879192038920513,0.023401654687099937,0.0094747765094835
2022-03-09,0.021622705143292554,0.017728008541750353,0.016300158800493684,0.017847226417446464,0.0207262900882942
2022-03-10,0.017495110896675777,0.018660532216184432,0.004263807120976895,0.007859578965324028,0.0152673871904744
2022-03-11,0.0030454002141745164,0.005720035975126832,0.008917483315598797,0.0053758003687794705,0.0021421537513466
2022-03-14,0.015125117576815499,0.0032872146760354742,0.012408088946716335,0.012910237906935233,0.014482565042708
2022-03-15,-0.006074950814287992,-0.007975248627493001,-0.011959094191601577,-0.011076046908695882,-0.0123464565033122
2022-03-16,0.014209264468220892,0.013876192362649094,0.013271811096592489,0.014318726530825344,0.0187451004846066
2022-03-17,0.01555151167329234,0.013265447007853391,0.0062801963705199715,0.008173116684309041,0.0183619883565082
2022-03-21,-0.00917213215207479,-0.011021582405832913,-0.005273920133035982,-0.007736126433908821,-0.0098022024704637
2022-03-22,0.009508657500904967,0.0024557241540433287,0.012979658631918889,0.012281548206689665,0.0115612232521558
2022-03-23,-0.005843470531482774,-0.005003602876622809,-0.007696732836235056,-0.007280890718541136,-0.004033935455228
2022-03-24,-0.000964361145119525,0.0015673222847028617,0.008060532343195807,0.005951062628016757,-0.0013278937068936
2022-03-25,-0.005285018336684067,-0.00717672752128543,-0.006621342003251933,-0.005455949048936331,-0.0040498758909001
2022-03-28,0.00882970608369663,0.007604462275457975,0.003266098011482064,0.005864940283109031,0.0040226199498629
2022-03-29,0.00502405963701145,0.005955462464023578,0.008715412907575592,0.008368200514318613,0.005998187274997
2022-03-30,0.008153186327164334,0.0048745566454991415,0.005841609781717023,0.006181335327942601,0.0099824655821947
2022-03-31,-0.00021721845916813332,0.0045523916907900435,-0.0009570845516462026,6.56652006386337e-06,-0.0019144771620018
2022-04-01,0.010624367399449974,0.008517515101318984,3.737891484670029e-05,0.003176797775711812,0.0117779652585923
2022-04-04,0.01763994005828365,0.021450349712424644,0.005475974337376887,0.007940206954575535,0.0216718413399843
2022-04-05,-0.0024308236652128574,0.0037111347316547113,0.0001008352932181677,-0.0005821685760551093,-0.005317557796472
2022-04-06,-0.0036165443003881408,-0.005085605447078448,-0.0077821468782408925,-0.00692071651381744,-0.0083391803235717
2022-04-07,-0.008289823598327207,-0.006460286728726388,-0.009123378786841971,-0.009679903269251423,-0.0094397411049521
2022-04-08,0.005321001642547041,0.007339354783718843,-0.0007855875417584115,0.0003988040879503556,0.0082087593907955
2022-04-11,-0.006150427698215358,-0.005972467906902961,-0.009126097541543143,-0.007654311702501488,-0.006151497975913
2022-04-12,-0.00803629525988309,-0.009457378990841845,-0.0090954036087466,-0.009264674044935653,-0.0081838106412522
2022-04-13,0.0009023902204136575,0.004641357248103969,0.004489246631953106,0.00241372294900033,-0.0031174816283502
2022-04-18,-0.01594376604827571,-0.01468190465157821,-0.029358123849882296,-0.02107928648616825,-0.0172811880101475
2022-04-19,-0.012447473189033331,-0.01980413586447596,-0.01229485166515794,-0.007017518109523022,-0.0125191788064678
2022-04-20,0.010309648182277916,0.012370406251541236,0.008223235135876007,0.01028855369351056,0.010490244596548
2022-04-21,0.014830168141993748,0.013949164043029292,0.018385342668353594,0.016636114348366288,0.014941678252146
2022-04-22,-0.012605807960388484,-0.013271468516844591,-0.016785227264410753,-0.013854014898595434,-0.0126864526051679
2022-04-25,-0.011331793238055258,-0.016399404833182175,-0.02004621935383801,-0.017759099691845463,-0.0126951225643019
2022-04-26,0.014639223041183399,0.016837094662121105,0.01841667791120877,0.018296243796645364,0.0145601216162072
2022-04-27,-0.008735962020365392,-0.005288639475042285,-0.011791200464264153,-0.009121269695178387,-0.0094414436101153
2022-04-28,0.015099411294748823,0.019629312482232954,0.017774215117194073,0.015136197272194797,0.0121285088909346
2022-04-29,-0.008005099326978965,-0.00579928900208498,-0.006859217361646712,-0.008573504348538874,-0.0082632403816946
2022-05-02,-0.0026454284042807166,-0.0007781012840866628,-0.008081077529190033,-0.005449460390649844,-0.0019559171203674
2022-05-04,-0.02329455102183407,-0.021107744198740837,-0.017982053192443757,-0.021163325550304826,-0.0229361834519363
2022-05-05,0.000606699709466708,0.0015671552020963255,0.0024398496006366806,-0.0013595453773631201,0.0003028482136697
2022-05-06,-0.009306827388729632,-0.0074306426213241565,-0.007526602167410919,-0.0061692726436692194,-0.0162684216398562
2022-05-09,-0.005210171865562031,-0.005893267913158649,-0.0017456589951261065,-0.005993341843741461,-0.0066661826871809
2022-05-10,0.00038135914725936725,0.0005445875929964102,-0.013649091673701225,-0.009380894808930973,-0.0037909688880922
2022-05-11,-0.0073869891835341836,-0.010298946195879339,-0.011941668560841792,-0.00909872232295318,-0.0044919933245182
2022-05-12,-0.017520440611204075,-0.012895384889522863,-0.014264606830806421,-0.015757265154129545,-0.0222117521417858
2022-05-13,-0.0012444931082683747,0.012550653163256367,0.008085592735818244,0.003220135723299007,-0.0016352232651188
2022-05-16,0.004051114107355475,-0.0014938964948774391,-0.000851545593181752,0.0015859117300168586,0.0038112305721171
2022-05-17,0.02645170613971575,0.023812018130371218,0.02374261246713854,0.025581439087944222,0.0263219359020472
2022-05-18,-0.0017258936216991575,0.003198562185398825,-0.003000255244642857,-0.00360451878588566,-0.0011685620062508
2022-05-19,-0.021855531970648715,-0.017648788697602415,-0.027651264710354544,-0.025327351136073224,-0.0265327253341793
2022-05-20,0.028162194624833773,0.02552344841823099,0.031002724821887154,0.031085575712293763,0.0288910387942893
2022-05-23,0.005568950811378341,0.005554665734550122,0.004622640224441394,0.0031665439545312504,-0.0031630222318707
2022-05-24,-0.008789301416656691,-0.014481283088811529,-0.010753239056859699,-0.00844314500539591,-0.0055227542667355
2022-05-25,-0.004604266576724842,-0.007960469669026271,-0.010748592302746557,-0.007537135718442704,-0.0061612191843656
2022-05-26,0.007190092033922309,0.0013745880058168847,0.0024951522342768944,0.004673949207239514,0.0090073873189953
2022-05-27,0.010791111226384173,0.012702743935198824,0.011992236895987909,0.007464676924696618,0.0112738471989222
2022-05-30,0.016952159513056567,0.017034709203463165,0.020334788099015674,0.01891359027816907,0.0188932050929628
2022-05-31,-0.005704272863133433,-0.003951151903847424,-0.012261410507756445,-0.010708301428436729,-0.0046124339835348
2022-06-01,-0.0057747513543144995,-0.008652058494418906,-0.011328290680946523,-0.008056930705922791,-0.0037264067061659
2022-06-02,0.006717343514972616,0.007327293005443134,0.017268129528152196,0.01520904195190562,0.0063700049931154
2022-06-03,-0.001115280196381766,0.003510080425568284,0.006585304842549123,0.0034720574249990093,-0.0026280502014673
2022-06-06,-0.00135910511350205,-0.0016609570370333647,-0.0009410135698863148,-0.0019319321902637522,-0.0008893953501298
2022-06-07,-0.010201752624287765,-0.015995952397401755,-0.01222727934612139,-0.009189911866581914,-0.0092459460064759
2022-06-08,-0.00426236822469895,-0.007511025160886812,-0.003152858763098306,-0.0036829140622760643,-0.0036609606157923
2022-06-09,0.008582642268987316,0.009297937604176583,0.0105437253780103,0.01048430740522052,0.0074497277416889
2022-06-10,-0.012465170571125648,-0.010581641164507813,-0.018016834887637872,-0.015994245731161375,-0.0167676984141
2022-06-13,-0.022910301176234327,-0.020412134974852898,-0.028368417072964117,-0.025769137605374016,-0.0263797491152091
2022-06-14,-0.0012902138270659415,-0.0012556918202180532,0.001924632197995473,0.0006751293581431696,-0.0026816094559853
2022-06-15,-0.001485319637912895,-0.003515540714065163,-0.004878075284223991,-0.0031078292875173887,-0.002539344381356
2022-06-16,-0.015836768500631412,-0.013872443527580897,-0.015519442584365254,-0.017226864928913583,-0.0211284478542902
2022-06-17,-0.007239627703784866,-0.010237205564408125,-0.01005620430406971,-0.008965011289210416,-0.0043682936266399
2022-06-20,0.004741174810186817,0.012235500432763613,0.0051306746355421155,0.0009788044198007473,0.0037042135956451
2022-06-21,0.01942508538754427,0.017945295372731235,0.022362273582437295,0.022818968053534786,0.018804337854487
2022-06-22,-0.010041026972583482,-0.009211296627607743,-0.01201804493385024,-0.012145703849716291,-0.0144192650853174
2022-06-23,0.016181847660126533,0.013883973330075877,0.009379642434649622,0.011077738613892748,0.0093004475196092
2022-06-24,0.007860118459952525,0.00649174647586597,-0.00014438523936469882,0.0032118950648927667,0.0091664725885294
2022-06-27,0.011844429951820015,0.01263215346167698,0.015832953482105058,0.01339859587476134,0.008458990377725
2022-06-28,0.0013587622097214166,0.0018958132431601822,0.003047084221504117,0.0032904974951406436,0.0011464333961117
2022-06-29,-0.002376335616620733,-0.006043507785626608,0.0008388342217608566,0.0021378650205877625,-0.0032239710103227
2022-06-30,0.0006041303933213252,-0.0017920083600893276,-0.00016837845162099834,0.00042256646804660666,-0.0011930812414028
2022-07-01,0.00013395948910284967,0.01012783071457802,-0.0009459048503836744,-0.005293268883867267,-0.0017870563085186
2022-07-04,0.009431931717516164,0.012299972380611491,0.0047892433299839094,0.004552692727631498,0.0052881882498054
2022-07-05,-0.0023437259679418747,-0.001635378581108082,-0.0023978451633726366,-0.001538667106339838,-0.0015471713984448
2022-07-06,0.01233186327009144,0.01398157636027065,0.005126188534983701,0.006783821511946922,0.0113181897073002
2022-07-07,0.007719863999968276,0.005123269832976292,0.009965285596693952,0.007580527615529929,0.0089494920315105
2022-07-08,0.007975484464781026,0.009433268655939174,0.011014608756361247,0.008164390521184683,0.0054360478665673
2022-07-11,-0.007749581356075083,-0.012577518492015138,-0.010131957063343243,-0.01093476964263659,-0.0002835659276332
2022-07-12,-0.008885005012480476,-0.009988180462851695,-0.011142370799928372,-0.008083302433636017,-0.0097249750439381
2022-07-13,-0.004595462200133817,-0.00021341227864403215,0.0010622230406909172,-0.0032769320251250533,-0.0057072925015229
2022-07-14,-0.0008510770087263333,-0.0020765916329931124,0.000563290574297565,2.2900702148056454e-05,-0.0017536552323109
2022-07-15,0.008948934992847626,0.011139683390223119,0.001424887391953355,0.006861400333238723,0.0069359576863876
2022-07-18,0.012752113460406382,0.006834042055816865,0.022882412527319457,0.019159460894913275,0.0142873041582765
2022-07-19,0.0037600696920218665,0.0019820916437492528,0.001633802894068326,0.0019886188277812985,0.0038117642711243
2022-07-20,0.011541269385173882,0.013315279988222777,0.012186359892773108,0.008753549946358656,0.0110338885069691
2022-07-21,0.005733656305389074,0.0030318125149148395,0.007537057548339711,0.00991163150485459,0.005108719746296
2022-07-22,0.004962480974025399,0.005448770640985526,-0.0020240647569176027,0.002053921370323165,0.0068772959606149
2022-07-25,-0.004323169589868375,-0.006056140504084807,0.0006874904143934775,0.0007099960181726779,-0.0052901993117577
2022-07-26,-0.009242571334322608,-0.010789191764869208,-0.012969991621136141,-0.012305994782145831,-0.008847958067765
2022-07-27,0.012831483820014833,0.011885610918730749,0.020958966268555913,0.021419558390355437,0.0095821774414373
2022-07-28,0.009624726238032798,0.010037894741032465,0.01242425761711106,0.009395556149189742,0.0172937311236929
2022-07-29,0.012541796661121957,0.014155258955584067,0.016875488996424354,0.01582438351949488,0.0135059538264792
2022-08-01,0.006754275536432241,0.002599884098533898,-0.000934185299501825,-0.0016150265824938902,0.0105955316684394
2022-08-02,0.0011039743668679251,0.0037134654099652553,0.003161594665495623,0.0003995406116037229,0.0003113276638058
2022-08-03,0.0004531027795510673,-0.0002261085439210554,-0.0019280487407585796,-0.0034877277869593474,0.0024618083588656
2022-08-04,0.0015203536416905498,0.004130515711976843,0.008025279547392747,0.004613456245173926,-0.0003537116074355
2022-08-05,0.0020783465174098836,0.001620241218975032,0.0024617342416929883,0.002723467015616818,0.0008917270739845
2022-08-08,0.00529139832779286,0.005649552201496989,-0.005285523658759385,0.0011427262641930187,0.0073343646716481
2022-08-10,0.001782981259377258,-0.0005094878837988193,-0.0038562537700949275,0.0019143693641067853,0.0005506610997998
2022-08-11,0.0038532676367542917,-0.0006954838346917308,0.008359711454937765,0.00702832857307909,0.0070859293688247
2022-08-12,-0.000832530752690542,-0.002635642072786228,-0.0023856869462012056,-0.0033384783328621504,0.0022170219505635
2022-08-16,0.005761741988234683,0.008295337206338748,-0.0010623899578582428,0.0014511502271392373,0.0071815193435313
2022-08-17,0.006665790148045917,0.008252538822910944,0.0056128975865768725,0.005555530555609823,0.0066759231988331
2022-08-18,0.0027291468148933087,0.0005967072746248327,-0.0012398307395275635,0.003294920612401062,0.000682669936052
2022-08-19,-0.008339448727597365,-0.00999381045594944,-0.008283289266269932,-0.004940327862614431,-0.011029475746944
2022-08-22,-0.012454912414376483,-0.007147434038410506,-0.015326516269834032,-0.018453846345558883,-0.0150773300473388
2022-08-23,0.002340449891413875,-0.0029949504561525503,0.00281495826184773,0.0032304851612991294,0.0049626821755044
2022-08-24,-0.0009540925574139,-0.0033044818484055747,-0.004428986492626573,-0.0012244463655758943,0.0015616110795051
2022-08-25,-0.00399703391287875,-0.005332055673878607,-0.0049998404085407015,-0.004792801962184729,-0.0046861822192667
2022-08-26,0.0005253148529405919,-0.000700435905101884,0.003985975116291488,0.005114294165293592,0.0020802555293466
2022-08-29,-0.011465371039956132,-0.008508474381929788,-0.017813439028123452,-0.013575919525939813,-0.0140099889245538
2022-08-30,0.02430686824573742,0.0239730180900154,0.023708598577859886,0.024147200450376972,0.0257842637890255
2022-09-01,-0.012187497511258506,-0.015982918844444253,-0.01171808993617275,-0.011418469086196526,-0.0121907952721076
2022-09-02,0.0008414755240253783,0.0010213059545835543,0.0012328335241752408,0.0029486936793136844,-0.0001910505934481
2022-09-05,0.008596350411924976,0.0074859314763493405,0.009645963315260535,0.010354674716910215,0.0072038500710118
2022-09-06,0.00048477916311425817,-0.0013129971767980853,-0.001653626098149892,-0.0015103179592839302,-0.0005774531254664
2022-09-07,-0.003625300321688233,-0.0018408541142705484,-0.0012943429551513725,-0.001731520637692211,-0.0017671004916441
2022-09-08,0.010572930510598466,0.007462821791926342,0.01276745739060099,0.011117332330718101,0.0098925129655895
2022-09-09,0.004493728487883066,0.004692802711956893,0.010813290370801403,0.004192186001552112,0.0019439347917691
2022-09-12,0.003780565791097426,0.0023080922509609403,0.005614354241596558,0.004106397498495986,0.005775695663245
2022-09-13,0.006822601916813734,0.005659954923039717,0.005705648622131658,0.006831919479223219,0.0074542019299801
2022-09-14,-0.0060450857542597245,-0.009359253794869833,-0.007829975936091001,-0.006953648517540884,-0.0036690976717561
2022-09-15,-0.003045522264367459,-0.004774207702687869,-0.011315432801409706,-0.006280589706981705,-0.0070179606679163
2022-09-16,-0.01638652272240086,-0.01632161513442717,-0.020521823128454027,-0.017418731561122218,-0.0193848531485446
2022-09-19,0.0068328037543662744,0.010460419793585838,0.011221808094140816,0.007183148743170225,0.0052136885924867
2022-09-20,0.009029281783147958,0.007266733367557753,0.011556850575958443,0.014142013746581897,0.0110088098852303
2022-09-21,-0.003833951153595125,0.001304986957032359,-0.005506147538034573,-0.007311527564816372,-0.0054950054374517
2022-09-22,0.0005420054321789668,0.006502523360619367,-0.00180444188376394,-0.0010841443360085944,-0.0049975776569025
2022-09-23,-0.01111472907708265,-0.005836858051018422,-0.006756651852790523,-0.008752935565848125,-0.0171556772324205
2022-09-26,-0.01747773132958533,-0.017112005375097872,-0.010915946758924485,-0.012057004051161509,-0.0179513217622564
2022-09-27,-0.00010859230832377499,0.003930988330667578,-0.0015239577668391907,-0.003214823821470341,-0.0005230508522044
2022-09-28,-0.005633961242503867,-0.003794665815212644,-0.0041809209731959755,-0.001363861887956318,-0.0087491784653945
2022-09-29,-0.0008780653323771751,0.0024118194868025687,0.004480993658439659,0.00046626764298182796,-0.0024023347691036
2022-09-30,0.01706690077320524,0.011390294305096428,0.01367750866623047,0.01561841327581316,0.016425755966269
2022-10-03,-0.013677667401455667,-0.014654994317177723,-0.01475509230899401,-0.014582978320903996,-0.0121092644487904
2022-10-04,0.02091909117442896,0.020577641456548845,0.019454815445310115,0.01959118777161822,0.0229136709327191
2022-10-06,0.0035945391799888414,-0.0021981033977041685,0.012794940653709622,0.011854031868811175,0.0033286441360573
2022-10-07,-0.0018709529040876918,-0.0032475322741179263,-0.005178371982569852,-0.0023168914126914953,-0.0009895331040011
2022-10-10,-0.001799730703630367,-0.0019027612089019491,-0.0018054781330714446,-0.0030339040170343917,-0.0042536458411471
2022-10-11,-0.01415591303830714,-0.01456584428473678,-0.011541863138489582,-0.011861703617729464,-0.0149323831999303
2022-10-12,0.007288883252496042,0.009129528487690249,0.009049357015263732,0.010314549006074732,0.0082461453396196
2022-10-13,-0.007129102958432682,-0.003606119883088279,-0.007147784903313721,-0.008414507938768937,-0.0063800837728176
2022-10-14,0.010718279835086723,0.0078112535719701654,0.018956556790241365,0.016120421202059323,0.0100708880038873
2022-10-17,0.007877285045082958,0.005828223222161422,0.01351970132747924,0.007614950298289406,0.0073375869608156
2022-10-18,0.013412780529278709,0.010635861140448895,0.01996132777997271,0.01761820577238699,0.010117285874136
2022-10-19,-0.00173754084253805,0.001126936004560772,-0.0002576304990890172,-0.003059087710363297,0.0014468379208691
2022-10-20,0.003994478910414284,0.006224801245144179,0.0050058034052388135,0.003977862595504117,0.002952174549244
2022-10-21,0.00018757164868966674,-0.00010038463420508047,-0.0008692236604188459,-0.0005412556216035252,0.0007032337856462
2022-10-24,0.007688879547962391,0.0003778702875080681,0.011913621432627945,0.01072129205237077,0.0087873563767617
2022-10-25,0.0015432088372921665,-0.004994729887869246,0.005323575141405757,0.00607496552128553,-0.004196122026705
2022-10-27,0.005825416454081866,0.005973666842680131,0.006429237520790781,0.007514645655127508,0.0045649078749665
2022-10-28,0.0025784087757959834,0.003914754526751423,-0.008625650468725567,-0.00746273933420578,0.0028106052447454
2022-10-31,0.013316210075826824,0.01365602218737664,0.013382536396582774,0.015194955481563277,0.0126722303955641
2022-11-01,0.006543136354606358,0.008414393137770983,0.00609340947643392,0.0068743753747998555,0.0073950532223929
2022-11-02,-0.005368459479101716,-0.003798319902567036,0.00194604612718906,0.0005400294978710684,-0.0034471976315451
2022-11-03,0.000699025179940208,-0.00033045095316958887,0.003480175513699278,0.003416031321678853,-0.0016673473084335
2022-11-04,-0.0002692899584311165,-0.0021738660314880036,0.0025803137048659927,0.00256709028650556,0.0035701681556883
2022-11-07,0.006260646245812616,0.002777623925765295,0.007804898256413846,0.007557821543815782,0.0047275862251119
2022-11-09,-0.0027596421364125996,-0.0022563835432588245,0.001691455739372051,-0.0019298238092058414,-0.0025161392359563
2022-11-10,-0.005155436109382283,-0.003308153833104551,-0.008685048142779945,-0.008421074360907962,-0.0070937259046097
2022-11-11,0.013707589184312707,0.013409232848633228,0.0007590018040275585,0.0031447566851097106,0.0178331732470333
2022-11-14,-0.004931583221377392,-0.006235179037732826,-0.012332414126670427,-0.009561693809290239,-0.0011198455015547
2022-11-15,0.0037016992653007164,0.0005446682853744116,0.0044416037634278215,0.003915118815085609,0.0040509242609507
2022-11-16,0.0025535153736097917,0.003386234522341591,0.00034719658531124394,0.0012324859030387039,0.0003396111515991
2022-11-17,-0.0019432890210616914,-0.003971473115276625,0.000982642068765405,0.0007727455334509937,-0.0035714963948192
2022-11-18,-0.0020418156701277417,-0.0021181186095425683,-0.0026461346039170787,-0.0012857911079747174,-0.0019761337135545
2022-11-21,-0.005576846995105983,-0.005219835954797889,-0.0053264836543603184,-0.0053589811731651555,-0.0080677295405768
2022-11-22,0.004676254505526,0.0053541631258478654,0.00513813970974747,0.005312406741477415,0.0046393301536886
2022-11-23,0.0013993045835750918,-0.0003828572430486235,0.004028521365778153,0.004247100437190463,0.0012634580983039
2022-11-24,0.012574914678859456,0.013276355228743255,0.007853827864459748,0.009722004213973089,0.0118709498898301
2022-11-25,0.0005419605907527084,0.00041012843228432737,-0.001706497921295836,-0.0009092856939842276,0.0015500019600884
2022-11-28,0.000714178966264492,-0.0002967741918651125,0.00013880669307977968,0.0005012849908052193,0.0027008413120686
2022-11-29,0.005135865140799789,0.010897195043874241,0.004554445881625952,0.005490080436242309,0.0029791265437502
2022-11-30,0.004585069697858575,0.005196739325801529,-0.0016480836640301456,0.00022037804865381088,0.0075356346254191
2022-12-01,0.003483676852582542,0.0028230409363485757,0.0023806586856483696,0.003828835954803312,0.0028867353340049
2022-12-02,-0.008098537198089017,-0.009268372877713003,-0.005260989106835786,-0.006021677334569847,-0.006187396179402
2022-12-05,-0.00019631743159870176,-0.0020415183785708266,0.0031258682925762856,0.0033039423882063614,0.0002648237856262
2022-12-06,-0.004990549623796382,-0.001957816641690682,-0.0055359765440620426,-0.004475334655067058,-0.0031175136590962
2022-12-07,-0.00027226974031052475,0.0013559003425670756,0.0003624995636226242,0.00043203943418552196,-0.0044119027503989
2022-12-08,0.00026192990476752473,-0.005800318506186635,-0.003506982222513736,-0.0028772946359846294,0.0026319123609277
2022-12-09,-0.002919819440214725,-0.0008793888606278677,0.006088603274580291,0.004826438166898347,-0.0060587824059793
2022-12-12,-0.0009845541974207082,-0.0006943704292593341,-0.0010506944559360509,-0.0013499564632344868,2.977743269738653e-05
2022-12-13,0.005782670785078742,0.005696851512185605,0.006600321263591586,0.005849851319979927,0.0059927938646799
2022-12-14,0.0016204980154270751,-2.4245658697179974e-05,0.003459409024580524,0.004895884812220453,0.0028106610731943
2022-12-15,-0.012299614552931465,-0.011602252454146696,-0.011017121786328576,-0.009679269862689814,-0.0131509343553336
2022-12-16,-0.007761157362485733,-0.006933785246200558,-0.01075416249227153,-0.009530277791029352,-0.0079229530179417
2022-12-19,0.005738107124415684,0.007383473766548221,0.006741841899658187,0.004957653670336964,0.0082899566889265
2022-12-20,-0.002551433743246637,-0.0029876468430075423,-0.00223989346140423,-0.003072067183138005,-0.0019081205394395
2022-12-21,-0.00824434374736794,-0.0046778481104946725,-0.009288354557941492,-0.006826644411458136,-0.0101277196435586
2022-12-22,-0.0023968714839135916,-0.0026153275799354783,-0.0030973934850751198,-0.0035295597333280184,-0.0039425027358517
2022-12-23,-0.016737909377700158,-0.013485394743453899,-0.018876359435418894,-0.01905445012422616,-0.0176831602541178
2022-12-26,0.012363460305439696,0.008276535777204466,0.019242765598084632,0.017078794056331083,0.0116696328935068
2022-12-27,0.004066113586330318,-0.00020662577582515626,0.003619633571850987,0.004566660428251081,0.0065336546149905
2022-12-28,-0.0011788568337163998,-0.0014015064654405425,-0.0018173934360660733,-0.0021139910296066435,-0.0005405150382313
2022-12-29,0.005293272894910674,0.0033186175789682174,0.008334615699595493,0.006723857411879668,0.0037798317009243
2022-12-30,-0.006666186016993365,-0.005615030413978812,-0.00689484363721724,-0.005281010934733103,-0.0047110779368918
2023-01-02,0.003714627990320216,0.0024829822530440366,0.0018297442711651898,0.0007381810708063046,0.0050895833553579
2023-01-03,0.0012934200643512333,0.0018959140866116565,0.0012484209557260433,0.0019051422526244507,0.0019289276248581
2023-01-04,-0.007934603810499416,-0.006665656074432796,-0.009086535496289645,-0.008537246390672508,-0.0103990694870288
2023-01-05,0.0010552377015674167,0.006602481519343775,0.006365217559851987,0.006435505805897376,-0.0028154392892826
2023-01-06,-0.007398803385387033,-0.007532017424464561,-0.00396655674148156,-0.004471459734222144,-0.0073755037054461
2023-01-09,0.015052507562642689,0.017132221573147848,0.011775046299067667,0.012453231475160134,0.0135362517084902
2023-01-10,-0.012341469524339347,-0.009672290599535444,-0.014641913285022075,-0.012320083305558054,-0.0103335047509585
2023-01-11,-0.0008778715910490421,-0.00375292084572226,0.0006495045337745012,0.002519531234667737,-0.0010299775022909
2023-01-12,-0.0004177937510494335,-0.0018127990978787142,-0.0012178725770389687,0.0011301410456390994,-0.0020954755408891
2023-01-13,0.006321734916986609,0.006003225888897249,0.0027054355860609784,0.002970648329040096,0.0055100959183882
2023-01-16,-0.001976912928236892,-0.0014585825524767958,0.0008374520925605751,-0.0002221149071817638,-0.0034388470725693
2023-01-17,0.010120507392170524,0.011539973060082072,-0.001191932333110979,0.003553936285763435,0.0088545685118242
2023-01-18,0.00726464019891925,0.006928084754387245,0.005919867111782212,0.0068044840720176665,0.00620655632356
2023-01-19,-0.002943922548819625,-0.005017793829490288,-0.0028619387861002384,-0.0029961657258901165,-0.003165367099256
2023-01-20,-0.0060194335347781005,-0.009746754221460777,-0.001242765654794968,-0.004488285830947369,-0.0044289753051891
2023-01-23,0.007929389649064882,0.011856083969781559,0.012458451892388379,0.01012963062533932,0.0050422760956287
2023-01-24,0.0023000890727478416,0.0034983294711845928,-0.00507151008878627,-0.004986587069796435,-1.3798013043020418e-05
2023-01-25,-0.008774268311821005,-0.001179958685535476,-0.013806675124669815,-0.01475224094992634,-0.0124929796250122
2023-01-27,-0.012532186511138924,-0.002237565823248125,-0.009693904713833848,-0.01570622792994905,-0.0160742469061787
2023-01-30,0.00017017058206474984,-0.0003989408451636051,-0.0013388126347246138,-0.0030565691931555288,0.0025334426073457
2023-01-31,0.002313744813964266,-0.0014938909704612213,0.009660953111160496,0.008637025316480822,0.0007479862801675
2023-02-01,0.0005971315478222829,0.0036292435638354517,-0.012665438337356075,-0.010439720102936246,-0.0025959245256645
2023-02-02,0.009625882182444376,0.0148844173217365,0.011412306346977387,0.008841237787320357,-0.0003349392530399
2023-02-03,0.013152630019832384,0.011232563362978443,0.018793774884691673,0.016945251067686226,0.0138355963078902
2023-02-06,-0.005090232202396842,-0.003651546469125463,0.0004671028943162459,-0.0019530381871477511,-0.0050101331608701
2023-02-07,-0.006097656731522375,-0.010646305676020335,-0.010923058600940986,-0.006772660473833182,-0.0024261514654264
2023-02-08,0.004634619257484466,0.005079430747687883,0.005200396387293741,0.0028290634106650663,0.0084755364246817
2023-02-09,0.000925261254091425,-0.001006197769075302,-0.0024617287023419574,-0.00038547774821647636,0.0012170079483646
2023-02-10,-0.0008491533475511082,-0.001965161156449867,0.00018482005213249668,0.0004913658676724149,-0.0020649578680046
2023-02-13,-0.003886745003567383,-0.0012700981854026439,-0.002988203040689064,-0.0037376588690451323,-0.0047937507000251
2023-02-14,0.008413918905545967,0.00840288825526163,0.008126315581091344,0.006395097716543954,0.0089443537049958
2023-02-15,0.0027782378141247835,0.000995791408979356,-0.0007725141081986165,-0.0004572483102807425,0.0047964707944361
2023-02-16,-0.0006917463905319332,-0.0005248816247048592,-0.0010195370346320148,-0.0013763529445254322,0.0011101336008929
2023-02-17,-0.004433496854149483,-0.006074528698754781,-0.006959965990845611,-0.005375963802889558,-0.0050815676893513
2023-02-20,-0.004335979188158758,-0.0023815037787970434,-0.002695311358185021,-0.0038949920417812004,-0.0055505184801407
2023-02-21,-0.0020262234020215083,-0.003613611971361975,-0.0059775239785935675,-0.0036175804818492662,-0.001003126492992
2023-02-22,-0.01102594823575295,-0.008010143263322719,-0.005621177575492436,-0.009203394674085534,-0.0152803631315826
2023-02-23,-0.0014019672232661916,0.0005335749488079374,0.00448797369509922,0.001355036201786741,-0.0024524349779846
2023-02-24,-0.0033735661699453067,-0.003594715102672461,-0.0036020028553636805,-0.0034315763225398134,-0.002595429723749
2023-02-27,-0.004692538276672266,-0.00801554880553145,-0.0008522660245403211,-0.00014104734442413883,-0.0041854114458053
2023-02-28,-0.007460553247732501,-0.008138962123282953,-0.010340107364552733,-0.008551971974557327,-0.0051027157362857
2023-03-01,0.00870465981779594,0.00775888984665118,0.011192862883197992,0.010644557161932015,0.008492348770636
2023-03-02,-0.008400509045035818,-0.008546330998008209,-0.00273727514310616,-0.0032489361952543253,-0.0073921687198044
2023-03-03,0.017609014388308624,0.01354783550454872,0.025815375519350665,0.024413654257595313,0.0157285986298278
2023-03-06,0.004853645678118067,0.005797394736828328,0.0017876977066685334,0.0014984653072337402,0.0066555236183669
2023-03-08,0.0029896122411962435,0.0018607339074219239,0.0029935037280816837,0.003640057822858904,0.0024250512391459
2023-03-09,-0.008516805923049256,-0.009265997516465223,-0.006517917978598703,-0.006394875271973606,-0.0092822498999752
2023-03-10,-0.0073312401076465585,-0.002011767082176165,-0.0060014489790851415,-0.008417516897001957,-0.010045664635585
2023-03-13,-0.013819938644630167,-0.009840644823453377,-0.014421593838415276,-0.015129962396019152,-0.0148510359316261
2023-03-14,-0.0036059607558320086,-0.005138861999671061,-0.003337164541507338,-0.002553482788106031,-0.0064706805258611
2023-03-15,-0.007298264808349458,-0.008989291219803927,-0.0069730252420783356,-0.006718680289452729,-0.0041746837386849
2023-03-16,0.0017994787190885328,0.0050150921989996974,0.00932064876899082,0.007366990576319543,0.0007924286811309
2023-03-17,0.0023276944675943837,-0.003092287795397519,-0.0021715708965372366,0.0019700549901669737,0.0067381296219788
2023-03-20,-0.003724370422762107,0.0027016990141261027,-0.0034565929570856053,-0.003814163148175932,-0.0065292432199922
2023-03-21,0.0028509828143193842,-0.003951177024480908,-0.0001408404611609939,0.002353606258356677,0.007010642946744
2023-03-22,0.0037977675095826496,0.0054135212365927455,0.0054899306487985996,0.00489179836678989,0.0025953757489405
2023-03-23,-0.0017230912771855332,0.0022994504400819793,-0.0008863084780469544,-0.00278398156979092,-0.0043726933046436
2023-03-24,-0.006753823857149708,-0.004319453803820748,-0.008451759958891344,-0.008942807010962716,-0.0077209333285906
2023-03-27,0.004301246072361833,0.005436543161682978,0.006703600573737312,0.005098400361351047,0.0023988383407489
2023-03-28,-0.0030451895976552667,-0.003213347864652261,-0.003218032270802727,-0.003588477062219728,-0.0020016838613549
2023-03-29,0.005696977060124391,0.007276963509364675,0.00929629698161007,0.00846191893698409,0.0076098565893214
2023-03-31,0.014546616423220773,0.010456475199363902,0.0031171376505227583,0.008624196954570002,0.0163371989446239
2023-04-03,0.0015157885281250332,-0.0019203466433596144,-0.0012857153305818661,0.0004897584514432397,0.0022062979737611
2023-04-05,0.011159609430684907,0.013384097481460284,0.011493058127472795,0.011439985584302677,0.0091389548173612
2023-04-06,0.002900684878164708,0.002099984686464403,0.00853074979554729,0.0057856308023365045,0.0023978747854371
2023-04-10,0.00040412228603240835,-0.0006612142253601442,0.00040063774384406465,0.0001851126897758392,0.001414863221935
2023-04-11,0.003906210382835441,0.003807172046969802,0.008656450658110498,0.006869937647207262,0.0055747683219642
2023-04-12,0.0019683318706144167,0.0012492290112178538,-0.002255100875861873,-0.0017699689739103948,0.0050839679614469
2023-04-13,-0.0028220722435180244,-0.0035364284443842897,-0.0011026302892500792,-0.0010999295144246543,0.0008757724412713
2023-04-17,-0.009392328078298741,-0.005251525921157056,0.005728371937716493,0.0022211516098272124,-0.0067955121508301
2023-04-18,-0.001118460094989633,-0.0016022117547663819,0.001872640844222368,0.0008170907011607612,-0.0026373533282438
2023-04-19,-0.004359600728206833,-0.004043887939967432,-0.005091822477391939,-0.004833598804711762,-0.0023442830162407
2023-04-20,0.0008937937275124663,-0.0016977540131598375,0.002311081123260635,0.0019326883371575067,0.0003234746363958
2023-04-21,7.691396936800126e-06,0.004730744014600195,0.003540240120046272,0.00021298460125436782,-2.260708945023282e-05
2023-04-24,0.0032059893513514503,-0.0005343031484813096,0.000995521290375478,-0.0005395145225841054,0.0067719737565652
2023-04-25,0.0030708567061985916,0.0007119937502954547,0.00444853647317732,0.004201981365284533,0.0014568576938982
2023-04-26,0.003693616095781917,0.003021675678234445,0.002623040003574192,0.0022270617556263647,0.0024958627615121
2023-04-27,0.004909571147417659,0.0024817298212737233,0.008845818023722436,0.007120273727429344,0.0056951528101938
2023-04-28,0.011257052369156048,0.009324736149320367,0.015722248512408665,0.013247875958073894,0.0083700136036979
2023-05-02,0.0022468358437921733,-0.001644658839686784,-0.004523020638703651,-0.00372858049832482,0.0045751669319125
2023-05-03,-0.003667719057340841,-0.0016447276118897436,-0.00422329564020336,-0.0023661828071158252,-0.0031850283648763
2023-05-04,0.007505993143325333,0.007609027447687427,0.0030515550300387463,0.004259803273654429,0.0091737176073036
2023-05-05,-0.0036030839190994094,-0.002302470695356195,0.0034462229589997373,0.0021234195001660497,-0.0102324068655403
2023-05-08,0.006698258444917499,0.005400359923575359,0.00108693926404697,0.0040167414954481225,0.0108141231183243
2023-05-09,-0.0015715567452989077,-0.0016378042348434198,-0.007221881613819541,-0.00659450838585666,8.480038171931881e-05
2023-05-10,0.00116101590027735,0.0020406611524657987,-0.00027042661598142563,0.0010820421855885548,0.0026908205008338
2023-05-11,-0.002896822947726916,0.0032232143771974476,-0.009399608524534024,-0.002194959023579244,-0.0009882342854272
2023-05-12,0.0015002050596215084,0.002195866614317156,-0.0016752919762257337,0.0007976229556819428,0.0009728797753729
2023-05-15,0.004800349230598325,0.00439928730172885,0.007111011726539943,0.006773100007209373,0.0045891205221868
2023-05-16,-0.004858020150629933,-0.005991117140585693,-0.008547399556959892,-0.0077227954252449185,-0.0061063388070606
2023-05-17,-0.0034585444322986665,-0.0030287481765671363,0.00011100929520750153,0.0008232381693100272,-0.0057282694884204
2023-05-18,-0.005429035779269875,-0.005964562627356442,-0.008726160035478776,-0.0073594089835373674,-0.0028490536527011
2023-05-19,0.004674138880839433,0.003367589979510988,0.0007946467986213327,0.0024598439580258095,0.0040513721791914
2023-05-22,0.006606895570858658,0.007559492894543442,0.008287577153076094,0.006649137376627524,0.0060977618257063
2023-05-23,0.00064952069504995,1.8438018791109892e-05,0.00040284509822992374,0.0016699778646128637,0.0018346005688616
2023-05-24,0.00010909460865779988,0.003626530302506373,0.007376596835488886,0.006847631031051719,-0.0034117947119577
2023-05-25,0.002849954968666083,0.002204249281220507,0.0065611270429348795,0.007253156475939488,0.0019551116867164
2023-05-26,0.011495020736825156,0.013485923025904673,0.011724842875962968,0.010768147117452338,0.0097264208278746
2023-05-29,0.0029546289479325497,0.0021324827429887385,0.004273210233844405,0.003921763103480366,0.0053677985089635
2023-05-30,0.0014916776435332083,0.0027722196638674365,0.003402421407284225,0.004900880465380598,0.0018925684396833
2023-05-31,-0.0005338328882092257,0.0015046678805279805,0.004836696984267887,0.006197054186365256,-0.0053370195013254
2023-06-01,-0.0018609573230561917,-3.170164046669387e-05,-0.0037617252818679544,-0.005216000494522359,-0.0025169624936233
2023-06-02,0.005582284966981133,0.005839670703298443,0.009441066921841483,0.00888996383702632,0.0025070443604549
2023-06-05,0.0028494941434290583,-3.697315752415005e-05,0.004096050462308507,0.0012904778482076952,0.0032237875731377
2023-06-06,-0.002053588497031574,-0.00128363654347926,0.002355309047418871,0.0012459418532311784,0.0002769943144211
2023-06-07,0.006863819956939166,0.006463946716500721,0.005090890849443446,0.005170421350686045,0.0068498516385289
2023-06-08,-0.005496280894770216,-0.01024734170085598,-0.008455354010703553,-0.009641645036079257,-0.0049048192636628
2023-06-09,-0.005820036815343492,-0.007119480478014709,-0.0033185042661766123,-0.006056669109399845,-0.0038181972541345
2023-06-12,0.0009345807669271966,0.0014708776638812464,-0.002025756758783648,-0.00032212924356227483,0.0020524046550352
2023-06-13,0.0053606815791079915,0.006428639569622918,0.008193196092714046,0.007459894961142974,0.0061635024393194
2023-06-14,0.00046922489305923314,0.0011483707023135475,-0.00214969402942034,-0.0017954764962171054,0.0021238341844009
2023-06-15,-0.0032928450288562997,-0.00034977049705516375,0.0011735846018092473,0.000966478402761856,-0.0036149041015322
2023-06-16,0.005647177043067949,0.004866971794930675,0.006974340623315992,0.007385127229080043,0.007379048352023
2023-06-19,-0.00201169240999425,0.0003337103287579781,0.0006346622812439916,-0.0008840575979777567,-0.0037475183921172
2023-06-20,0.0007357761757903582,-0.0009960515779056974,-0.0018872627924484688,-0.0019099315219685683,0.0032657175674986
2023-06-21,0.0017008012501173709,0.0012909950565959394,-0.002412193131389405,-0.0022872138828407785,0.002133763746672
2023-06-22,-0.002492265968013183,-0.0027362876118254883,0.0016245672605977736,-0.0002688670887611681,-0.0045394438174043
2023-06-23,-0.005020806160169616,-0.002826399264742632,-0.002848071730441735,-0.0017869644493540614,-0.0056336152360657
2023-06-26,0.0007296957610236503,0.0005192485668639561,0.0013292021164811377,0.0023182533496225208,0.0013768299134766
2023-06-27,0.006105754396781474,0.004060590591838943,0.005418612718079885,0.0053513664138775206,0.0067519034171119
2023-06-28,0.009387674676274731,0.009589354842417882,0.01214053011421826,0.01059428164735008,0.0082210728123248
2023-06-30,0.015131157070557798,0.015539454562763063,0.014128911303010956,0.013107381487223457,0.0114352747635688
2023-07-03,0.0044044708054157165,0.0029036020708616593,0.0029156185755430768,0.00468045471557662,0.0069570924336936
2023-07-04,0.0024673419690569498,0.0035954350459252173,0.006271853358245335,0.0038003634308649815,0.0034389465191355
2023-07-05,0.005381013071461124,0.007237027581869725,0.006979558247911692,0.00936965853109783,0.0004899685388621
2023-07-06,0.0015197848117282503,0.0002257273084407402,0.000307986395948186,-0.0009215654974486929,0.0050932175812563
2023-07-07,-0.007162726273915183,-0.007626535719073019,-0.0093537079593309,-0.008058507492912696,-0.0084883544577184
2023-07-10,0.0006654291530020248,-0.0015725636796518636,0.0021256995590866394,0.0011293735230058697,0.0012466303397029
2023-07-11,0.00844980608881665,0.010983539907337126,0.014707376551229164,0.013374503025063746,0.0043139300324381
2023-07-12,-0.0032675481837033333,-0.002032651595559272,-0.00014528083745370346,-0.0008241117071854686,-0.0028344294714754
2023-07-13,0.001108194563480667,0.0006751623489641732,-0.0005851155727466528,-0.0014912668632493344,0.0015192303855748
2023-07-14,0.009517489911978566,0.010021467793172619,0.001816990721389998,0.003025937762716636,0.0077651149314275
2023-07-17,0.006111774527653391,0.0027472485413995787,0.002046596405840174,0.0017815588794331293,0.0075110132510414
2023-07-18,0.00218333643013085,-0.0004803241489346777,-0.0023884597027546937,-0.001644822489596353,0.0019177068530324
2023-07-19,0.003093016912672583,0.0023694836203012022,0.009186447303860423,0.006164210619249242,0.0042482823714824
2023-07-20,0.008933901693856874,0.012295517877284314,0.017201348755435112,0.017651338991175564,0.0073614124394989
2023-07-21,-0.011544570279608483,-0.014317825548648782,0.005303581987375785,-0.004086929413945435,-0.011719737128305
2023-07-24,-0.004244815277291842,-0.006887213407384728,-0.009861050393939422,-0.010916306604539674,-0.0036794322929856
2023-07-25,-0.0037143516751416998,-0.003420443261015824,-0.010407176771569058,-0.0088863650676021,0.0004193703428323
2023-07-26,0.009469122233030558,0.007934047380916067,0.017101044542841986,0.014761711949020428,0.0049643391875346
2023-07-27,-0.0005218931137415334,-0.0003322511752112207,0.0016341714359025448,0.0002994721545966148,-0.0059863783008722
2023-07-28,-0.001405727891594807,0.0001541177052756093,0.0037449100285963303,0.0021416503181255564,-0.0007044597937843
2023-07-31,0.005329226281517675,0.0027772331623426055,0.000412310837655611,0.0017282401372703878,0.0054845628365591
2023-08-01,-0.002375086682041932,-0.0005650269220472998,-0.0015493538295019513,-0.002506910246651196,-0.0010251191770254
2023-08-02,-0.008349143473370181,-0.006367726474220898,-0.00931837656456228,-0.009464013238609473,-0.0104897492749598
2023-08-03,-0.0068715896311423415,-0.006740497754666384,-0.006854045081130911,-0.005700132648374411,-0.0074206854169113
2023-08-04,0.0037879096952712077,0.0049680913159267865,0.005202226998708046,0.00310264117822036,0.0069833892701145
2023-08-07,0.005218218555984626,0.007457071343682997,0.0059761451551507295,0.005187432323709993,0.0041144018676027
2023-08-08,-0.0018950315167623583,-0.003912921940987934,-0.005124348256094734,-0.0044793128749905245,-0.0013497354646058
2023-08-09,0.001579197242656025,0.001262001006489803,0.005999280341699347,0.004613334907885626,0.0031527078847637
2023-08-10,-0.0055386126275177834,-0.007104210835385935,-0.008399041689667314,-0.007925830223205949,-0.0045562684580157
2023-08-11,-0.0058325767309457665,-0.007268925523551686,-0.007306671331696014,-0.006149639810955196,-0.0058741361615907
2023-08-14,0.0018632429642553917,0.0025143795765750552,0.0020991342719534675,0.0007473312955559973,0.0003216956578122
2023-08-16,0.004206013599822284,0.002343395688791519,0.0020852620220300788,0.0030223640981255386,0.0015667570139761
2023-08-17,-0.00558121692653525,-0.00643683823019834,-0.008969467082545505,-0.008346578556646913,-0.0051245825841254
2023-08-18,-0.002582113875217808,-0.0029625916438239712,-0.002460129562822741,-0.0012123236489205605,-0.0028452826260957
2023-08-21,0.004714616007598508,0.006052537542468488,0.00993861355926297,0.008331293297475662,0.0043215209131937
2023-08-22,0.0011445810540616835,0.002038114445668949,0.006244511035269291,0.005990526901465876,0.0001469355577301
2023-08-23,0.00329381633977565,-0.0007799259059094805,-0.003172352849176974,-0.0025682236907785187,0.0024515199000461
2023-08-24,-0.002026253149378737,-0.0018614365330642914,-0.0021284742519712832,-0.002061472976107283,-0.0029469646806212
2023-08-25,-0.0071808947064435176,-0.006836416839064041,-0.009614511554389046,-0.009488682731301684,-0.0062361537740819
2023-08-28,0.00255983180441,0.0012119673635542312,0.003925347026684225,0.002823111680429914,0.0020891942389009
2023-08-29,-0.0020803257208664833,-0.004526840651003107,-0.004096127544796924,-0.0038841846783947208,0.001895758474361
2023-08-30,0.0012754674109108997,0.0024782546944471543,0.0014469385485382496,0.003489424932932464,0.0002480956863764
2023-08-31,-0.0027630619161033675,-0.003974048003230633,-0.0034934027002300706,-0.0022131027056059636,-0.0048403506033882
2023-09-01,0.007184932671384816,0.005425186283975679,0.003575983008410784,0.006349445083033722,0.0094267101889176
2023-09-04,0.0030865893293058775,0.0007900436013790986,-0.00216881994270113,-0.0010362957537405006,0.0048108337016425
2023-09-05,0.003614858431418017,0.005466230314738156,0.010285172307449958,0.0077918973545972325,0.0023605960187407
2023-09-06,0.002663313510833,0.00551395086028165,0.006780594086585321,0.006321915510271857,0.0018467726478093
2023-09-07,0.005257141294164549,0.000434410871849347,0.004129129608515438,0.0028241078019733954,0.0059150323607803
2023-09-08,0.004580043074450558,0.0016276166586995978,0.0033658798799807033,0.002772560123689486,0.004709190366575
2023-09-11,0.008453339211710157,0.008812894975305144,0.00591064680159175,0.008021093652270274,0.0089001434200508
2023-09-12,0.004696677193311508,0.004890016191874038,0.00858998867976326,0.005644451838223001,-0.0001575482868895
2023-09-13,0.0033726556362190575,0.004322659756622553,0.005230226711396982,0.005753779046163674,0.0038413452699443
2023-09-14,-0.0004997966264134666,-0.0025602324708825725,-0.00294204490459313,-0.002497839576330661,0.0016492082399102
2023-09-15,0.003916389715350317,0.00401055549091953,0.004427396015756645,0.00415359710839236,0.0044396138771742
2023-09-18,-0.0026971022094261585,-0.0016018397251721282,-0.0007306975137574336,-0.0007444807453498781,-0.0029243168460981
2023-09-20,-0.009204701301061711,-0.00724213978669334,-0.0022795678155749146,-0.004568183868653061,-0.011518249945432
2023-09-21,-0.0060002222495962,-0.00576023134437037,-0.006150572147278304,-0.00531240114917481,-0.0079919391664983
2023-09-22,-0.0003954430968710004,-0.0033652304393497557,-0.007018319173237035,-0.0032867373242824825,-0.0034494176591149
2023-09-25,-0.0033735181772841833,-0.0024132288558547273,-0.0024648971231270773,-0.002646031190751812,1.5288066889551644e-05
2023-09-26,-0.00028616930160849986,0.0006526034306551215,0.00043213592613622353,0.00047443796326152607,-0.0005007261720755
2023-09-27,0.005899103625498884,0.0072460014279177665,0.011386039345006227,0.01107691573508855,0.0026316191986632
2023-09-28,-0.006841948958663717,-0.009247473123607661,-0.0035808489323024897,-0.006443499928646358,-0.0097836296667737
2023-09-29,0.005751553593252391,0.006597149488179121,0.00992219109939886,0.008494953284181804,0.0058775169171687
2023-10-03,-0.00558368880708935,-0.008380375891698308,-0.0054066384652383705,-0.00702697215735816,-0.0055784246544688
2023-10-04,-0.004745949511385258,-0.0018499529454480673,-0.0100242362127538,-0.009372968564254524,-0.0047443072713306
2023-10-05,0.0074456668545543545,0.004684775008058933,0.005026050224319716,0.00452600822854013,0.0056415841052857
2023-10-06,0.0038870095927415584,0.003923163325166783,0.005731859098580102,0.0060583301750926286,0.0055127073660514
2023-10-09,-0.004682746445062816,-0.0023322001496593804,-0.0041517570988093685,-0.004248476076485328,-0.0071819467588469
2023-10-10,0.008193900900695657,0.007031216946419282,0.009773366108193323,0.009889297271147368,0.0090968029762401
2023-10-11,0.004851567055595408,0.006114966779096147,0.005408883509587324,0.005660641673033373,0.0061706921287072
2023-10-12,-0.001379629131609125,-0.0003702448187276765,0.0007121754199906884,0.0014762894754407438,-0.0008757409120068
2023-10-13,-0.0009400570907295548,0.003661745513346789,0.0023464187010327365,0.0020105285581086137,-0.002169809980297
2023-10-16,-0.0029941077669910668,-0.005122513615636134,-0.0024423690618869715,-0.0027131510740221023,-0.0009772027556287
2023-10-17,0.002349665697507358,0.002851779839655138,0.0030676373724244565,0.003942843643800899,0.0040417094276989
2023-10-18,-0.003993887544420541,-0.0020206492197203576,-0.0002742295982408347,-0.0004865185889140249,-0.0070868127413371
2023-10-19,-0.004611047773736377,-0.005470898178587567,-0.005629775782157586,-0.005064819216420128,-0.0023588102112444
2023-10-20,-0.00592976916561415,-0.0056151200802135705,-0.010155732552771577,-0.010090579644724103,-0.0041808960845935
2023-10-23,-0.012706884225284456,-0.011662915034936586,-0.01020062856392119,-0.01118463297858004,-0.0133503074255556
2023-10-25,-0.006569238974757049,-0.0068053441413156975,-0.00890378194682912,-0.008595001857553129,-0.008277236732921
2023-10-26,-0.012275871928398982,-0.010978977432265082,-0.010647559930306551,-0.010116876206573535,-0.0138530649123475
2023-10-27,0.009628879096602209,0.005595820696907123,0.0072888319534944795,0.006582149245707919,0.0100757003274603
2023-10-30,0.004850239546093942,0.004096946708120022,0.0010383704069201359,0.0023500824181557235,0.0049167407696648
2023-10-31,-0.006188737681815899,-0.008480832618796588,-0.006850536785746356,-0.006803472063621665,-0.0032026069828995
2023-11-01,-0.002276219625523833,0.0007799560300601547,-0.001246196842887556,-0.0005021646563826079,-0.0047406245729368
2023-11-02,0.009217178011749224,0.009929617936357283,0.009227383411818094,0.009485336733514657,0.0075885232572669
2023-11-03,0.005405284328743241,0.005223762948319755,0.0027225109904279346,0.0033111966123122198,0.0050879808383312
2023-11-06,0.006697785986852392,0.006098828220800382,0.010679660848835036,0.010238207557989832,0.0094199033989916
2023-11-07,3.4362972111091765e-05,0.0010919123440715022,-0.0008768825453562462,-0.00013489340593686802,-0.0002601919584787
2023-11-08,0.0026601148209882417,0.003812992231591817,0.007896339052224189,0.007313051204265059,0.0018962926582819
2023-11-09,-0.004086391866219882,-0.005280312758894927,0.0011390818721582275,-0.0008818854040575906,-0.002478937369815
2023-11-10,0.0014401723224111251,0.001980844873298352,0.0031058268966345087,0.0027704609919332337,0.0015492839458333
2023-11-13,-7.002596526984998e-05,-0.0013937934018913866,0.0009273881751168349,0.0005684284623975385,0.0009369804014345
2023-11-15,0.011397189890519615,0.010576564851415506,0.00888405669596099,0.009482187009654044,0.0119267535086042
2023-11-16,0.004193880932124827,0.004476911329470601,-0.0021993175630169305,0.00021363742692525047,0.0045615222809993
2023-11-17,-0.0015961923248510993,0.001982165112052211,0.0068122871256163665,0.0061522981965009185,-0.0016897597201204
2023-11-20,-0.00041764912758043317,-6.0978075539361826e-05,-0.0020996072016316253,-0.002910359132088741,-0.0019157289123818
2023-11-21,0.0027512478886328657,0.003942604670537888,0.001159132583608644,0.0011000114369398436,0.004539473475424
2023-11-22,0.0020982718179561664,0.002465966189114887,0.002923185532931549,0.0037083249682680667,0.0014380348265852
2023-11-23,-0.0008529705157005002,-0.00027691920846024596,-0.0029321737590703926,-0.003453289047655887,-0.0004971574875239
2023-11-24,-0.001441559714822925,-0.003004399639907665,-0.001563734474329918,-0.0025690024532381227,-0.0003686890844358
2023-11-28,0.0008501727593370666,0.00026761317293573397,-0.0008848811734001433,-0.0012734634091056023,0.0047992646389904
2023-11-29,0.009699486670304017,0.009611737223119712,0.008205351686118396,0.00869306790870474,0.0104023891135545
2023-11-30,0.0017502141959892335,0.005401654010902864,0.00743809118568802,0.0061595516995723906,0.0018187545137213
2023-12-01,0.00853956617083539,0.008439198913862382,0.01802162720250583,0.017853473582466927,0.0066929416105065
2023-12-04,0.018616942077687534,0.013049224524249378,0.01702368289956721,0.01693509045477006,0.0206681690037693
2023-12-05,0.004737758553471534,0.0023196291517296893,0.000714815817885888,0.0005323365300692875,0.0081355657602475
2023-12-06,0.006039496989417884,0.0053388939461217035,0.012912166585054874,0.014172794928011443,0.0039606432442005
2023-12-07,-0.005069067297917276,-0.007370345374496135,-0.009305120820503613,-0.008699125400262919,-0.001745599062397
2023-12-08,0.0023987506931998663,-0.0008708897307894922,-0.004949624377125769,-0.0034344773027058864,0.0032653705047074
2023-12-11,0.0007665032180442831,0.0015546308488094604,0.0029701264460505594,0.003355567957959197,0.0013209351833629
2023-12-12,-0.0070416230481093085,-0.0054463785909215495,-0.00916752121464895,-0.007137202143432277,-0.0043196070141755
2023-12-13,0.0016709920387015164,0.0013248664408289541,0.009894560340310079,0.007509447164905761,0.0009542158562574
2023-12-14,0.010759503262827125,0.007815396949906638,0.00612700253683118,0.007869394885406887,0.0122500872899569
2023-12-15,0.01356999104591579,0.007216551183364612,0.0018045254590473973,0.007440311834346984,0.0129327792008919
2023-12-18,-0.0006911629276740918,0.00010276802127058688,-0.001755427923810724,-0.001535343732699949,-0.0017710126840955
2023-12-19,0.0006917356673223083,-0.0009129778029204117,0.0014869751838949596,0.0014220005068530707,0.0016083748565725
2023-12-20,-0.012367940409001734,-0.009513419303074458,-0.015745188540282458,-0.014404052943922746,-0.0141214660942333
2023-12-21,0.0037244563676191505,0.002425234472923434,0.001184074581917155,0.0015992640918283034,0.0049597940765233
2023-12-22,0.005928023745762166,0.007015585132056758,0.012174695406484637,0.01049881281053035,0.0044389265566107
2023-12-26,0.0019842289805348666,0.002890653942878834,0.004307658099933846,0.0029066918659107657,0.0043068759341071
2023-12-27,0.009301424928410034,0.007717953925449467,0.008797260850753422,0.008432947155727824,0.0099527499207277
2023-12-28,0.004137832160436366,0.006972151925217012,0.005565809628737741,0.005192578875132951,0.0057238813077962
2023-12-29,-0.003133123809544125,-0.0008490044284753068,-0.001272219193372117,-0.0013252962043474004,-0.0021717930740454
2024-01-01,-0.0002592345834257332,-0.0008972153990503184,0.0012210524912075634,0.002203857574757425,0.0004831718072126
2024-01-02,-0.003003512998400033,0.001870512277639887,-0.0010009898292632257,-0.0014097168395708697,-0.003500136051024
2024-01-03,-0.004623099809688441,-0.0016868501950312571,0.005527770263801831,0.0032633457621524184,-0.0068518663756694
2024-01-04,0.003479135787221417,0.002610659404835535,0.0039261021288252256,0.0033789933794982257,0.0065644701863494
2024-01-05,0.004166524833908399,0.0022983446478954186,0.0022145251719363148,0.003705390453127839,0.0024101822286055
2024-01-08,-0.009730163831290257,-0.008397783262104715,-0.006879773736713786,-0.00826664079937708,-0.009110708685643
2024-01-09,0.003599075969860658,0.004865219178316638,0.009193976974862527,0.007880574982641386,0.0014804820050666
2024-01-10,0.0024302777017878416,0.002315720996656626,-0.0019279129310507666,-0.001095528013546362,0.0034277152411805
2024-01-11,-0.0023554293742310654,-0.0024585785318686623,-0.00489475541809722,-0.005147455273274046,0.0013183031833516
2024-01-12,0.01680511324181891,0.011481047085393258,0.010598289117248482,0.01377740569651495,0.0114264926377058
2024-01-15,0.010653709164712333,0.009609684940946526,0.0033386478601395795,0.0029633547319448898,0.0092670746948486
2024-01-16,-0.0025442744363133327,-0.0030072744713516425,0.0037914234104867092,0.001782481913468395,-0.0029482333845447
2024-01-17,-0.01462895365015925,-0.013474750201961984,-0.008281948143166148,-0.007663310708377748,-0.0208943935120824
2024-01-18,0.00015658641229232483,0.0024304846381762602,0.00498975290350071,0.005978483051667346,-0.0050852715087356
2024-01-19,0.009057858790545667,0.011484733267832769,0.013916584422019247,0.012417959105420767,0.0074619571864553
2024-01-23,-0.014845842810644922,-0.008990182623178635,-0.008080800460424946,-0.011446424944286158,-0.0177408429427344
2024-01-24,0.010963148292614418,0.009366444868489636,0.01146926469490105,0.009781078432477205,0.0101299710711508
2024-01-25,-0.007050998251126784,-0.010216370363598688,-0.010821049418958163,-0.009536491096073156,-0.0047240537554001
2024-01-29,0.013255652372324017,0.007554919494030498,0.009802658944997785,0.011933166700833633,0.0180305914522447
2024-01-30,-0.0083223889927378,-0.010385520830592918,-0.018453857120295115,-0.018003154476684335,-0.0099136981024832
2024-01-31,0.009336240160761814,0.015039934882990135,0.004402840742912036,0.006921392823155178,0.0094600254190029
2024-02-01,0.001261075348714731,0.001018256323135319,-0.009776543720431468,-0.006355375740665066,-0.0013003033741542
2024-02-02,0.003930438420725583,0.0028170004409475463,-0.0017426200847209007,-0.000297258102076881,0.0072059881750932
2024-02-05,-0.006256076181943192,-0.0017514040730061543,-0.0016498688857777754,-0.00033818837335026635,-0.0037568550808078
2024-02-06,0.012520344716325831,0.009353961420411876,0.006860558204709577,0.006318874196500135,0.0072434021015312
2024-02-07,0.0013355146860361835,0.0015469573009776084,0.0022442042898069476,0.0031044840648073333,5.014315737827957e-05
2024-02-08,-0.0043780858235630245,-0.007560544879841925,-0.009343582164313753,-0.009226829378263123,-0.0096920171108729
2024-02-09,0.005299789483092453,0.006505917394347336,0.0036992849064914402,0.006119499877188638,0.0029722318898448
2024-02-12,-0.008208487901260431,-0.008437883396392391,-0.008255462593630207,-0.008600143302052032,-0.0076414194307357
2024-02-13,0.006280551047815701,0.0055942595564329725,0.0025754780978183844,0.003616766770415811,0.0058844800115076
2024-02-14,0.0030739687542889,-0.0005750468070140599,-0.0014412277110362208,9.699142191658218e-05,0.0044519922849619
2024-02-15,0.0005238669358397164,-0.005190771524191718,-0.007071329865215995,-0.00632455675387742,0.0032371361888359
2024-02-16,0.0066424510431858565,0.004656000264667536,0.006157591390156099,0.005796791003502002,0.0059308430222606
2024-02-19,0.005924887082593791,0.010116825148738242,0.008188214533048334,0.008004806213044632,0.0037000088082788
2024-02-20,0.0010158052906518414,-0.0001434121263598354,0.0006304334013359775,0.0005937693811355377,0.003376655573009
2024-02-21,-0.003688193456288908,-0.002302497227205245,-0.005925738392193505,-0.0050336281089478395,-0.00639270001033
2024-02-22,0.00841028733345605,0.010655433948087042,0.014469831918367947,0.014359668749392308,0.0073633218581414
2024-02-23,-0.0022881773940156168,-0.003467179302198023,-0.0019167382597372147,-0.0016898889087198644,-0.0002137959201901
2024-02-26,-0.002663274472538008,-0.005674682034427752,2.4844203379829845e-05,-0.00044274503914947596,-0.0040809285088362
2024-02-27,0.005827120684399416,0.010090998942573218,0.011503807119380195,0.009924888070657665,0.0034489943486464
2024-02-28,-0.0073264714399328594,-0.005873938454618403,-0.005617910302664121,-0.007095199698783663,-0.0111359278099485
2024-02-29,0.0009787754438696167,-0.0006739177386579392,-0.0013281694103465013,-0.0004375709288058351,0.0014418556686905
2024-03-01,0.013701165877914584,0.006926480617947423,0.010079828568487647,0.010799219221063378,0.0161921687000685
2024-03-04,0.0009147422959612833,0.000346347268576262,5.267534035432145e-05,6.345689224339909e-05,0.0029925402887358
2024-03-05,0.00031623743655765854,0.002696630001392065,0.006371426744917278,0.0044270873973317176,-0.0022002905070378
2024-03-06,0.00627269085452386,0.009206223301934793,0.012632426569069866,0.010807627432368952,0.0052669715420341
2024-03-07,0.0021722793501259417,0.0038991024486039264,0.007645744015272926,0.005997953749036816,0.000867667346212
2024-03-11,-0.008868543444814149,-0.007076332682678597,-0.007746950045618989,-0.008276487708935258,-0.0071531788017711
2024-03-12,0.0017930440486018662,0.0008301016061876922,-0.004966871779836104,-0.004247198490700088,0.000136518866846
2024-03-13,-0.009326029666175191,-0.003911423343882673,-0.0023087175469710384,-0.0015713048506337222,-0.0151327252704165
2024-03-14,0.006752104550210899,0.0056635727064197625,0.009042143464708373,0.006960734953865929,0.0067712159528048
2024-03-15,-0.003818316374996516,-0.0005119224638588021,-0.003931368760630441,-0.005139574795479768,-0.0055674686273187
2024-03-18,-8.278320641645898e-05,0.0010791141620484677,0.005213778657699925,0.00506909358439412,0.0014688778023679
2024-03-19,-0.012342720503620702,-0.012941558929230032,-0.012694465572507344,-0.01293283287283204,-0.0108021966402886
2024-03-20,0.0043020690707779915,0.0041083842766679425,0.005761373191566686,0.006429698238954431,0.0009923428906801
2024-03-21,0.0042061273936847415,0.003654447840039357,0.007984312916087019,0.008175869409799941,0.0079146856998078
2024-03-22,0.006941587470739016,0.012684713560545832,0.018928290572917932,0.01763051436064843,0.0038524885010076
2024-03-26,-0.006920982677012659,-0.007994417106402859,-0.003242705222328915,-0.0035779043126707125,-0.0041658063402989
2024-03-27,0.00559216247256021,0.00436748109944259,0.00548735630081768,0.0060954698525594484,0.0054057167831516
2024-03-28,0.008478538790839025,0.006353897102239277,0.007047546046457247,0.007020581341480461,0.0091870010785439
2024-04-01,0.004702100808831234,0.0025495092236417077,0.0026557454797546186,0.0030720520856344488,0.0060509791780918
2024-04-02,-0.003138156558317033,-0.004648949726268199,-0.005091355546372703,-0.004367316859599486,-0.0003872860275131
2024-04-03,-0.0005068076310607331,0.0008788516292486898,0.0007843105179234112,-0.0004156455206942622,-0.0008306302403686
2024-04-04,0.0019133177036408915,0.0008541701953961966,-0.004193558591699964,-0.00265029942243532,0.0035659124883635
2024-04-05,-0.0017149698084255834,-0.0013053892361957833,-0.004270002046181945,-0.0029292602093040796,-4.224679746289706e-05
2024-04-08,0.006987240344665333,0.004489323097552896,0.005802134765745157,0.005899895109795544,0.0067781647528144
2024-04-09,-0.000512818146432975,-0.00033447609406913643,-0.0027969265319624705,-0.0025881193425610076,-0.0010390218270411
2024-04-10,0.00524083657166115,0.007549205734678916,0.010261555893810117,0.009086214618131097,0.0049044741142307
2024-04-12,-0.01457783864272274,-0.015810296285355716,-0.020360764585471012,-0.020600839664928084,-0.0103015928142499
2024-04-15,-0.00959248507896844,-0.007802465773251558,-0.007785042916139971,-0.007669544364481478,-0.010963897188301
2024-04-16,-0.0056038891596656,-0.0021557732992917773,-0.005346692415211614,-0.0047426582785198585,-0.005594325260972
2024-04-18,-0.0023532479375002165,-0.0034306819692017185,0.0004676579975176367,-0.0028707017206720423,-0.0068652458503182
2024-04-19,0.007670840485521382,0.009793757056076258,0.007248200727618752,0.007412926268985496,0.0068717686886063
2024-04-22,0.009570907842640109,0.00699263381010055,0.010733023173603588,0.010249625152038162,0.0085519659829773
2024-04-23,0.0031422954761679326,0.0012397279710971256,0.0003471201321963067,-0.0018249534127591038,0.0014147135985376
2024-04-24,-0.0016226533360091918,-0.0018226901154027037,0.0005481661448510963,0.00026376040684144306,0.0015379287654238
2024-04-25,0.0099104457636684,0.00960794214711985,0.013652142377555845,0.014282528883828697,0.0074969296067168
2024-04-26,-0.007088982361816716,-0.005338128154920948,-0.00556668782675884,-0.005504714264368719,-0.0066636269808832
2024-04-29,0.011291721733414284,0.009287992330162757,0.0042510533519037755,0.005731943549054063,0.0099666225688024
2024-04-30,-0.005120799060446659,-0.006322974012200097,-0.009210602063076612,-0.008229688669004172,-0.0017025173156396
2024-05-02,0.0011177350292058833,0.002376954748087717,0.0026856148981618012,0.003424493575193549,0.001917712797214
2024-05-03,-0.009837507834522474,-0.008852572278899972,-0.01610747945359352,-0.012305410346872984,-0.0076098592965534
2024-05-06,0.0008236687148642914,0.005921352891618389,-0.0016372994729293906,-0.0019858555164586848,-0.0014749338156797
2024-05-07,0.0021827617595624083,0.005147505426618315,-0.0017058676460597112,-0.0017714144701207642,-0.006246985595782
2024-05-08,0.0010906613616897419,-0.0012887927600327654,0.00782303373430388,0.005847122480113621,0.0
2024-05-09,-0.01386090941330104,-0.015410744861061934,-0.027683301091286184,-0.02111692538185361,-0.0154691178119045
2024-05-10,0.005300285481498617,0.009480976855383882,0.01129785426693768,0.009631864258395685,0.004449469144939
2024-05-13,0.0019936807468478,0.003513830022914549,0.0004196366806057843,0.0011204292203054968,0.0022149680905385
2024-05-14,0.004146706113941159,0.0007363186284010838,0.00891668116257039,0.006775454965977423,0.0051483245877055
2024-05-15,-0.0018516454319199584,-0.0034431091758055222,0.0026155773970443796,0.00053512369563528,-0.0007786004689536
2024-05-16,0.008044878888286724,0.008453410430290853,0.008384132007592323,0.004934453576196997,0.0091573776762647
2024-05-17,-1.5344810029558275e-05,-0.0001891390892281306,0.00302326991837667,0.003397284091984412,0.002778540343975
2024-05-21,-0.0020326097555118917,-0.002775299606406582,-0.0018185940132001354,-0.0020151717612357433,0.0028020516676037
2024-05-22,0.006362586944303408,0.005119952642067443,0.005058285540511978,0.004204752291415916,0.00305161547495
2024-05-23,0.014545241736719415,0.008317877580193986,0.012836711403987141,0.012487932070158332,0.016366619608483
2024-05-24,-0.0005145420282733588,-0.0016033190604942936,0.0016672653751514295,-0.00035598343303382417,-0.0004593757337192
2024-05-27,-0.0013202660372237415,-0.004280999410613234,-0.004653111110632164,-0.004489738714050117,-0.0010737589261899
2024-05-28,-0.002654129361457442,-0.002808196143846703,-0.003962262067351478,-0.003707858272212742,-0.0019317094176221
2024-05-29,-0.006456149957422034,-0.003374945122788659,0.001496124840677449,-0.0016460731845179405,-0.008015115627261
2024-05-30,-0.006685394305678478,-0.007870850580985455,-0.00809640290864323,-0.007090109138152663,-0.0095155996581792
2024-05-31,0.00020956656867532493,-0.0016097404972870294,0.0010151016449054127,0.000810157821034122,0.0018697799732139
2024-06-03,0.02612807809667764,0.01327421274455842,0.021669647729743797,0.023859794208823344,0.0325423176953527
2024-06-04,-0.04563297589727875,-0.025310034707200932,-0.05648405293554688,-0.054268272774947085,-0.0592935994164107
2024-06-05,0.0277719600743012,0.03391455717188293,0.02672084059103312,0.028294772176215337,0.0336242367600356
2024-06-06,0.011417869384349306,0.004749383621936238,0.012641842539358943,0.011346408078988375,0.0088880492442378
2024-06-07,0.018984189122886005,0.017059871362690677,0.01915332483783438,0.016920340827000658,0.0205399314668071
2024-06-10,-0.0035868420083539666,-0.0026042835138457114,-0.0005328505153972589,-0.0009927410470088442,-0.0013289382574128
2024-06-11,-0.0005033230047663164,-0.0029586260810848326,0.0019442461985921535,0.0006477156958405654,0.0002429314342191
2024-06-12,0.0009513900924590083,0.0005513129187068602,0.004014240999738584,0.0026673734300329873,0.0024973129141392
2024-06-13,0.0009364236197971585,-0.00274255714450967,0.0025570985728439514,0.0007227254612439575,0.003256499474515
2024-06-14,0.0004202601961789834,0.0016400925222444004,0.00011606413924845716,-1.4754948003616671e-05,0.0028505279152657
2024-06-18,0.00104878744377455,6.034130038470562e-05,-0.0033876398120136746,-0.0018847856276038891,0.0039334507869606
2024-06-19,-0.0052215234173396494,-0.006503385145625782,-0.019226252393603684,-0.012805760089519048,-0.0017786131162043
2024-06-20,-0.00020423357391172455,-0.002658038401935989,-0.004835793159605658,-0.003887795735799556,0.0021687361796223
2024-06-21,-0.0016463209768859833,-5.578029143217161e-05,-0.0010008439366565513,-0.0019307490868365094,-0.0027962995130903
2024-06-24,0.0022289887506136085,0.006263986476527474,0.005258232597700829,0.005246127185092941,0.001563756616109
2024-06-25,0.007732972975057084,0.005545628905163506,0.0038632093688206505,0.005571070722748176,0.0077938798539154
2024-06-26,0.009970664357566933,0.010184892954376563,0.01041188818848633,0.00959834912239703,0.0062180401218379
2024-06-27,0.004628282830735133,0.004237842514100258,-0.00027965459263437257,0.00024767673672134805,0.0073610408985447
2024-06-28,-0.0032648128864425667,-0.005645345643527971,-0.006606280785437504,-0.0057937640787978925,-0.0014099020825968
2024-07-01,0.006233935756927325,0.00845924435856824,0.0026814850645388083,0.003603134289751408,0.0054704843490753
2024-07-02,-0.0003477713060128585,-0.004626056870608228,-0.0007359586115441444,-0.0035752151329251215,-0.0007497161563467
2024-07-03,0.004829191580281283,0.005582752310765018,0.0033588895457494373,0.005272390428075935,0.0067423066077227
2024-07-04,0.0025811535872039583,0.0043857661716745246,0.0005240809748966427,0.0034088551649314584,0.0006444070008029
2024-07-05,0.004652020054092307,0.0021456640291699814,0.008875181579327821,0.008502331896165474,0.0008928929498506
2024-07-08,0.00256670519810965,0.003272279285307651,0.0038662477320918717,0.003310858428507792,-0.0001356211363734
2024-07-09,0.01022006699702655,0.013535137144198562,0.01967844481017338,0.020464252561498864,0.0046318209860134
2024-07-10,-0.003455224692987708,-0.0006880009167520013,0.0001871864669054475,-0.0013190648370260535,-0.0044509111977667
2024-07-11,-0.00047474627182829166,-0.0007192885155014284,-0.001462670066309576,-0.0004825214271512566,-0.0003494426502141
2024-07-12,0.009218469733607817,0.005743900177701239,-0.00014140949803055235,-0.00011447407926540182,0.007657573644356
2024-07-15,0.00341438515774065,0.002756565439510728,0.005450802847792707,0.0059360736061922735,0.0034506697076412
2024-07-16,0.004004342922511442,0.006046599972771494,0.0031777299933873683,0.003020106263479222,0.0010697158254551
2024-07-18,0.011123510231029058,0.010990456909818504,0.007948922620024286,0.008413638963989162,0.0076321297434283
2024-07-19,-0.004752750518087425,-0.005734220268954124,-0.007525690783797284,-0.005953700011621353,-0.0108846762510892
2024-07-22,-0.0006401603206002582,0.0009495827137129202,0.0018543544303370085,-0.0002536102329033232,-0.0008825762723847
2024-07-23,0.0009869628282169664,0.009014420575491814,0.006284016857692159,0.006092743846849605,-0.0012321559717249
2024-07-24,-0.0039768253233163076,-0.002347116124969922,-0.001742241361646676,-0.0024186251156306797,-0.0026778318259059
2024-07-25,0.001868604308309492,0.001784342306213761,0.009156764837293243,0.0045632585066594945,-0.0003031269840456
2024-07-26,0.017559455913550293,0.0188603843371538,0.02571732536704492,0.0218335369472316,0.0175673297602745
2024-07-29,0.0010723786943808167,-0.0032588519848790153,0.0011941499137580205,0.0019749737263056585,5.03324972633834e-05
2024-07-30,-0.002282231479405033,-0.005276411283730032,-0.004505380342493823,-0.0038339641791608147,0.0008536433743
2024-07-31,0.005583749739765366,0.00855967082042459,0.011692041759781101,0.010186443464145146,0.0037755350108565
2024-08-01,0.0013713649866327331,0.0035857770358302633,0.0007589110517620587,0.0004000870348066639,0.0023946791656728
2024-08-02,-0.01281259345995055,-0.008266553597868861,-0.014806750349964719,-0.014632083996884968,-0.0117229354919546
2024-08-05,-0.024446093984066497,-0.015717785744211205,-0.017460824978166513,-0.017568195743377413,-0.0267864578946228
2024-08-06,-0.0019210370116352826,-0.0015120301045730626,-0.004156231305584406,-0.005264119403825604,-0.0026209626510589
2024-08-07,0.011397072933737365,0.009183551169622252,0.011777754807285806,0.012459488320334229,0.0127101624804444
2024-08-08,-0.005573492214903142,-0.0016772666607383334,-0.0013235845831087072,-0.0013385458382559532,-0.007428747813561
2024-08-09,0.008628729000454223,0.005065955401537676,0.005537410235271779,0.005144812508105645,0.0103868640378157
2024-08-12,-0.0007380590030132165,9.92265414860866e-06,-0.0034073863493909308,-0.0014747278897868153,-0.0008412844977941
2024-08-13,-0.006278386403000059,-0.004990569543112433,-0.0017300743439772196,-0.002565682301634991,-0.0085431469996303
2024-08-14,0.003969199772016983,0.002849899109985682,0.004176794486803268,0.00440114951918372,0.0001967769998756
2024-08-16,0.012839109238081875,0.012366924182381901,0.008790213305358636,0.010260116358311807,0.0164597624902924
2024-08-19,0.0002020211519242586,-0.0003511293854849888,-0.002418418125773328,-0.0016682481093158524,0.0012835584110202
2024-08-20,0.0030135527788740916,0.0028014435392389454,-0.0007451826660778194,0.0006893699460770848,0.0051357593399101
2024-08-21,0.0029270721419769998,0.004526273591862077,0.006347975142060456,0.0047685194176476636,0.0028887826964991
2024-08-22,0.002489387084364616,0.0009512417115412256,0.002369165718249872,0.001727905139464149,0.0016673576536574
2024-08-23,0.001856434614838525,0.005363032912834271,0.007785349568901919,0.006904672305234223,0.0004695560778267
2024-08-26,0.004438421023312066,0.003139789701817513,0.0033504103158491353,0.002073074087490028,0.007551387144671
2024-08-27,0.0031421863890956246,0.0009666700129283243,0.005848754069236753,0.005164076767248715,0.000285894410237
2024-08-28,0.0019104478369611916,0.0021802396823465326,0.008287071854799747,0.006545639908436614,0.0013830024432652
2024-08-29,0.003973272858181941,0.0034116571682076087,0.002472997090800559,0.0029389812399757353,0.0039756594063229
2024-08-30,0.002794902289826333,0.0036851805993344186,0.008322123016282127,0.00641866612114087,0.0033377600735777
2024-09-02,0.0010474906932100498,-0.0003358665381596012,-0.0026098945205794946,0.0003676869309015055,0.0016959501132323
2024-09-03,-0.00030158822031679984,0.0007328503579983434,-0.00263398992905034,-0.0021401331580964042,4.550829989491412e-05
2024-09-04,-0.0018338233769578244,0.002052057405564614,0.00011905954143535517,-0.00015144850369507235,-0.0032100820170585
2024-09-05,-0.0016163022546253501,-0.0012915382282444989,-0.0034694445365656772,-0.0013883127796068425,-0.0021270784221717
2024-09-06,-0.013221386328829148,-0.007649526632609864,-0.008552789220741729,-0.010426486811300697,-0.0116503502989019
2024-09-09,0.0059077960169135755,0.009419834358220183,0.0039011244411916762,0.005012640507843218,0.0033900486950126
2024-09-10,0.005422728471346992,0.005569746474177984,0.01113064570222152,0.009489448085951696,0.0041986500501236
2024-09-11,-0.0038880797206796817,-0.0004888244332214121,-0.0019156680300447676,-0.0005731246114318899,-0.0048979634496194
2024-09-12,0.018334182463485747,0.01582222479168606,0.023112716765458317,0.019530490856661274,0.0188796328272711
2024-09-13,-0.003896478328701141,-0.005154015873459057,-0.006265116996293579,-0.006123906522510161,-0.0012761636040355
2024-09-16,-0.0003555322663875081,-0.0022495742323109715,0.002991114589028459,0.0015115930349937493,0.0010746751326089
2024-09-17,0.001547172055167275,0.0014518994971335125,0.005705425205017233,0.002962870725961756,0.0013709866056039
2024-09-18,-0.003524917423859392,-0.004569133280254095,-0.00532837701887417,-0.006586931265860696,-0.0016129951842196
2024-09-19,0.0022088911204433833,0.004405946200769248,0.0008417238624988413,0.002616214466539088,0.0015072376499098
2024-09-20,0.015329174154324166,0.017765279480302494,0.018861884604912043,0.01615963066468028,0.0147604413777415
2024-09-23,0.005603890934120692,0.004931129740115258,0.007182241671638442,0.005568563037464712,0.0057423850996662
2024-09-24,-0.0016986273157858164,-0.0032351056388931375,0.0014501129683151923,0.0009126962686869371,5.2030021699067674e-05
2024-09-25,0.001462368456768725,0.0023344912216007293,0.0018213593705046977,0.0018777279183588126,0.0024575565157058
2024-09-26,0.009076226416096641,0.011834809429609384,0.00661026856400777,0.010377443748469956,0.008148714241454
2024-09-27,-0.0012206164998059634,-0.00042288037674235036,-0.0012933635873295123,0.0022356064722946377,-0.0014152231703233
2024-09-30,-0.014861520368328532,-0.012386888282136852,-0.011244602258457317,-0.012808774789067763,-0.0140609008520233
2024-10-01,-0.0013005151897319085,-0.004007783289457589,-0.00429478124911719,-0.002470515268300948,-0.0005404401234794
2024-10-03,-0.018348787414114526,-0.015551060016585985,-0.015439766273032006,-0.012657870281237096,-0.0211963752609873
2024-10-04,-0.006575694198130701,-0.009220404797320001,-0.009050710790536353,-0.007930537168826282,-0.0093266958801446
2024-10-07,-0.004572246111172576,-0.0017795018691029844,0.003717987603912132,0.0026486569521292557,-0.0087488751686026
2024-10-08,0.005974685687730875,0.0018533089075661497,0.0036668018708891346,0.0026029362651682113,0.0087676473034692
2024-10-09,-0.0019302583217550566,-0.0032193749034099385,-0.0018437101290140632,-0.0007713011741485565,-0.0012473907279866
2024-10-10,-0.0024097634062428164,-0.002734899938577566,-0.00787808644694041,-0.007025578354864989,0.0006604768849507
2024-10-11,-0.0016913803513321501,-0.003017285022687321,0.0029711811137888926,0.00048551813756203825,-0.0013680536120755
2024-10-14,0.0064244294634487826,0.004534676933406529,0.00961485788180508,0.007443197042005038,0.0065573457544287
2024-10-15,-0.0008243467187038001,0.00018165512739615124,0.002352044650028886,0.0017718077105825566,-0.0028096049048969
2024-10-16,-0.002407689314113763,-0.0015856940212463464,-0.0001430184851572753,-0.002263570530110394,-0.0034340754096676
2024-10-17,-0.0037099152855939502,-0.00968041624013126,-0.006305030699819269,-0.006317184601248563,-0.0088682273228345
2024-10-18,0.0006873600944467332,0.004398160837840415,0.004339051618980662,0.003009226888371641,0.0042101739412401
2024-10-21,-0.002053904936870567,-0.002685504011073916,-0.005902227991498353,-0.006107475479914503,-0.0029351823779982
2024-10-22,-0.01003030065459375,-0.006758310743479406,-0.007057361343859488,-0.006346285217912611,-0.0124691803378693
2024-10-23,-0.003244633794381459,-0.0054303786189917455,-0.011520058780802124,-0.009468782036231074,-0.0014955647434917
2024-10-24,-0.007008338812804117,-0.01247449943079141,-0.003645349517235757,-0.0041926971155079994,-0.0014773427748562
2024-10-25,-0.004272758233789109,0.001565902787587406,-0.0030023670590745054,0.0007806713400035568,-0.0089592205494931
2024-10-28,0.008350350260259109,0.011243788483419481,0.008049030233282732,0.009647532125152753,0.0065485676346082
2024-10-29,0.0023303783684093414,-0.004843286017731579,-0.005065029307285787,-0.004231183039316883,0.0052466588480091
2024-10-30,-0.0022708630846653005,-0.0009251410525121071,-0.0009793601190796397,-0.0024621208495818727,-0.0051498252538292
2024-10-31,-0.005259661774138251,-0.009288858034563722,0.0052221760971829815,-0.0038773922778447723,-0.005566773640794
2024-11-01,0.002597105732879133,0.003008697221706364,0.0030930236898043697,0.0031349491221939817,0.0040900049616161
2024-11-04,-0.010264923362832514,-0.012644360200937496,-0.017621894428135984,-0.015094338721326386,-0.0127137736646451
2024-11-05,0.0043564089233511065,0.003449039493005235,-0.004221854798100578,-0.0015218388585053985,0.0090830588186072
2024-11-06,0.014537692813181999,0.01206272100809292,0.012951993014441296,0.01474593089288536,0.0111818707596305
2024-11-07,-0.008043365855689275,-0.009999438267930264,-0.01183516961906875,-0.011790963841365359,-0.0116280257061476
2024-11-08,-0.0007431142074974665,0.0023412060831028694,0.0022156978744342615,0.0019401978414964366,-0.0021137093124677
2024-11-11,0.0014587911195081166,0.0003712110422537599,-0.005611011941336501,-0.0018452895830080294,-0.0002856708874028
2024-11-12,-0.008191441281796358,-0.007427282680653533,-0.0031296389312158875,-0.0030268288768432747,-0.0106809307765333
2024-11-13,-0.01011258996748005,-0.00894490388090199,-0.007759451863989035,-0.008158061854584389,-0.0135825623229214
2024-11-14,-0.003903731431980794,-0.007112691609026619,-0.005003270387062729,-0.0047461870095133135,-0.0011185324376894
2024-11-18,-0.00331226770373295,-0.002879150923733635,-0.005937147598551025,-0.007478032920856646,-0.0033527151631265
2024-11-19,-0.0012348493663564164,0.0028362526965526936,0.0012677662678580559,0.002223884648547689,0.0027585814066317
2024-11-21,-0.006340474297268166,-0.003980411374190304,-0.004039689757388279,-0.0030444382010745034,-0.0071688079331164
2024-11-22,0.028237224954780014,0.02300225420988439,0.025467327248387475,0.025203666338755794,0.0238694641112378
2024-11-25,0.013666618635213507,0.010547304977542804,0.011630631623901712,0.009352410027101044,0.0131612958673623
2024-11-26,-0.0006794509806879585,-0.002894442604307309,-0.008539160531308165,-0.005792723696884338,-0.0011312238174179
2024-11-27,0.00039922823853836675,0.0006941003547713138,-0.002423462910722167,-0.0021403928940816348,0.0033230854378061
2024-11-28,-0.011766984982518805,-0.01076718964196635,-0.009050030031479772,-0.010906340108647687,-0.0148610290544929
2024-11-29,0.012563990339752359,0.01436204342961349,0.024924342817942743,0.020396253982296792,0.0090720019405352
2024-12-02,0.005056064402564717,0.005055958502526008,0.006983694074911966,0.007552562154816069,0.0060068200049485
2024-12-03,0.004855609731841617,0.000940725396924407,-0.0028987494153354413,-0.0016909244990715078,0.0074600111445999
2024-12-04,-0.0019237629671830059,-0.0010829162282240986,-0.007956781735612619,-0.005141222712701392,0.0004210968146538
2024-12-05,0.011703833940123042,0.01092359868393737,0.011394268835096673,0.012152277336997854,0.0098478255628851
2024-12-06,-0.001875440667879541,-0.0020041272369051705,-0.002044472519543287,-0.0023930984814481836,-0.0012384293961259
2024-12-09,-0.003271299835268667,-0.006174609776858674,0.002700683432147105,-7.59365049336936e-06,-0.0023827399277279
2024-12-10,-0.0008358713469311251,-0.0015991151615471226,-0.004775346956886468,-0.0021736647584882033,-0.00036350862139
2024-12-11,0.0007268017705223084,0.0008046535511591385,0.0016038072662564386,0.0019963132126084395,0.0012901233029631
2024-12-12,-0.004681805630662541,-0.005679701744510876,-0.0008056250322013747,-0.0010672324584950642,-0.0037781963796591
2024-12-13,0.012579521478507258,0.012603452985777638,0.019645610885127427,0.015961996205325794,0.0089455478085889
2024-12-16,-0.0045851129183428745,-0.004730824474256473,-0.004730939460665156,-0.004587971235613184,-0.0040394689217332
2024-12-17,-0.012777907205302825,-0.011687906466882336,-0.016244213186919883,-0.01399514769893136,-0.0134687300477334
2024-12-18,-0.004428627216249133,-0.0028268888534165953,-0.002825647599724191,-0.0023455501891610866,-0.0056356998120069
2024-12-19,-0.008424671900882448,-0.005088730502595171,-0.0010704665907687542,-0.0031210243147910934,-0.010213311567061
2024-12-20,-0.013146294631958334,-0.010128927609301447,-0.011979959713954387,-0.010759786378976314,-0.0152055691508056
2024-12-23,0.006168877958373082,0.005106473128453579,0.006631855712757866,0.005334631667649944,0.0070354729729729
2024-12-24,-0.0012452623213690082,0.0007779290811622771,0.001699234336635374,0.0008801584520914632,-0.0010861087115143
2024-12-26,0.0014909348544195405,0.002925758085056024,0.005563026820876896,0.005172723149487347,0.0009503186263191
2024-12-27,0.0016871153843705834,0.004538302368309235,0.0030260397032339844,0.00397370897659555,0.002661079652128
2024-12-30,-0.00585734247093955,-0.002401985222722708,-0.0011278967162667223,-0.0014208955157972492,-0.0070758479358679
2024-12-31,-0.0006129872017042004,-0.00212305759975254,0.0035376594461198796,0.0005237091390035591,-4.212721278373799e-06
2025-01-01,0.005805303406642474,0.00520107965191151,0.005331605575129063,0.00507387525759707,0.0041488871182535
2025-01-02,0.016379298915280983,0.012952335305983062,0.005275605432202725,0.009189627731242612,0.0187740331916654
2025-01-03,-0.0085931635511721,-0.008863441457818708,-0.01272056880832514,-0.01209109232670148,-0.0076027553276091
2025-01-06,-0.014050174764979008,-0.012037366951715705,-0.012527591619387934,-0.010391207115946658,-0.0161925959966257
2025-01-07,0.0025979100275127912,0.001237260362698844,0.002828704150140776,0.0016767276650592503,0.0038892874268343
2025-01-08,0.0019875308663088917,0.002132549214024604,-5.480038881549749e-05,0.0005187158688043651,-0.0007993610384197
2025-01-09,-0.006322781914081316,-0.003474603706274937,-0.004099336207784409,-0.0044104836346049005,-0.0068575949591475
2025-01-10,-3.5462697190216244e-05,-0.00042840051973130964,-0.0054811758742143646,-0.0029520202400877475,-0.0040379997024632
2025-01-13,-0.01019944773168785,-0.009776088615574084,-0.015994329266831222,-0.013851511465957148,-0.0147472753024774
2025-01-14,0.0012369117253159911,-0.0013196071263062068,0.0035878650170538514,0.003353526022856407,0.0039028744993869
2025-01-15,0.004386262121453917,0.0015063681824334834,0.0013563609239161704,0.0012413135929686253,0.0016028803979861
2025-01-16,0.0025828963394813,0.00020492895172163843,0.004031539624074569,0.0027771263942200242,0.0042476507253836
2025-01-17,-0.0007882913478478586,0.0027006534277340894,0.008695299062204762,0.0025449189607075597,-0.0046586517926727
2025-01-20,0.0013577005619413674,-0.002063023501075258,0.001337506545528442,-0.00022229506906108106,0.0061004855371675
2025-01-21,-0.012392194168912256,-0.009751613036007623,-0.009242197566100849,-0.010434449643632139,-0.0137118456772935
2025-01-22,0.008583055164859651,0.01077557556340865,0.006720519415609386,0.010262436062325377,0.0056764909144164
2025-01-23,-9.3996689704135e-07,0.0026553689188468683,0.00694233067951122,0.006457540052060646,0.0021593282262408
2025-01-24,-0.0007430192933575499,0.0016676088644005961,-0.0018190218024352306,-0.0005256691492301926,-0.0048760476583936
2025-01-27,-0.0074102896629290324,-0.005935207456839608,-0.014147347428841104,-0.012269074045709757,-0.0113912419355629
2025-01-28,-0.00024133309333696702,-0.005085352238438631,-0.014372985167886848,-0.011745423487107784,0.0056112298172781
2025-01-29,0.004814054024029908,0.003704389396179969,0.0035477962868051684,0.005559099512171695,0.0089666492883511
2025-01-30,0.004822435527299319,0.005786381167456607,0.007863506339021128,0.005762856575304253,0.0037300875997627
2025-01-31,0.012698191225516724,0.011039082717308872,0.01012361931506511,0.008827152898115328,0.0111357401503258
2025-02-01,0.0020871679512938827,0.007933200914978287,-0.0016676825785918751,0.0014894057411723857,-0.0011166221250199
2025-02-03,-0.006719524436513991,-0.005964823253004948,7.278347321459586e-05,0.0016372875656563628,-0.0051570919766934
2025-02-04,0.015404320889149031,0.00942203401154939,0.010435511441392289,0.008128447662153614,0.0161893068206311
2025-02-05,-0.006506383110225958,-0.006148254690477468,-0.00621344280066895,-0.005828358775599474,-0.0018092070621439
2025-02-06,-0.004873330197392174,-0.00402113872567641,-0.010456521379331616,-0.009968210186123861,-0.0039226026346081
2025-02-07,-0.005281057043458785,-0.00400672551057279,0.006743567381997164,0.004499853043456618,-0.0018387386257991
2025-02-10,-0.004188835250956033,-0.0036822374136554078,-0.0023594610426313197,-0.0020471371534883324,-0.0075700336923079
2025-02-11,-0.013071041696233965,-0.014762104927526028,-0.012160860283113036,-0.011703173457563002,-0.0132496849360461
2025-02-12,-0.0001275199236944749,0.000442901875950038,0.001560492298258655,0.0006368747721308784,-0.0011507892904301
2025-02-13,-0.0012844716572948083,0.0029003783207226627,0.008796319836122097,0.005098422017514303,-0.0006009745771905
2025-02-14,-0.001497757616645758,-0.0034247124669934503,-0.006954527937936852,-0.003650446475882517,-0.0044352661537063
2025-02-17,-0.0007413452349911745,0.0006311542764644173,-0.005813585846268896,-0.006287407607253941,0.0013192755977626
2025-02-18,-0.003391202300496858,-0.006242474027501233,-0.004958262647574503,-0.0049929084497848195,-0.0006184463402948
2025-02-19,-0.005045070582722717,-0.008057462297107026,-0.006367019914495407,-0.008626174705544602,-0.0005404326900405
2025-02-20,-0.004542001198921424,-0.007673051300356147,-0.005815305557051406,-0.0058198075960393374,-0.0008612081186238
2025-02-21,-0.004143596214827875,-0.005598849032949506,-0.006587768720480582,-0.005906293915372654,-0.0051171487988824
2025-02-24,-0.011321255781890267,-0.0082115481174282,-0.009393898920837602,-0.010759212654441637,-0.0106401053300685
2025-02-25,0.0005374816840208914,0.0007085965046182962,0.004642622656569034,0.005612130880672116,-0.0002571160481895
2025-02-27,-0.0004171862128802917,0.002235289762788957,0.005234060487359954,0.0025727109215826012,-0.0001108767876499
2025-02-28,-0.022874390987746625,-0.022802718118170855,-0.03241875401110168,-0.033202930030426306,-0.0186449596666951
2025-03-03,-0.0006563061299551748,-0.0028811308650484465,0.003990908541224502,0.0036400598646565475,-0.0002440004922383
2025-03-04,-0.0015898464348016084,-0.003848422618036674,-0.00896307259616894,-0.007787792050369255,-0.0016569416451024
2025-03-05,0.01001170752486709,0.007127078707446867,0.016230091039951912,0.015420601037188106,0.0115316950692254
2025-03-06,0.009293237625618409,0.011001237484603153,0.008726723364109065,0.008504116838974052,0.009284847776867
2025-03-07,-7.709988790675012e-05,-0.0023112771098738574,-0.001456123611821294,-0.0012577772667235858,0.0003460139864501
2025-03-10,-0.0012894830043025253,0.0022366165667103617,-0.0014487196859314332,-0.0006429819527944129,-0.0040882039130917
2025-03-11,0.004327988567644091,0.0072826324062609206,0.017032759409047013,0.012682593774958933,0.001674047455606
2025-03-12,-0.003763108185453999,0.0002134514731290796,0.002399571842033543,-0.0012274091786481497,-0.0012179087892316
2025-03-13,-0.0023527221908015584,-0.0016465375312399277,-0.001744626549384653,-0.0024986407435867277,-0.0032620894617386
2025-03-17,0.0008605964238566333,0.003324678206057866,0.004313363485323929,0.0029383656659609293,0.0049805683362682
2025-03-18,0.00023491615994661666,0.00026320080939509934,0.00044667205490252383,0.0004604165229424377,0.0144632989948354
2025-03-19,0.01285335255171825,0.012092578313282098,0.008852133305655742,0.005467412045098618,0.0032100316461272
2025-03-20,0.014519385478510664,0.014093907898644426,0.018045271349078015,0.01859128268368887,0.01235619558909
2025-03-21,0.0062051458600270665,0.00819515992622122,0.012705794840793866,0.00977461167421912,0.0068885519512889
2025-03-24,0.012358657100146962,0.008726741883788258,0.004868095741935878,0.005913782314221363,0.0131881772302988
2025-03-25,2.1178776824433348e-05,-0.00014966305138794535,-0.003135153852520199,-0.0008790407009353012,0.0004353972876416
2025-03-26,-0.007762884022028683,-0.0064818932241655506,-0.0026088880741419493,-0.003564918873986871,-0.0076810793285454
2025-03-27,0.0024240143476007333,-0.0010498896281287433,-0.004839374785579977,-0.003549125389724272,0.0044748278770025
2025-03-28,-0.0026435497749824166,6.17507078652387e-05,0.0009275091987629389,-0.0010121856600717489,-0.0030773044101545
2025-04-01,-0.015034128379299773,-0.016266174044376823,-0.01213176276349743,-0.011451051660303291,-0.0150365718652369
2025-04-02,0.007832503816709434,0.008267510548889415,0.011132753749165553,0.010962965676032365,0.0071938424586863
2025-04-03,-0.003752917923405309,0.0010476803285105465,0.007929491600722342,0.0011333179182388391,-0.0035251486188494
2025-04-04,-0.0161123125151055,-0.010919165726053138,-0.01554347364071317,-0.013915353672416702,-0.0148666197750665
2025-04-07,-0.025811384874120113,-0.01900745444967141,-0.027164795765996674,-0.023279216893481003,-0.0324325462830553
2025-04-08,0.016378823734485484,0.012778618708385292,0.016648448823006402,0.01558538543616992,0.0168873189028142
2025-04-09,-0.007295624668647617,-0.0014758077412362755,-0.008380302441619166,-0.005741389331519228,-0.0060658560080705
2025-04-11,0.014407368779205773,0.01267010536316108,0.018862646675427815,0.01592568600817373,0.0191703874091904
2025-04-15,0.017152864929720183,0.013738837602409149,0.017746741050608132,0.015370666619337892,0.0219023977821084
2025-04-16,0.0011139192022442332,0.0016147139616945019,0.0014731871616253827,0.002402310932121517,0.004657316201027
2025-04-17,0.018010097994974765,0.01797284890753974,0.02543639144244013,0.022093701075374745,0.0176834769379541
2025-04-21,0.005825127446034918,-0.0005975442065646484,-0.002225257991447681,-0.0013097699483300474,0.0114834984640164
2025-04-22,0.002290601580979117,0.0073581106232081545,-0.00084375940419349,-0.0003646517546943135,0.0017284255654137
2025-04-23,0.010024880762474132,0.010574124730419836,0.013574771874847739,0.014139246871651438,0.0066908406521222
2025-04-24,-0.006489044418208726,-0.009816378640847572,-0.004774624096339452,-0.006462485314157472,-0.0033807460922566
2025-04-25,-0.004397639611599483,-0.0026782716497384734,-0.01031089395484402,-0.008108759858485267,-0.0085516633626838
2025-04-28,0.013055681234493188,0.009137415562919016,0.013791573577381895,0.01038239815757025,0.0120282118827472
2025-04-29,0.0003878834835937755,-0.0036543952162944233,-0.00653123234097452,-0.0037591143202128398,0.0003061930965739
2025-04-30,0.005288470267579933,0.008780793922945255,0.014676828595982704,0.013335199629892108,-7.191007773188485e-05
2025-05-02,0.0012686121804596166,-0.0020386767204510995,-0.0012934645367831765,-0.0009135417373383007,0.0005136803511647
2025-05-05,0.005352376077679915,0.007770720857549077,0.007818378640761885,0.008174995857336706,0.0047008906976129
2025-05-06,0.0005216360286106502,0.002442935681621278,0.0035042105114791505,0.004668070904590359,-0.0033338898599493
2025-05-07,-0.003485939351560825,-0.0049869879404348064,-0.00803769020108113,-0.006360969007824318,0.0014274549954715
2025-05-08,-0.004980522778588569,-0.006002971308577341,-0.007757036634331789,-0.007461116220092175,-0.0057588802970967
2025-05-09,-0.0077767654389211665,-0.013477027723997082,-0.010991566396251316,-0.011760860925503429,-0.0109501096942064
2025-05-12,0.03178444217654718,0.022876723026244127,0.009715830383152577,0.014867188348720512,0.0381830730902199
2025-05-13,-0.01426131232849269,-0.012718207389874819,-0.010081339552968806,-0.013776212240011979,-0.0138958390765435
2025-05-14,0.004010268339429725,0.0021391999314609215,0.00471312280943572,0.0052728593034661935,0.0036027960647213
2025-05-15,0.013555315229672682,0.011960095651639848,0.017857776590364006,0.014974981125208033,0.0160214381414618
2025-05-16,-0.0023945207005026336,0.0008522643026901203,-0.009097189528604183,-0.009476721777691018,-0.0016877607536591
2025-05-19,-0.003466135406145466,-0.002188036519126725,-0.0011655085756148442,-0.002287380445335331,-0.0029717088137536
2025-05-20,-0.01005654565005154,-0.011298338558356246,-0.010269732906486195,-0.008877752029479463,-0.0104848313546668
2025-05-21,0.004982944597009025,0.006223204998800931,0.0077420542695636205,0.008034584762429115,0.0052483127088862
2025-05-22,-0.008785661659038267,-0.009304093930765304,-0.0033028025464288896,-0.005479405361717581,-0.0082112727740422
2025-05-23,0.0069755841136423255,0.005207913807124271,-0.003757085814796187,0.0003072055456124293,0.0098924887180058
2025-05-26,0.006909872971342817,0.006358526761020206,0.003657129805758524,0.005607185529775117,0.0059549794562796
2025-05-27,-0.005898290955632316,-0.006598566902762454,-0.001670085789160181,-0.0032538102897145833,-0.0069977248703164
2025-05-28,-0.0023482410993542163,-0.004479758728466792,-0.00035809419585217366,-0.0010374985408011489,-0.0029706520659956
2025-05-29,0.003945117310603033,0.0042842185372163125,0.008374223680671117,0.006576548087554323,0.0032784792287758
2025-05-30,-0.00123581656198015,-0.005012061241728735,-0.006554517240439993,-0.005811871892951542,-0.0033382349691143
2025-06-02,-0.0006245776571585917,0.000554117575050295,-0.00037357253144549776,-0.0007002865288845351,-0.0013777230725331
2025-06-03,-0.006772182456596526,-0.007653803784740396,-0.006616870014851834,-0.006791512109478013,-0.0070438333802584
2025-06-04,0.003307734633565199,0.002645437619743714,0.0040218870894097765,0.005268174663999333,0.0031659048079861
2025-06-05,0.0047438931436970325,0.0051153727518849675,0.007394657525544449,0.004590526447983635,0.0053086967621067
2025-06-06,0.0060557457687016245,0.006361214674003783,0.0016769890646948797,0.000769466309875558,0.0101875239545026
2025-06-09,0.0037504030641487833,0.003163159629423373,0.00015265459475319025,0.003541056157520149,0.0040054487100871
2025-06-10,-0.0004751502136979084,-0.00031594277864339444,-0.004743152917678134,-0.0006908255287274312,4.18584595869298e-05
2025-06-11,0.0013589526740837834,-0.0018240204487302068,0.001900481907124524,0.001151989706263003,0.0014798446727146
2025-06-12,-0.009700071833576124,-0.008670089417905707,-0.006216795678977657,-0.008793284091388076,-0.0100710846627866
2025-06-13,-0.006206628286268132,-0.005401213298499103,-0.0024336355211383976,-0.002302352002616306,-0.0068144588479197
2025-06-16,0.008129670490093326,0.007255305605642301,0.006400894872842245,0.007873925862973906,0.0092197937677085
2025-06-17,-0.0014480221073920165,-0.0030646195259965334,-0.00734196478741702,-0.005380853265090236,-0.0037319707924959
2025-06-18,-0.002909811001475558,-0.005005973863553463,0.0004939867380643958,-0.0027287240088989416,-0.0016637405234334
2025-06-19,-0.0007312636159949668,-0.0009564784254872713,0.001973225101426825,0.0007938411738262426,-0.0007577278241026
2025-06-20,0.011127033534907366,0.008816465165028195,0.01600779473061508,0.015462970911906071,0.0128724709598377
2025-06-23,-0.008989353516327934,-0.006411501778263373,-0.004030074003665698,-0.00576161546069578,-0.0055948454872697
2025-06-24,0.00017760208384160845,-0.0003667612481301744,-0.00013738791331807795,-0.00025956298876559367,0.0029012296868362
2025-06-25,0.009575843119497865,0.008321926802090577,0.008451843906354638,0.010377336518592338,0.0080018205204253
2025-06-26,0.007308859679374792,0.005852526056095384,0.009701569135885437,0.009494170225622852,0.0120520108141297
2025-06-27,0.0055427539534953245,0.006089185251723952,0.008463965532143266,0.00649786594438408,0.003475704773181
2025-06-30,-0.0045684434905791,-0.005612551971488821,-0.008731512715963237,-0.0049676009139313455,-0.0047098423546652
2025-07-01,0.0006253928526057096,-0.002272698995841979,-0.0017995253973461314,-0.0014548706982280084,0.0009699396772837
2025-07-02,-0.0018692480225423831,0.00024564504602661086,0.003325719312595891,0.0014263545657968637,-0.0034610085397696
2025-07-03,-0.00045758629338749134,0.00021635133973259177,-0.0013049278267147925,-0.0028688849814184274,-0.0018897125192245
2025-07-04,0.003785929720997942,0.003222627866703513,0.0013637777374629705,0.0016030118862036325,0.0021924250859925
2025-07-07,0.0021460996720357416,0.005908933848594692,0.001689013579993422,0.004216864237273574,1.1813410706551508e-05
2025-07-08,0.0007534349454442166,-0.0011221881118367379,-0.001070733424058358,-0.0012467055502653835,0.0024036171315751
2025-07-09,-0.0014599765480103,0.0017323300716928821,-0.0036980413499447863,-0.003310971173316808,-0.0018180190273288
2025-07-10,-0.004588256403570791,-0.0037898321539247427,-0.009594261730969165,-0.010015447248589937,-0.004743646446198
2025-07-11,-0.004929646220077424,0.0012344985976537265,-0.006427393148360124,-0.009729479195594378,-0.008100901810276
2025-07-14,-0.003519614513755575,-0.0007968133522293251,0.00048552364286369486,-0.001981735938694101,-0.0026858541571485
2025-07-15,0.007217426458574116,0.009214063395293145,0.011702623459303842,0.010899889293071518,0.0045251032187942
2025-07-16,0.001737864716945925,-0.0024031054645304193,-0.00395995851843255,-0.0029659096255643344,0.0006449487413033
2025-07-17,-0.005358372491227533,-0.003673300030082024,-0.003213102444671169,-0.003619351688193197,-0.0039902173517283
2025-07-18,-0.004324218512301833,-0.005846089889361928,-0.0033588009221663913,-0.005152342301082609,-0.0056965580472427
2025-07-21,0.000426337482916775,0.0021095806978602156,0.007639459935078552,0.0011759263671210635,0.0048981443028652
2025-07-22,-0.003247577933565042,-5.821452039814358e-05,-0.0021222991919049986,-0.0032948925504591507,-0.0011876443882732
2025-07-23,0.005575754686592232,0.0030182657627507562,0.010316807256426242,0.008515486966519811,0.0063445445902445
2025-07-24,-0.006389656018882566,-0.004755636104146004,-0.0011973521257327886,-0.003059902482373327,-0.006256994627491
2025-07-25,-0.006742869328806709,-0.003772226360711289,-0.0016681118638948059,-0.001846757391111093,-0.0089816740370306
2025-07-28,-0.0037172591802854997,-0.000776471076042891,-0.006217438808923519,-0.009665399515101435,-0.0062849623293875
2025-07-29,0.006063285685656142,0.0024511115889249064,0.007877879072732248,0.007088547570306645,0.0056804742343701
2025-07-30,0.006099548455241008,0.001960155598060752,0.009925760551154305,0.009545278297210861,0.0013678351245234
2025-07-31,-0.0021356561621635665,0.0030788280694757026,-0.008435843423009692,-0.006569709026753,-0.0034882717656889
2025-08-01,-0.009306050063725415,-0.008223036839087665,-0.02215978869190231,-0.018324016682615577,-0.0081959437427822
2025-08-04,0.0056719037492148315,0.0031725286198277906,0.007135697745464197,0.011160361594248464,0.0064074150430544
2025-08-05,-0.0026661438315335084,-0.0036778743335459875,-0.00024240746119758957,0.00035394639052180793,-0.0029608040671041
2025-08-06,-0.0044046551722095335,-0.005266862518672174,-0.00785592364586203,-0.008046551629426486,-0.0030569142281212
2025-08-07,0.0010567283671103,0.0010888840650466686,-0.00018611041207187463,-0.0013058017705210867,0.0008932609229541
2025-08-08,-0.008499184179863882,-0.006105674342503014,-0.013769473722021716,-0.012787417094239415,-0.0094669127354072
2025-08-11,0.008140099862541406,0.00720127350278608,0.005533486814822227,0.006550468123984557,0.0091018044718578
2025-08-12,-0.001146744245859175,-0.00228034017456626,0.002452065715778899,-0.0012832184289823323,-0.0039719417907191
2025-08-13,0.00253355485889455,0.003253170972212925,0.005888329912331965,0.0057009967919282815,0.0053884535167121
2025-08-14,0.0015985223392589835,-0.00029287954944481843,0.0027998502096761744,0.0014467545762063554,0.000485438164071
2025-08-18,0.00916860892452654,0.012211675520337209,0.0083103690809786,0.014459068993574506,0.0099730192766349
2025-08-19,0.005345427460323533,0.003776195825423627,0.002530378431262103,0.005672216934270425,0.0041685646806257
2025-08-20,0.006474871291169141,0.008207835180851414,0.0025542930023642087,0.007581441816111157,0.0027981813736617
2025-08-21,0.00197141741565775,0.0006264938726572768,0.004790705130794963,0.0012654275139852955,0.0013252889742787
2025-08-22,-0.007149757002169891,-0.007760822844893541,-0.0009802649528009766,-0.0027758668880794946,-0.0085174820600987
2025-08-25,0.006561364381595225,0.00635663056447379,0.0023894122637624,0.002530673370886055,0.0039264173509054
2025-08-26,-0.0050180094443844836,-0.0014498804976337781,-0.01693623767663221,-0.007933791662337224,-0.0102411798720348
2025-08-28,-0.009020314046449483,-0.011719461253310927,-0.00898947216226418,-0.010433712871550217,-0.0085444301039235
2025-08-29,-0.00023176949728041639,0.0029139819043429503,0.003644803936625859,0.0026653360674427575,-0.0030223697933294
2025-09-01,0.0015637549099296163,-0.0026495398015037,-0.0010533353808652494,-0.0017603414168432289,0.0081140701746054
2025-09-02,-0.0012746897637876166,1.031196175687159e-06,-0.005409034465657816,-0.0014657832873787875,-0.0018457290617897
2025-09-03,0.0031031896344140665,0.0037444646858250594,0.0036054862053001954,0.002322402752707001,0.005510715147017
2025-09-04,-0.0016790491212850915,0.0016591445993944863,8.488127018180204e-05,-0.0002619770866109089,0.0007788776228048
2025-09-05,-0.0026990995611751753,-0.004203384669876905,0.00434764422174237,0.0013907367093159671,0.0002708473067116
2025-09-08,-0.0006022196050883386,-0.0013311283437943953,-0.002181948965967453,-0.001793071621527306,0.0012994782193525
2025-09-09,0.007234402927097153,0.0053565788286434,0.0035408232508758178,0.004779058191785545,0.0038529301782352
2025-09-10,0.004154122902309968,0.003129398011684148,-0.0005506615769920523,1.8761372580452983e-05,0.0042020862308871
2025-09-11,0.0013154593042903919,0.0020604713782683888,0.0058725629913912785,0.003740597359431712,0.0012974116602184
2025-09-12,0.003269939258832475,-0.0003313454131664278,0.004364309243579948,-0.0006778065247076609,0.0043390454100098
2025-09-15,-0.002106709607996367,-0.003045832997512209,-0.002195691127625756,-0.001919189775124153,-0.0017838966811339
2025-09-16,0.007860518289987552,0.005048370553105826,0.010676050469921624,0.00817460342841427,0.0067772563910986
2025-09-17,0.005301905258000666,0.002260164589527793,0.0035660872889984123,0.003128011487299355,0.0036114755294653
2025-09-18,0.004501120852035624,0.006956276687835376,0.005578900907458415,0.00588766507584454,0.0036853015416349
2025-09-19,-0.001643661296562683,-0.0036187479096139548,0.0014152517323086783,0.00022572983563919378,-0.0037976065391384
2025-09-22,-0.008826305312148584,-0.006624210751101439,-0.0041516290848877925,-0.003027680286769968,-0.0049236357186648
2025-09-23,-0.0020075953726441747,-0.006711513035456862,-0.004371753457936053,-0.006678544172216574,-0.001303434397354
2025-09-24,-0.001886563869178484,-0.001382036571973439,-0.0030365502418206822,-0.0005055861978478298,-0.0044736530076083
2025-09-25,-0.005241224243727641,-0.005317679916224368,-0.0010434689057819107,-0.0014884799893350573,-0.0066269482123226
2025-09-26,-0.005848413895142749,-0.010149594123008926,-0.011542172261220113,-0.011697056267115667,-0.0094874379272315
2025-09-29,-0.002656989536716375,-0.0014757605584920877,-0.005717799261419069,-0.004061941655065353,-0.0008030448049409
2025-09-30,-0.002363862931876773,-0.00011924078928288206,-0.003169510783060583,-0.0013158791608842797,-0.0009661407544825
2025-10-01,0.006396075634121874,0.011850206923453108,0.010129383582992778,0.008446368569172105,0.0091503904924759
2025-10-03,0.0009171310782621416,-0.0014531421510548899,0.0030955534030805134,0.002845369709981249,0.0023332467769816
2025-10-06,0.007889826366886916,0.007874505584947528,0.00601668837516853,0.005414552843917361,0.0073671787912872
2025-10-07,0.00030298298630998354,-0.00036255243206842854,0.006238041218178017,0.0026020733386077936,0.0012222193924698
2025-10-08,-0.0002737811398016899,-0.0025486179551243537,-0.003125666238559867,-0.0036255649457365797,-0.0024752925801897
2025-10-09,0.005640950285430558,0.006225526805088214,0.006363609728118692,0.005852828139223999,0.0054160175719368
2025-10-10,0.005299671621382457,0.004310840113786069,0.004528479258162231,0.005246239859966856,0.004112050167679
2025-10-13,-0.0037729615203004494,-0.005111749394358033,0.0017561492589359803,-0.0013953337969344593,-0.0022938183927065
2025-10-14,-0.0038193401767016165,-0.0039641730898797,-0.0037658019862516225,-0.0026535588401650797,-0.0032444791324643
2025-10-15,0.005246920988667042,0.004784487145161317,0.007578317889612486,0.006201825730677156,0.0070808208725219
2025-10-16,0.007706670947417874,0.009182543901127192,0.004858335108368516,0.006791766858162372,0.0103362282114798
2025-10-17,0.0069259303536438,0.01065505291799195,0.013800771308563319,0.01435587649891452,0.0048679837376106
2025-10-20,0.007475634231681749,0.0015548594318164906,0.0006978500653962808,0.003349439164862626,0.0051848137299641
2025-10-21,9.26621797768999e-05,-0.0005752351166176083,-0.002142334243940323,-0.001560652133322433,0.0009847568259027
2025-10-23,0.003490984653050858,0.0031947851550958935,-0.007974730468435672,-0.004671046407518752,0.0008814076368377
2025-10-24,-0.003325977863150458,-0.007091879316446284,0.006388564086258119,-0.002363787149563864,-0.0037174505259611
2025-10-27,0.008360637891831516,0.0041234407505666175,0.007753537403288594,0.007495635334357718,0.0066252915000297
2025-10-28,-0.0012637652960218332,-0.0046798158363695296,-0.0016016470736156907,-0.002031353202957776,-0.001149638146805
2025-10-29,0.004269875687971557,0.004204386876246114,0.006971085173861772,0.005377686394998422,0.0045381040946781
2025-10-30,-0.006341424900111774,-0.006821965964879239,-0.007735577923840039,-0.008515129334887619,-0.00675717564781
2025-10-31,-0.001964301730017917,-0.0030313244620793914,-0.006261585936128154,-0.00516116359681276,-0.0060186608373972
2025-11-03,-0.0030752376399234005,-0.0032980470037585283,0.0026941883592135943,0.0023017507749850136,0.0016036793506921
2025-11-04,-0.0062614323603134,-0.007696800423336767,-0.001024040385515702,-0.0010489947323775051,-0.0064315867797603
2025-11-06,-0.001024887173295033,-0.0016620086890908987,-0.006695546729886379,-0.004559756281190485,-0.0034359080045569
2025-11-07,-0.004259983450473958,-0.0016634881295418318,-0.00819796887249484,-0.00904316123873653,-0.0006820322478444
2025-11-10,0.0062778140825010586,0.0035690987488110996,0.0058780669041257816,0.004073577216199654,0.0032185728871263
2025-11-11,0.0070378725884466834,0.007178478841631761,0.0076281993291184005,0.00791888884757093,0.0047156471705849
2025-11-12,0.006936293073987334,0.005770329066160757,0.008344146427010087,0.007349011519948832,0.0070384090258497
2025-11-13,0.0013042607477886498,-0.0002583416208622097,0.004205724352226151,0.004794132099472596,0.0001294494962036
2025-11-14,0.0012186822382865756,0.004123373759109351,0.006449864813576823,0.005017671340343794,0.0011940264714482
2025-11-17,0.00354156789557485,0.002670531216913618,0.006058007136368139,0.0050906965138341805,0.0039906690408659
2025-11-18,-0.002342561639741875,-0.0032415319254286345,0.004495274127767409,0.0025084220534014943,-0.0039748069020186
2025-11-19,0.008336966201239667,0.007832112951407299,0.006576364623257657,0.00829952627915193,0.0055036406751542
2025-11-20,0.002531979691102589,0.0008839689637098275,-0.0009695074497884621,0.00014290229069419228,0.0053545415882216
2025-11-21,-0.0003621195040852163,3.7594435103877826e-05,-0.0004265354456849245,-0.002963949602170184,-0.0047342428227803
2025-11-24,-0.002709873588915908,-0.0027006952443296654,-0.0020235282434492782,-0.001903720082837012,-0.004167936312968
2025-11-25,-0.0030627637143975585,-0.00475613462345201,0.0028415524575566386,0.001124276189889001,-0.002877529180069
2025-11-26,0.00998974827298595,0.00988500442634534,0.0024055746015350047,0.0033337325777865476,0.0123817835303625
2025-11-27,0.0002143730564669418,0.002279352382710589,-0.004966094558056916,-0.0012026276499350942,0.0003911422381892
2025-11-28,0.0007443272178128417,0.002693850437066387,0.002222614811219465,0.001333549735428798,-0.0004806903583736
2025-12-01,-0.001391750695269117,-0.0027461510841477557,-0.004637149436822139,-0.005168758659797408,-0.0010380212747401
2025-12-02,-0.0038598862077822652,-0.0029353912095138124,-9.944286785268475e-05,-0.002955461776111767,-0.0054841133969418
2025-12-03,-0.000817895304953333,0.0013746292000323577,-0.006094932726510278,-0.0026831366844260653,-0.0017746951904364
2025-12-04,0.0030050250011392,0.0041003749996223315,0.0023525682056529953,0.0023676772487479956,0.0018375278996383
2025-12-05,0.0028434586095784924,-0.005646202491293952,0.007829261545870677,0.005579241676467185,0.0058654330916598
2025-12-08,-0.005755472546270449,-0.005317044001363196,-0.009171636717951032,-0.008047027401367904,-0.0086265394598917
2025-12-09,-0.005345469823142858,-0.006598304353773046,-0.003645689517148604,-0.0037025493200383928,-0.0046570811090926
2025-12-10,-0.002436780688019016,-0.001565935689094692,-0.002457182884999221,-0.00382670675173642,-0.0031598875909956
2025-12-11,0.004172073940153392,0.004702735803455678,0.0038239063247690265,0.0025047010425852303,0.0054565875164998
2025-12-12,0.00309112252150785,-0.0022657765359851765,0.005203595526015661,0.0038491391508544124,0.0057299900196514
2025-12-15,0.0016628560435937747,0.0027483254518977877,-0.0014605717935568408,-0.0006814906729982418,-0.0007543469807149
2025-12-16,-0.003637079228546183,-0.003910326168713492,0.0004970104670797479,0.0004105273987926671,-0.0064240688375742
2025-12-17,0.0008822874480338665,-0.0009017092152945455,0.005816295309628463,0.003090925805970731,-0.0016066770334456
2025-12-18,-0.0010808237087684084,-0.0035929876596702648,-0.008692046287404094,-0.006385152197837945,-0.0001161955225689
2025-12-19,0.004477195851786958,0.0025096632845276784,0.0020411394770911704,0.0021141530085045292,0.0058433620360547
2025-12-22,0.00982049589205284,0.008703638376734676,0.011825706497640349,0.010611428852036985,0.0079333291061156
2025-12-23,-0.0022344105715789166,0.0006461531348107508,-0.006651146906390977,-0.00519105206795129,0.0001814888939914
2025-12-24,-0.002350914049739892,-0.0031056437293199126,-0.0023796029896593312,-0.0028936402585125524,-0.0013389838361685
2025-12-26,-0.005127937277256766,-0.006147915169486339,-0.007089197953248853,-0.006626963008228785,-0.003817552133005
2025-12-29,-0.004137359065290401,-0.002532613735860135,-0.004815846625922155,-0.004667228980475804,-0.0038476313101776
2025-12-30,0.00015584360421262497,6.404404499278608e-05,0.006014028527956039,0.004341204308165014,-0.0001252789885528
2025-12-31,0.0036329908746442667,0.001859995207850612,0.0033861440038551738,0.0030268416182902707,0.007353834224439
2026-01-01,-0.004888301182719605,-0.012309914499503043,0.0013831371855261422,0.0012464500568703455,0.0006487344669803
2026-01-02,0.004819025549024916,0.0023934331491651194,0.006936549735878355,0.007045135684534614,0.0069607651702385
2026-01-05,-0.0019342320055279914,0.0003000003346251556,0.0036254575875369933,0.0012117289554367363,-0.002972058760474
2026-01-06,0.0015016662646147672,0.006659749069600387,0.010397271403470647,0.009606682070959159,-0.0027276473171363
2026-01-07,-0.0018433518280831834,-0.0020360420455662813,-0.006090766599158884,-0.00278507861347928,-0.0014496220164682
2026-01-08,-0.011587113927808673,-0.008000049319080006,-0.008713582654154563,-0.007791599494371403,-0.0100953641584499
2026-01-09,-0.007171755259559159,-0.010040372092967863,-0.01212438316777895,-0.011970967312391107,-0.0074796132854935
2026-01-12,0.004651600016676842,0.006335805721689573,0.00796700820579508,0.007158106734727163,0.0041641539637333
2026-01-13,-0.0043285879517974,-0.0013798932270167356,-0.0006491257308230405,0.0010783256132910629,-0.0022469428853927
2026-01-14,-0.008310869440870533,-0.012796331551105782,-0.007911405799346127,-0.007862789021331022,-0.0025921184600641
2026-01-16,0.0030605434261267578,-0.0029618512120586963,-0.004992307941482007,-0.0013120475822922541,0.001120176439965
2026-01-19,-0.001541709872516233,0.003584316059432606,0.0005720156149601225,-0.0034916993783479736,-0.0042363247573811
2026-01-20,-0.013407845383863509,-0.0162464569500103,-0.014289806740573983,-0.011227052855718988,-0.0137968771374411
2026-01-21,-0.004625757589171569,-0.004913623867376702,-0.004222441690053104,-0.005856807157494067,-0.0029723570791637
2026-01-22,0.0050597609217311,0.005479277067124157,0.008564388294952548,0.007353131217994036,0.0052628596094603
2026-01-23,-0.0053747105239648745,-0.0018502649563654678,-0.010110676469163948,-0.00749978217231472,-0.0095393811867061
2026-01-27,0.0022404209907647167,4.17594550317059e-05,0.003810647064958147,0.006680643200665138,0.0050601528634628
2026-01-28,-0.001046434931505983,-0.0025390421126519147,-0.007264937156623233,-0.0028642172681791213,0.0066473464881742
2026-01-29,-0.0019933060052458743,-0.00789723715528295,-0.00386613053110083,0.0006610361733277816,0.0030048195489833
2026-01-30,-8.782862392630849e-05,0.0009708333064483066,0.0031483607005928756,-0.0003335221285808904,-0.0038652340774046
2026-02-02,-0.006030959357220608,-0.0018468275488639295,-0.008634199586567333,-0.0069532970617871784,-0.0091723552285208
2026-02-03,0.02349190794502534,0.021579418686164937,0.030181431374015556,0.028231667860206592,0.0254759323302189
2026-02-04,-0.003923586678140876,-0.0030011642551632674,0.009156490251866031,0.0061487236724198525,0.0018831648283172
2026-02-05,-0.0054375003638273,-0.003988443749937756,-0.0030833710962665404,-0.004338264117586639,-0.0051675674561607
2026-02-06,0.005559781915607158,0.00912439753833945,0.003982015997145785,0.004396214899859052,0.0019849016468285
2026-02-09,0.006447750692583789,0.0018304032906711223,0.01881166395850257,0.015654437221129577,0.0067565810988132
2026-02-10,0.0023136464255075415,0.0030315449366861507,-0.0019321414196077377,-0.0018791599515730207,0.0026229876069705
2026-02-11,0.0005667804135137665,-0.0018184005464605816,0.014045690009467114,0.009697310099440568,0.0007209990483325
2026-02-12,-0.010939283293663815,-0.011703647107625843,0.0021241555044489587,-0.0024257758451932264,-0.0056504292362096
2026-02-13,-0.012990512441258156,-0.018012339915165657,-0.0035154484101885468,-0.011262917663398375,-0.0130234825765521
2026-02-16,0.0060849976771916925,0.008034534367688159,0.004792984790206651,0.004249529703830722,0.0083094328030934
2026-02-17,0.005618123783868917,0.005136090345275213,0.0021926835971952108,0.0017391503989420195,0.0016606629206374
2026-02-18,0.0030900460475688915,0.0030856256017813615,0.0015036512826610185,0.002755286897472372,0.0036520021971839
2026-02-19,-0.012839945006732892,-0.012779942560437385,-0.013890332607820086,-0.014629087761777503,-0.0141366845223501
2026-02-20,0.00448196338183755,0.00426895997401925,0.00230658237013884,0.005136263354366246,0.0045925506806878
2026-02-23,0.003950693147011992,0.005513379022642418,0.008624129232232124,0.008431662246139162,0.0055433347998239
2026-02-24,-0.014964126204989481,-0.010384477120029748,-0.013347599248965478,-0.009972972556799076,-0.0112141566279703
2026-02-25,0.0016427521575243834,0.004421732614624631,-0.0064290757612460855,-0.0016459365659359853,0.0022753354908011
2026-02-26,0.0032974314919763754,0.0024276673771723234,0.007163714781785554,0.007127038512198331,0.0005513894339252
2026-02-27,-0.012828480891316642,-0.015984834556657012,-0.018259780740016142,-0.01905080237561155,-0.0124683685002122
2026-03-02,-0.012074913983280615,-0.0053243600810999716,-0.011631177486094268,-0.01024396715212453,-0.0124292274216383
2026-03-04,-0.009695034217739741,-0.010334090201324673,-0.0035550101658958166,-0.007010640667539101,-0.0154911878954741
2026-03-05,0.008578708897192509,0.00410553605161969,0.004303219844537635,0.005575685531924856,0.0116582745705766
2026-03-06,-0.011926812797200141,-0.01232316693724659,-0.019681174215380903,-0.015338474361949324,-0.012737318930444
2026-03-09,-0.014555414936698001,-0.014787722365041871,-0.02557128574988536,-0.01927876679118711,-0.0172756923081839
2026-03-10,0.004634766403470975,0.005806201220070798,0.009617833882652112,0.0064241102202758065,0.0097198407915488
2026-03-11,-0.013625257126334077,-0.01178964474886921,-0.020533999805925247,-0.016680739560535465,-0.0162705677430874
2026-03-12,-0.0118524728145945,-0.009795426572362266,-0.012270851395995415,-0.011836074184894341,-0.0095403969303329
2026-03-13,-0.01799288411757633,-0.01048072965826954,-0.020024570248895028,-0.013775652003075152,-0.0206458681122294
2026-03-16,0.008896591462159516,0.010231167517358551,0.008540709035362106,0.005841567302179553,0.0111312713531173
2026-03-17,0.0036472237429256414,0.0006214537240703313,0.011117821463095317,0.008045162241580731,0.0073625988356076
2026-03-18,0.0063240105947493745,0.0002706903656745389,0.006900752086563234,0.0036016601916914557,0.0083393043752089
2026-03-19,-0.02957274925208674,-0.030523465310442317,-0.024520900076097914,-0.023985117837770582,-0.0326207792621695
2026-03-20,0.00717334724006899,0.003097525200303957,0.004940470114254436,0.006837807923110156,0.0048843089653387
2026-03-23,-0.01888807825742446,-0.021837265870841,-0.02465102496915685,-0.02025054638238087,-0.0260377516007268
2026-03-24,0.013054800439561884,0.011199559347400556,0.005820478321602614,0.007396964943083366,0.0177566831565274
2026-03-25,0.01582886880109295,0.016873129144476286,0.021670330753885823,0.02053821045985898,0.0171980596274072
2026-03-27,-0.018104859009098133,-0.015971695033315754,-0.01944016621681524,-0.01851300466996822,-0.0208890511293899
2026-03-30,-0.019651834800258172,-0.02076477863774259,-0.027726059991750124,-0.022284058796616966,-0.0213938555937428
2026-04-01,0.013932126907842991,0.00909141602036044,0.016043010528326337,0.010806599574116543,0.0155834382937352
2026-04-02,0.003182547939723775,0.0032255443015556085,0.0037493551594166416,0.0007810590821115763,0.0014858954897207
2026-04-06,0.007351541675585532,0.010582020706476828,0.008321378613490785,0.005994975443759712,0.0112336226676734
2026-04-07,0.010770861170965195,0.01191509862298994,0.008973000482584433,0.010567443264179733,0.0067658785769486
2026-04-08,0.030671789050601486,0.025287728691547547,0.03533527012431194,0.02932809255765007,0.0377837929561599
2026-04-09,-0.008966898136495684,-0.006033265786133706,-0.009035051594581347,-0.0072063390398860935,-0.0092614394346771
2026-04-10,0.003516311412253341,0.0006285704653435293,0.012450253885547938,0.007983529901161506,0.0115877537645043
2026-04-13,-0.011576827396038075,-0.012643603469502294,-0.01142666947135689,-0.010482323896927255,-0.0086463215939506
2026-04-15,0.016133801156963952,0.016611196046702036,0.005887353956525031,0.009202606754628353,0.0163006370624727
2026-04-16,-0.00044480718497969153,-0.003747588871119791,-0.004231853653766335,-0.0036995785363174924,-0.0014258739785333
2026-04-17,0.007605847780380325,0.011358310439018714,0.006709145088608583,0.011661838941736571,0.0064802414063871
2026-04-20,-0.00045361804743949177,-0.0016230324825057287,0.007347684922319111,0.003457987951160084,0.0004639499277327
2026-04-21,0.009442296972506557,0.015338954826307953,0.005367643248411106,0.009371317856406464,0.0086907985641135
2026-04-22,-0.009529823434207323,-0.005818737594209969,-0.010352765394412275,-0.0035536490324990797,-0.0080767886182383
2026-04-23,-0.006520619535753199,-0.005983438036376609,-0.00536322550962252,-0.0033489779155418176,-0.008411190019346
2026-04-24,-0.019728440855897263,-0.018916994904818088,-0.00694170374637867,-0.012485441635705249,-0.0113805065396787
2026-04-27,0.014517841473068725,0.015827978100811674,0.009932442548149298,0.01314228637052134,0.0081492348241831
2026-04-28,-0.005574314572388083,-0.006796196199126846,-0.008635889489105618,-0.007049810690791611,-0.0040261159249649
2026-04-29,0.014103568687902714,0.012658193790008865,0.012539646027495814,0.014233972222808386,0.007582657634449
2026-04-30,-0.0046556778519114906,-0.006183937985574865,-0.004984659548356447,-0.0063803027347796816,-0.0074490120613553
2026-05-04,0.003504228637444561,0.004163469914345314,-0.0035202555619875293,0.0024264245458140506,0.0050734344146123
2026-05-05,-0.0043378005722510835,-0.002882624513424664,-0.01002003751008447,-0.006294633745985818,-0.0035863394542201
2026-05-06,0.0083181040719465,0.012213316099489306,0.023996786045114838,0.01557761699973513,0.0124058964335362
2026-05-07,-0.0049134861237084245,-0.00817988244123482,-0.0018955639609828515,-0.005222544438943386,-0.000176681480297
2026-05-08,-0.006897852699988641,-0.005063514103221046,-0.020986004245953243,-0.010838042020302164,-0.0061866306122441
2026-05-11,-0.012595817429860124,-0.006318559086913455,-0.030516142303163123,-0.01921778843470615,-0.0149031494025498
2026-05-12,-0.018419940758239897,-0.018980325866005874,-0.008519678313981606,-0.011984961127893233,-0.0183196835418901
2026-05-13,-0.0006932799234721667,-0.0014542452697801334,0.002133466155018302,0.0015377886688969446,0.0014135784059419
2026-05-14,0.0074376902726447,0.00886543851592714,0.021527066477693573,0.015688507492070628,0.0118312363693726
2026-05-15,0.004061518633285008,0.006195978918180786,0.00638383122202538,0.006470039022976724,-0.0019459851637491
2026-05-18,0.0020118352349577087,0.0016382532132041734,-0.0047743427833484295,-0.002194831577286877,0.0002727692071817
2026-05-19,0.0010739102042453166,-0.0025603234158773753,-0.005516924900917395,-0.0060634468401292545,-0.0013509212410769
2026-05-20,-0.00025298366817269136,-0.0037154066619121645,-0.0021038703403411267,-0.0034567935489084618,0.0017359640951817
2026-05-21,-0.002119964534263169,-0.0015385157993470032,-0.00275029096038788,-0.005923517570596675,-0.0001817820385476
2026-05-22,-0.001215335632822859,-0.00408295804184809,-0.008981927855203296,-0.003942810981193046,0.0027310244743588
2026-05-25,0.010688610859488959,0.00781493227411178,0.005934924622819276,0.0024894431025804533,0.0131706427765758
2026-05-26,-0.0046613248942722835,-0.004367388081169516,-0.004160856572743825,-0.0030281885334322582,-0.0049101812953756
2026-05-27,-0.002579111970200492,-0.003900479579370017,0.000701986052169069,-0.001775606765477968,-0.0002738525756761
2026-05-29,-0.0126738299757602,-0.016754976370584942,-0.014248208528519313,-0.016409081165093896,-0.0150331756295779
2026-06-01,-0.006113084842412982,-0.010010145830222352,-0.009959375375948161,-0.011328445365333844,-0.0070134255130532
2026-06-02,0.011371602177013499,0.010489405433031647,0.0007534584579753653,0.0047872073253257515,0.0043173630631951
2026-06-03,-0.009813491933816207,-0.010258025689793374,0.005527350917098435,-0.0008526398327415577,-0.0033193946094914
2026-06-04,-0.0008022164297827915,0.0006200629356344101,-0.00012911981247625245,-0.003843075239573685,0.0004678868329701
2026-06-05,-0.0013875173666664414,0.0009482834554736571,-0.0014354951973409168,0.00215329481601997,-0.0021289028843615
2026-06-08,-0.007967242205945357,-0.005428768746679321,0.004363523580737248,-0.0007482432554183941,-0.0104293386271027
2026-06-09,0.005070534196988757,0.004296151286075011,0.0033701523317908122,0.0013682197663603922,0.0051506988442242
2026-06-10,0.0027362936798575664,0.007313748493603595,-0.0007784569516468131,0.0022957484321815664,-0.0011681556778996
2026-06-11,-0.0034175631073577665,-0.0021693423731222756,0.0003906598943309208,-0.0037096198428869555,-0.0022980713363744
2026-06-12,0.01927847196632215,0.015276077703454311,0.015249108314342171,0.016150690627473423,0.0199166201397973
2026-06-15,0.00864170889315425,0.002544158471960291,0.003269147490643352,0.003570269409972998,0.0097786468291451
2026-06-16,0.006943237720151784,0.008283315411299067,0.0015311390985066188,0.007980237605138517,0.0056699322871809
2026-06-17,0.005131496381794634,0.004495000278039662,0.010120538756653887,0.006925085909952208,0.004024687267071
2026-06-18,-0.0004566455004464334,0.0030737095659349885,0.0062452151626391375,0.002938887271582596,0.0034169978003351
2026-06-19,-0.00921595308592441,-0.005729200022446604,0.0047041181148106065,-0.001700838919229705,-0.0064093177186775
2026-06-22,0.004471648599244183,0.0036374076019335447,0.006086801822596697,0.004416762394703516,0.003739658049598
2026-06-23,-0.011139451454692617,-0.008576828952781779,-0.006376522360395095,-0.006031778133171432,-0.0115671050675063
2026-06-24,0.007530372600125098,0.008361415094003077,9.551440239407057e-05,0.0004965417503637443,0.0082920565515207
2026-06-25,0.00319887804586335,0.0015785006081688259,-0.0022254471139250115,-0.0020535603338590657,0.00142994377224
2026-06-29,-0.005380035814794446,-0.0016995920924418632,-0.0033513044927066956,-0.004519541089478777,-0.0045622713668107
2026-06-30,-0.006072684978757943,-0.009369530687061532,-0.004416890380902432,-0.006753763818058402,-0.0033616954637991
2026-07-01,0.004533454184104167,0.007015647955307973,0.01270950955323789,0.012211875412011191,0.0058703208311072
2026-07-02,0.009959347958909948,0.010169212604613238,0.003957916647312286,0.008026056675384275,0.0070753425577017
2026-07-03,0.0040283658995119995,0.005980634460878153,0.007372389217907643,0.007446064192612994,0.0039357865004874
2026-07-06,0.00438476829430545,0.003590159414847507,0.0030443175821502438,0.004762336221168566,0.0065716694127753
2026-07-07,0.002051044928125679,0.002304090214906005,-0.00024256077096070785,0.0014396843762933288,-0.0012955357222089
2026-07-08,-0.022255433640930168,-0.02205443253439995,-0.01774350462279225,-0.02066692964008496,-0.0211752451582731
2026-07-09,0.0030858216430430575,0.0074100040568548615,0.0167935892550136,0.012498403925652159,0.0033812004144717
2026-07-10,0.008701353232475166,0.004970083617524196,0.0021699425966325418,0.0025330769945726916,0.010186605964942
2026-07-13,0.002271266937618708,0.001184291131798143,-0.005766766839461556,-0.005492686455830701,0.0001693570555851
2026-07-14,-0.005102220584469809,-0.0023617493372279667,0.0021016856786631954,0.0027123076305237497,-0.0065651653690471
2026-07-15,-0.0003321295907104002,0.0016248030618280348,0.0019897054637804026,-0.003404758880966988,0.0010996658451518
2026-07-16,0.0022515495026007248,0.0016149119416938795,0.00044218449567806265,-4.0318131596945264e-06,-0.0002388022509708
2026-07-17,0.011257759938005608,0.010310175288642306,0.0012838488008929296,0.005888131235347347,0.010865014643113
2026-07-20,-0.0021162045470226494,-0.0014252667646547017,0.012874547810255078,0.004414498403881003,-0.0039368618852535
2026-07-21,-0.005286780537626941,-0.004413384590672267,-0.0021023529258804062,-0.0010000750500116769,-0.0020958714957608
2026-07-22,-0.00815591282082345,-0.006066840541749,-0.007722304908700328,-0.003923545990531021,-0.0079151479856997
2026-07-23,-0.003431324112071075,0.0004548939811833351,-0.004314325340546861,-0.0021583538881685092,-0.0052779242850445
2026-07-24,-0.0009634869223496084,-0.0017774009517969108,-0.0034658520218825866,-0.005001393276798243,-0.0042795183956449
2026-07-27,0.011364270442195809,0.011461176153247416,0.00922407608430571,0.011289942996933797,0.0096139891957669
2026-07-28,-0.0021589509060710574,-0.00912043975481717,-0.009470477632983268,-0.019094759549365445,-0.0004417249460887
2026-07-29,0.018000733623580997,0.017676170879067393,0.01464767370089465,0.025373283025620728,0.0110421408771743
2026-07-30,0.003511967275830433,0.0011515889702499592,0.005613965032313871,0.00252268105682989,0.0027608503860552
2026-07-31,-0.004438434358000031,-0.0069908342598406685,0.0010247640970033596,-0.0011835986297396802,0.0027326071386892
2026-08-03,0.015682697435906296,0.013618474719109513,0.0025893402014303376,0.00659622369822827,0.0160231129994761
2026-08-04,-0.006479773150108525,-0.005376797174223172,-0.002644980703876383,-0.00778511469389773,-0.0064341025013161
2026-08-05,-0.002084504210347841,-0.006534571628272202,0.00048282160839989164,-0.0026895127343683567,0.0003961015419633
2026-08-06,0.001749488111532583,-0.0005037425733510415,0.0052964321783693985,-0.0007781297578736934,0.0004609043862535
2026-08-07,0.004046442296481708,0.002987701845236963,0.0050654006122779005,0.004559708832414995,-0.0026526063230638
2026-08-10,-0.0034316585488119084,-0.004483801433489056,-0.010195346532308577,-0.00474414618195707,0.0005352072662276
2026-08-11,-0.004493340302849383,-0.004698706956752917,-0.007152276908857578,-0.007372914270311822,-0.004559976852135
2026-08-12,-0.003188256792756991,-0.004341137598065875,0.009332983539921149,0.00389125513642999,-0.0014608711753293
2026-08-13,0.0005819202689845914,0.001205190311179005,-0.0010337928284627962,0.0015603000458329986,-0.0016410088683697
2026-08-14,-0.0008905233469551835,-0.0010083566804114212,0.0029577578456601327,0.0032608042965434217,-0.0012235527703666
2026-08-17,-0.009059174860084108,-0.012941402395340845,-0.013795737188415558,-0.01295836214529391,-0.003215530221415
2026-08-18,-0.008567872611370058,-0.008686643126424207,-0.00873135031351876,-0.007080223874128892,-0.0054657407309864
2026-08-19,-0.0026826461340588885,-0.001881399568762456,-0.0039425312754042315,-0.0051681715316218525,-0.0031711829954277
2026-08-20,0.006660884659973491,0.006905228031340156,0.005232197689941942,0.005140313288908695,0.0063770624646639
2026-08-21,-0.0019261878047876584,-0.0021917787658202914,0.002501789053919429,0.0008924397093823699,0.0008315663455258
2026-08-24,-0.00030921617999784184,0.0004941038756858083,-0.004984446209492879,-0.002977397157016169,-0.0013586186190829
2026-08-25,0.005168674574198015,0.004654471006778876,0.006574338302360052,0.00523397435267517,0.0047689730304962
2026-08-26,-0.009171515303683615,-0.00655363997887648,-0.005404620080848107,-0.006786849900305202,-0.0052107303064621
2026-08-27,-0.006351264309429959,-0.003867606919223658,-0.002895002154896383,-0.004757302829077867,-0.0048290481612293
2026-08-28,0.006157462158877375,0.002220712989240909,-0.0018713265025339348,0.0011692845331428114,0.0035200411203846
2026-08-31,-0.002170745314215758,-0.0024484213374538987,0.002297865279216474,-0.0005021832976069201,-0.0039399146852709
2026-09-01,0.0005206555909662325,0.002656498928485172,-0.002517745185433008,-0.0021784076764084274,-0.0010215614763854
2026-09-02,-0.0067670458557563505,-0.006255394331464047,-0.008504410592312737,-0.007033725876751527,-0.0058759865774318
2026-09-03,-0.0033226365858602834,-0.004272442952379935,0.001656449080569228,-0.0008265064882554049,-0.0017144446700387
2026-09-04,-0.002185478635273892,-0.002810899330126717,-0.009108684472255386,-0.0036632929626920405,0.0010157727849795
2026-09-07,-0.005053608889689741,-0.003922286906679503,-3.311033439685024e-05,-0.0015076209702220146,-0.0049606795633274
2026-09-08,-0.006107792258603825,-0.004030976057127172,-0.007377459206592012,-0.006228713370101205,-0.0060578607260414
2026-09-09,-0.014743145546429038,-0.013839596648377417,-0.010320588374731043,-0.010801259896088128,-0.0086142903029797
2026-09-10,0.0018007709620427084,0.0005161170424027781,0.005573253912881751,0.003810913856750352,0.0019760058574995
2026-09-11,-0.004388044903520567,-0.004090057366207107,-0.00770357475729026,-0.007900350886693264,-0.0033947460674703
2026-09-15,-0.0027054813851575166,-0.002867210331336847,-0.0150181094162041,-0.013145369799734932,-0.0119454145706778
2026-09-16,0.002497717477011883,0.00872124181764428,0.010880296757990142,0.006435644576485202,0.0042822662995491
2026-09-17,0.0005756297927250583,0.00013801957394114076,-0.002381788539520557,-0.0015759056050062207,0.0022827510548764
2026-09-18,-0.003699395750145209,-0.005233682769586022,0.008095105258444783,0.002776229885305608,0.0032573626173113
2026-09-21,0.004239758498942617,0.006487786977049468,-0.006971961366612246,0.00016512008875612278,0.0029083879951046
2026-09-22,-0.006415148023199916,-0.006828372717000392,-0.0072501412232812415,-0.007052110908134123,-0.0036431060678228
2026-09-23,0.004929665508390141,0.0065777949694756895,0.005896422528676082,0.006812474839391292,0.0050495426829269
2026-09-24,-0.01200494419746498,-0.009866958470238761,-0.012869191379682164,-0.013696632613613724,-0.0163647559193593
2026-09-25,0.0010017015858466835,0.0010775288943974451,-0.0019643758461000884,0.000993041694685194,0.0033560272442103
2026-09-28,-0.0145809070722086,-0.01393024631860753,-0.015135506902143835,-0.01898894068284598,-0.0155679436485814
2026-09-29,-0.0031075821595560912,-0.0007558085261655219,1.902799467256832e-05,-0.005293492758137144,-0.0028116803481085
2026-09-30,-0.0028220176506373418,-0.005608767006422546,0.00023138205070061832,0.0034290613355315927,-0.0042150537190643
2026-10-01,-0.007709418275777999,-0.009819281373591891,-0.007781468846292391,-0.011857553228034523,-0.0087752457115424
