Date,RELIANCE.NS,TCS.NS,HDFCBANK.NS,ICICIBANK.NS,SBIN.NS,BHARTIARTL.NS,INFY.NS,ITC.NS,HINDUNILVR.NS,LT.NS,SUNPHARMA.NS,MARUTI.NS
2020-01-01,672.2161865234375,1831.1099853515625,595.67724609375,514.7979125976562,303.13848876953125,427.9308776855469,619.7403564453125,168.79664611816406,1732.3111572265625,1180.6744384765625,405.0125427246094,6876.2763671875
2020-01-02,683.6603393554688,1822.703857421875,599.4741821289062,518.4904174804688,307.534423828125,429.72454833984375,617.9319458007812,170.03726196289062,1733.6529541015625,1212.5361328125,405.6187744140625,6893.34521484375
2020-01-03,684.4840698242188,1859.0294189453125,590.9252319335938,516.81201171875,302.4587097167969,429.630126953125,627.4360961914062,169.0802001953125,1724.1707763671875,1203.297607421875,414.6179504394531,6822.2470703125
2020-01-06,668.609375,1858.8602294921875,578.1367797851562,504.1998596191406,289.1348876953125,424.485107421875,621.4224853515625,166.66986083984375,1713.4365234375,1186.803466796875,410.281494140625,6623.01318359375
2020-01-07,678.8956298828125,1863.422119140625,587.2913208007812,501.51434326171875,288.5910949707031,420.1897888183594,612.2128295898438,166.84707641601562,1718.132568359375,1190.183349609375,416.29656982421875,6652.35546875
2020-01-08,673.7969970703125,1905.153564453125,585.7539672851562,504.43963623046875,289.8600158691406,433.1702575683594,604.0545043945312,166.03176879882812,1725.8707275390625,1164.0904541015625,410.42144775390625,6616.24267578125
2020-01-09,689.3154907226562,1870.602783203125,592.3229370117188,523.9573364257812,299.286376953125,434.35028076171875,611.9183349609375,167.16607666015625,1730.9693603515625,1186.2628173828125,410.1882629394531,6797.466796875
2020-01-10,689.15966796875,1869.927001953125,597.5873413085938,518.1548461914062,301.1444396972656,431.4237976074219,620.833740234375,168.72573852539062,1747.9207763671875,1193.87890625,413.6854248046875,6893.9560546875
2020-01-13,687.4007568359375,1850.327880859375,599.124755859375,516.5722045898438,299.7848815917969,442.65777587890625,650.6075439453125,169.61190795898438,1784.4625244140625,1202.9820556640625,414.6179504394531,6914.83544921875
2020-01-14,681.0330200195312,1864.3087158203125,600.75537109375,515.6131591796875,297.2923278808594,443.0826110839844,652.3738403320312,172.44761657714844,1796.941162109375,1195.2308349609375,415.92352294921875,6946.90380859375
2020-01-15,678.5616455078125,1881.2042236328125,598.3094482421875,513.6948852539062,293.8934020996094,441.66656494140625,645.5609130859375,171.8450469970703,1808.4359130859375,1192.9774169921875,418.7678527832031,7037.328125
2020-01-16,684.8180541992188,1891.2569580078125,599.8934326171875,515.1815795898438,293.0323181152344,447.3779602050781,645.098388671875,170.67529296875,1833.125244140625,1189.10205078125,418.7678527832031,7018.236328125
2020-01-17,704.0101928710938,1874.6148681640625,595.4675903320312,510.2901306152344,288.228515625,472.06451416015625,645.8134155273438,170.10816955566406,1843.009765625,1175.4920654296875,423.9435729980469,7072.3125
2020-01-20,682.3466186523438,1833.4329833984375,584.6357421875,512.9756469726562,284.60302734375,480.23040771484375,646.3179931640625,171.49058532714844,1845.290771484375,1180.3590087890625,419.1408996582031,7005.96435546875
2020-01-21,683.0369262695312,1834.0242919921875,579.720703125,509.3310241699219,284.3310852050781,483.10968017578125,641.313720703125,169.04476928710938,1838.62646484375,1173.82470703125,417.22918701171875,6867.76513671875
2020-01-22,682.7919311523438,1864.3087158203125,578.0901489257812,501.46636962890625,286.5517578125,485.7057800292969,647.7899169921875,168.7611846923828,1835.3167724609375,1166.4788818359375,416.20330810546875,6710.6630859375
2020-01-23,679.8975219726562,1855.0377197265625,579.95361328125,506.1180725097656,292.94171142578125,494.3436584472656,659.6909790039062,168.6548309326172,1839.96826171875,1200.8189697265625,419.513916015625,6721.478515625
2020-01-24,677.5374755859375,1848.6451416015625,579.8139038085938,512.0165405273438,293.7121276855469,494.91015625,658.3453979492188,168.8320770263672,1854.99658203125,1225.0643310546875,417.60211181640625,6703.93896484375
2020-01-27,670.8580932617188,1836.664794921875,565.2085571289062,515.2775268554688,286.59710693359375,485.6114196777344,654.4344482421875,166.3153839111328,1843.9490966796875,1215.51025390625,418.16168212890625,6723.0771484375
2020-01-28,655.3617553710938,1848.94189453125,569.8673095703125,506.5975646972656,285.6000061035156,463.7569580078125,654.3502807617188,163.58599853515625,1843.2783203125,1213.7528076171875,422.35821533203125,6580.36376953125
2020-01-29,658.9686279296875,1824.260986328125,575.7606811523438,505.06304931640625,286.82366943359375,462.8128967285156,664.1907958984375,167.7686767578125,1855.4437255859375,1230.9227294921875,419.7470703125,6592.82470703125
2020-01-30,642.8935546875,1810.07861328125,571.1951293945312,510.4339599609375,281.61199951171875,462.38812255859375,656.62109375,165.9254608154297,1841.041748046875,1234.9786376953125,412.2865295410156,6602.37109375
2020-01-31,628.5995483398438,1760.2943115234375,571.3115234375,504.1518859863281,288.63641357421875,468.6659851074219,652.6260375976562,166.70530700683594,1819.707275390625,1234.16748046875,405.0125427246094,6501.78955078125
2020-02-03,616.9552001953125,1780.148681640625,555.7045288085938,494.4649963378906,270.1915588378906,481.50482177734375,645.4349365234375,147.17420959472656,1949.1463623046875,1159.674072265625,389.39208984375,6593.765625
2020-02-04,635.167724609375,1784.5938720703125,572.942138671875,509.0912780761719,277.5785827636719,489.8595275878906,662.6347045898438,152.8811492919922,1928.259033203125,1164.270751953125,396.9458312988281,6770.8515625
2020-02-05,645.0087280273438,1817.4453125,579.8604736328125,517.0518188476562,281.8838806152344,503.5008239746094,659.8591918945312,153.44827270507812,1932.463623046875,1180.7647705078125,397.5054016113281,6621.60302734375
2020-02-06,649.14990234375,1802.03564453125,577.6009521484375,519.4495239257812,291.8087158203125,516.1981201171875,648.7571411132812,151.39234924316406,1928.9744873046875,1187.5697021484375,401.60870361328125,6603.4521484375
2020-02-07,638.3961791992188,1808.978271484375,578.7191162109375,514.5101928710938,290.5397644042969,509.2593994140625,653.761474609375,151.28602600097656,1932.1500244140625,1170.8052978515625,401.74859619140625,6556.57080078125
2020-02-10,639.2644653320312,1830.4840087890625,577.833984375,512.1123657226562,288.6817321777344,508.5514221191406,650.3130493164062,149.26559448242188,1931.5687255859375,1158.457275390625,391.95660400390625,6482.41650390625
2020-02-11,646.9013061523438,1823.2447509765625,577.9737548828125,517.6752319335938,293.98406982421875,504.39764404296875,650.6075439453125,150.7188720703125,1925.620361328125,1159.8992919921875,390.32464599609375,6614.87890625
2020-02-12,654.7161254882812,1837.9345703125,581.8871459960938,526.8346557617188,290.22259521484375,509.4010925292969,656.91552734375,151.0378875732422,2021.96142578125,1169.273193359375,386.64105224609375,6623.8603515625
2020-02-13,656.4304809570312,1855.884521484375,578.346435546875,518.8741455078125,296.7938232421875,509.73150634765625,666.3355102539062,150.22259521484375,2042.580078125,1164.7215576171875,390.69769287109375,6587.8876953125
2020-02-14,662.4197387695312,1849.3228759765625,568.07373046875,523.4777221679688,289.4974365234375,533.3795166015625,661.4572143554688,147.24508666992188,2017.219970703125,1167.3353271484375,390.32464599609375,6502.07177734375
2020-02-17,658.2562255859375,1865.4520263671875,567.0487670898438,519.4495239257812,284.7843322753906,533.2379150390625,663.98046875,145.189208984375,2015.0289306640625,1153.8607177734375,383.60870361328125,6495.4423828125
2020-02-18,653.4246826171875,1876.0355224609375,565.2318115234375,519.06591796875,287.8206481933594,517.5669555664062,670.8771362304688,144.51571655273438,1998.748046875,1159.403564453125,383.843505859375,6377.27392578125
2020-02-19,669.6334838867188,1859.60986328125,571.7307739257812,522.5186157226562,290.3585510253906,512.9883422851562,673.232177734375,146.5361785888672,2050.407470703125,1154.942138671875,379.0531005859375,6354.2333984375
2020-02-20,661.6849365234375,1826.123779296875,567.0253295898438,524.6287231445312,296.97509765625,515.0652465820312,670.33056640625,147.06787109375,2011.137451171875,1154.2210693359375,380.36810302734375,6355.173828125
2020-02-24,643.4278564453125,1791.02880859375,563.6943969726562,508.18011474609375,292.7151184082031,500.243896484375,669.3632202148438,143.91311645507812,1981.5281982421875,1135.383544921875,373.6991271972656,6085.07666015625
2020-02-25,630.7147827148438,1825.5736083984375,559.1986694335938,509.23504638671875,296.2046203613281,505.29449462890625,671.5079956054688,143.0624237060547,1998.0325927734375,1119.4755859375,365.2923889160156,6032.55322265625
2020-02-26,619.8496704101562,1798.01416015625,558.7093505859375,502.2816467285156,297.4736022949219,505.95526123046875,658.3453979492188,140.79385375976562,2000.358154296875,1091.625,351.9543762207031,5863.5546875
2020-02-27,617.2891845703125,1782.6885986328125,558.8026123046875,494.2731018066406,291.8087158203125,501.8959045410156,654.2240600585938,140.0494384765625,2017.130615234375,1090.90380859375,364.91668701171875,5915.23193359375
2020-02-28,591.64013671875,1693.490966796875,548.6464233398438,476.91339111328125,274.63287353515625,494.2021179199219,615.4087524414062,140.0494384765625,1945.388916015625,1070.35400390625,350.2636413574219,5908.9306640625
2020-03-02,586.0740356445312,1694.464599609375,549.5548095703125,485.4014587402344,260.4933776855469,489.3403015136719,623.2728271484375,138.45437622070312,1931.7030029296875,1046.333984375,347.07000732421875,5910.8583984375
2020-03-03,597.96337890625,1724.013671875,550.579833984375,493.69769287109375,262.7139892578125,491.6532287597656,628.2771606445312,137.42640686035156,1938.14306640625,1064.720703125,369.6601257324219,6005.75
2020-03-04,596.5607299804688,1763.807861328125,535.2288818359375,487.5594482421875,258.5899353027344,487.8298645019531,638.15966796875,132.9246826171875,1946.3729248046875,1060.5296630859375,380.83770751953125,6004.1513671875
2020-03-05,583.8475341796875,1799.2413330078125,536.3937377929688,483.8668518066406,261.4903564453125,497.41180419921875,634.669189453125,133.3146209716797,1984.078125,1065.7572021484375,380.3211364746094,5986.84716796875
2020-03-06,565.9688720703125,1791.959716796875,528.72998046875,466.4591979980469,245.175537109375,490.0955505371094,621.5064697265625,128.8483428955078,1958.047119140625,1044.5313720703125,376.56396484375,6062.08349609375
2020-03-09,496.1245422363281,1669.9530029296875,515.8715209960938,439.0289001464844,229.72177124023438,468.4771423339844,592.48974609375,125.62271118164062,1897.7554931640625,993.201416015625,369.4722900390625,5831.814453125
2020-03-11,513.6691284179688,1654.1624755859375,518.8998413085938,446.60577392578125,222.1535186767578,466.164306640625,576.97216796875,124.52384948730469,1927.7220458984375,1006.7212524414062,362.5215148925781,5780.27783203125
2020-03-12,473.3477478027344,1498.4998779296875,475.8056335449219,408.2417297363281,192.69618225097656,438.9288635253906,530.881591796875,110.45155334472656,1839.11865234375,916.2294921875,333.2623596191406,5307.0908203125
2020-03-13,492.1837158203125,1529.361572265625,498.4009704589844,428.91033935546875,219.34371948242188,464.3233947753906,540.259521484375,115.02417755126953,1818.76806640625,947.6852416992188,360.8777160644531,5490.90185546875
2020-03-16,452.28533935546875,1436.31103515625,465.6494445800781,386.422119140625,202.43975830078125,438.7872619628906,490.4682922363281,104.39019775390625,1737.0966796875,873.101806640625,346.177734375,5153.89208984375
2020-03-17,448.8565979003906,1403.798828125,454.2818908691406,352.23016357421875,195.00746154785156,429.2525329589844,466.750244140625,105.73716735839844,1792.6922607421875,862.3309326171875,347.6805725097656,5270.22607421875
2020-03-18,431.2674865722656,1400.750732421875,408.5322570800781,340.52911376953125,195.05276489257812,401.7339172363281,449.3821716308594,106.83602905273438,1720.906005859375,815.2825317382812,340.7297668457031,5033.890625
2020-03-19,408.64654541015625,1395.5904541015625,417.220947265625,324.70391845703125,184.58407592773438,419.8593444824219,458.8442077636719,114.7406005859375,1644.4229736328125,759.896728515625,338.5224609375,4532.5380859375
2020-03-20,453.2872619628906,1532.98779296875,411.3042297363281,331.5615234375,190.2036590576172,436.7575988769531,492.1924743652344,124.41748809814453,1835.3167724609375,779.3651733398438,343.0780334472656,4776.7255859375
2020-03-23,393.6623840332031,1424.0341796875,359.4515686035156,272.3849182128906,164.5984344482422,384.552490234375,442.77978515625,109.38816833496094,1672.5115966796875,652.595458984375,304.8017578125,3969.021484375
2020-03-24,420.090576171875,1452.5625,357.65789794921875,284.3736877441406,166.04864501953125,381.43719482421875,496.0614013671875,106.1270751953125,1813.982177734375,646.9749145507812,314.80517578125,4219.275390625
2020-03-25,481.9196472167969,1492.7750244140625,399.1447448730469,303.93939208984375,172.12139892578125,405.0852355957031,509.85498046875,104.46107482910156,1867.9224853515625,699.845947265625,326.5463562011719,4707.837890625
2020-03-26,474.7727355957031,1527.444091796875,419.8066101074219,316.743408203125,174.70457458496094,444.3570861816406,540.80615234375,110.8769302368164,1963.4141845703125,765.877685546875,317.7640075683594,4587.50732421875
2020-03-27,474.50555419921875,1556.0577392578125,421.3673400878906,325.9507751464844,177.60499572753906,423.8243103027344,548.9645385742188,115.6976318359375,1914.7960205078125,765.009521484375,317.7170715332031,4369.4169921875
2020-03-30,458.85345458984375,1516.825927734375,387.4510803222656,300.5825500488281,169.40225219726562,406.9260559082031,527.0966796875,112.86192321777344,1953.97705078125,729.9144897460938,312.5039367675781,4070.68310546875
2020-03-31,495.94647216796875,1557.42236328125,401.5440673828125,310.50921630859375,178.4207305908203,416.224853515625,539.544677734375,121.72357177734375,2056.087646484375,738.916748046875,330.91412353515625,4032.925048828125
2020-04-01,481.1181640625,1457.33837890625,386.51934814453125,298.4245300292969,169.0850067138672,397.7689208984375,506.99530029296875,117.96623229980469,1949.7725830078125,707.705810546875,322.6952819824219,3993.472900390625
2020-04-03,479.78228759765625,1410.814453125,379.1583557128906,274.926513671875,159.0695343017578,400.2234191894531,492.6130676269531,126.11893463134766,1926.917236328125,707.97998046875,353.1285400390625,3772.608642578125
2020-04-07,537.0693969726562,1514.01171875,417.47723388671875,312.76312255859375,168.9490509033203,443.88507080078125,537.4419555664062,128.70654296875,2187.047607421875,732.6561889648438,392.0153503417969,4282.47265625
2020-04-08,530.8574829101562,1454.5240478515625,414.1228332519531,305.9055480957031,165.86737060546875,435.8135070800781,531.218017578125,126.65068054199219,2201.31591796875,737.63720703125,410.1907653808594,4418.32080078125
2020-04-09,543.2366943359375,1506.29296875,430.9645080566406,328.6842346191406,170.17269897460938,461.34967041015625,535.12890625,131.32958984375,2122.059814453125,742.8465576171875,426.86334228515625,5009.439453125
2020-04-13,529.521728515625,1500.4083251953125,417.1277770996094,317.1270446777344,166.320556640625,483.53448486328125,536.0962524414062,128.7419891357422,2098.980712890625,790.9652709960938,434.2837219238281,4968.529296875
2020-04-15,512.0216064453125,1479.854248046875,402.19622802734375,313.96197509765625,165.27822875976562,481.9296569824219,537.4839477539062,134.23619079589844,2225.2001953125,804.400146484375,421.9320373535156,4790.92578125
2020-04-16,520.1259765625,1463.5645751953125,409.8600158691406,328.0128173828125,170.85244750976562,472.44207763671875,524.69970703125,132.1094207763672,2179.176025390625,833.189208984375,435.5517578125,4825.25244140625
2020-04-17,545.0401611328125,1540.4505615234375,424.0927429199219,360.19073486328125,175.15774536132812,474.3301696777344,528.8209838867188,133.3500213623047,2133.46533203125,852.6102294921875,429.3524475097656,5177.16748046875
2020-04-20,553.8568725585938,1551.068603515625,440.18896484375,346.52349853515625,174.4779510498047,462.8601379394531,549.4691772460938,128.10394287109375,2090.125,836.7991943359375,444.6629333496094,5013.85986328125
2020-04-21,550.98486328125,1481.9862060546875,429.3804931640625,318.2779846191406,167.4535369873047,472.4892883300781,532.5637817382812,127.32411193847656,2072.994140625,795.4435424804688,444.4280700683594,4703.27685546875
2020-04-22,607.2032470703125,1509.1502685546875,432.6183776855469,322.2102966308594,171.03372192382812,473.33892822265625,539.8389282226562,129.2028045654297,2134.494140625,779.2212524414062,445.5553283691406,4872.32177734375
2020-04-23,610.4539184570312,1601.8997802734375,444.8943786621094,338.5150146484375,169.22096252441406,468.24114990234375,571.3369750976562,127.99760437011719,2073.083740234375,768.2539672851562,448.4671325683594,4849.28125
2020-04-24,630.9820556640625,1550.9837646484375,437.0209655761719,321.1552734375,162.92164611816406,466.5890808105469,553.4221801757812,127.6431655883789,2042.3121337890625,777.9417724609375,456.0753479003906,4745.17333984375
2020-04-27,636.659423828125,1566.3779296875,433.1308288574219,333.6715087890625,163.96397399902344,466.4002380371094,558.9732666015625,127.50137329101562,2075.72265625,781.6431884765625,460.1614074707031,4755.23681640625
2020-04-28,635.9469604492188,1585.524658203125,433.9228515625,345.1327819824219,167.045654296875,458.4703674316406,555.6929931640625,127.21776580810547,2048.439453125,783.3797607421875,445.1795959472656,4751.8037109375
2020-04-29,635.4126586914062,1625.2681884765625,455.2136535644531,355.29925537109375,172.30267333984375,468.24114990234375,569.02392578125,129.13189697265625,1996.377685546875,800.0133056640625,448.65496826171875,4766.615234375
2020-04-30,652.8013305664062,1718.0601806640625,466.7209777832031,364.6025695800781,172.66522216796875,485.5169677734375,601.783447265625,129.06101989746094,1963.5037841796875,820.3026123046875,436.2563171386719,5039.6748046875
2020-05-04,639.0862426757812,1646.419189453125,430.00946044921875,324.2243347167969,162.10589599609375,502.6984558105469,566.626953125,123.38955688476562,1863.002685546875,777.4390869140625,437.1955871582031,4595.3125
2020-05-05,650.4190673828125,1648.381103515625,424.6285705566406,317.3188171386719,154.44699096679688,498.49737548828125,566.626953125,123.28321838378906,1826.192626953125,764.87255859375,428.6009826660156,4542.22509765625
2020-05-06,650.463623046875,1623.5198974609375,440.9111022949219,327.4373474121094,155.08145141601562,515.4427490234375,560.0665893554688,116.19387817382812,1798.193603515625,765.238037109375,426.81634521484375,4554.826171875
2020-05-07,671.0360107421875,1613.327880859375,430.94122314453125,322.97760009765625,154.7642364501953,498.49737548828125,559.2675170898438,114.13798522949219,1781.9578857421875,752.03173828125,424.7499084472656,4466.4716796875
2020-05-08,695.4606323242188,1614.820556640625,432.8280029296875,323.88873291015625,151.04808044433594,500.3855285644531,567.0474243164062,112.18844604492188,1869.0858154296875,745.7254638671875,440.530029296875,4376.9873046875
2020-05-11,702.1399536132812,1650.5556640625,426.65509033203125,307.0564270019531,149.9604034423828,506.1912841796875,574.3648071289062,112.3302230834961,1832.0069580078125,750.8892822265625,435.69268798828125,4643.74560546875
2020-05-12,658.7014770507812,1662.666259765625,420.0162658691406,308.0635070800781,151.274658203125,528.5177612304688,578.3599853515625,117.00916290283203,1799.4012451171875,744.674560546875,435.7396240234375,4656.44189453125
2020-05-13,672.6770629882812,1662.7943115234375,432.17578125,324.2243347167969,157.8005828857422,524.8359985351562,583.8267822265625,117.2573013305664,1785.2677001953125,788.6348266601562,424.8907775878906,4736.1923828125
2020-05-14,645.481201171875,1622.4537353515625,416.35906982421875,314.0099792480469,152.2263641357422,509.6370849609375,553.5484008789062,116.12301635742188,1794.4810791015625,796.6317749023438,428.2722473144531,4809.5
2020-05-15,656.0225219726562,1614.3939208984375,413.7734375,309.502197265625,150.82147216796875,523.089599609375,548.628173828125,116.72560119628906,1817.7840576171875,790.0057983398438,421.368408203125,4796.6630859375
2020-05-18,647.6389770507812,1659.3404541015625,389.7804870605469,286.2919006347656,140.76065063476562,507.9377746582031,558.3845825195312,116.79647064208984,1793.7657470703125,743.3492431640625,413.9479064941406,4439.80908203125
2020-05-19,633.3219604492188,1661.9415283203125,386.98516845703125,288.0182800292969,138.49473571777344,565.2879638671875,562.33740234375,121.0500717163086,1767.1978759765625,727.8123779296875,414.88726806640625,4519.13525390625
2020-05-20,644.4700317382812,1666.1629638671875,399.30780029296875,293.14947509765625,139.03855895996094,560.8037109375,563.1365356445312,124.59474182128906,1780.88427734375,763.1361083984375,428.0844421386719,4600.62646484375
2020-05-21,647.86376953125,1698.23095703125,400.4491882324219,291.9505920410156,137.72430419921875,561.275634765625,565.3654174804688,133.95263671875,1763.038330078125,749.8839111328125,438.1348571777344,4749.3583984375
2020-05-22,643.50341796875,1723.092041015625,390.805419921875,279.1465759277344,136.72727966308594,560.0014038085938,582.3128051757812,132.1094207763672,1778.2452392578125,745.4970092773438,440.9057312011719,4828.5439453125
2020-05-26,640.132080078125,1657.123046875,397.1181945800781,280.7291259765625,137.22579956054688,527.9513549804688,572.3882446289062,135.90219116210938,1769.210693359375,754.4993286132812,431.2779846191406,4933.732421875
2020-05-27,649.7966918945312,1710.256591796875,420.9946594238281,305.80963134765625,143.75172424316406,531.5858154296875,593.3308715820312,136.2212371826172,1787.3697509765625,777.621826171875,423.52880859375,4932.08740234375
2020-05-28,661.7987670898438,1709.403564453125,440.3753356933594,313.48248291015625,143.38917541503906,531.2554931640625,594.970947265625,135.1578369140625,1797.969970703125,827.568359375,431.23101806640625,5142.7001953125
2020-05-29,658.2700805664062,1682.1544189453125,443.35693359375,318.3738708496094,146.19894409179688,521.6734619140625,589.0885620117188,139.9076690673828,1840.37109375,852.0161743164062,445.4613342285156,5276.66748046875
2020-06-01,683.42041015625,1744.3282470703125,460.1287536621094,325.3753356933594,154.1297607421875,527.762451171875,596.3775024414062,142.17626953125,1886.17138671875,848.2691040039062,437.1485900878906,5448.58154296875
2020-06-02,690.3204345703125,1745.948974609375,466.34820556640625,334.15106201171875,154.31101989746094,526.86572265625,603.6664428710938,139.83676147460938,1885.14208984375,864.0802612304688,444.3811340332031,5351.24560546875
2020-06-03,692.9951782226562,1750.22607421875,476.248291015625,342.2554931640625,158.5257110595703,520.7766723632812,598.0825805664062,139.4468536376953,1896.8604736328125,878.5659790039062,447.2460021972656,5289.0810546875
2020-06-04,710.14404296875,1789.0599365234375,466.6744079589844,333.6236267089844,157.75527954101562,540.41259765625,603.3682861328125,141.89268493652344,1896.9503173828125,850.599609375,464.81085205078125,5351.33935546875
2020-06-05,710.9981079101562,1752.022216796875,481.41949462890625,342.5911865234375,170.21798706054688,551.6466674804688,599.78759765625,141.78634643554688,1867.4305419921875,873.0367431640625,464.24725341796875,5404.00439453125
2020-06-08,705.5140380859375,1772.12353515625,473.2898864746094,345.0848388671875,169.3115997314453,552.40185546875,614.5360717773438,140.12034606933594,1888.9886474609375,878.6117553710938,459.31597900390625,5393.28369140625
2020-06-09,690.9722290039062,1772.380126953125,459.9656677246094,334.29498291015625,167.18161010742188,536.0228271484375,611.7654418945312,140.72293090820312,1884.3375244140625,871.2545166015625,470.3526916503906,5325.1005859375
2020-06-10,706.7053833007812,1803.772216796875,462.0854187011719,338.5629577636719,170.12733459472656,535.3619995117188,610.2734985351562,141.11282348632812,1896.0555419921875,865.0855102539062,468.84979248046875,5337.6083984375
2020-06-11,691.219482421875,1768.616455078125,451.2536315917969,327.29351806640625,160.56504821777344,520.9655151367188,600.1286010742188,137.70997619628906,1884.6951904296875,850.3711547851562,444.8977966308594,5103.013671875
2020-06-12,714.1898193359375,1744.5374755859375,457.8459167480469,330.12286376953125,162.37782287597656,528.7537231445312,589.9837036132812,137.46185302734375,1885.0081787109375,846.6696166992188,450.95623779296875,5230.5380859375
2020-06-15,725.7647705078125,1736.3258056640625,442.5184020996094,317.5586242675781,157.43804931640625,519.8798217773438,586.1474609375,132.71200561523438,1864.4788818359375,822.4503784179688,456.3102111816406,5149.65966796875
2020-06-16,727.1807250976562,1749.926513671875,461.409912109375,328.92401123046875,156.71295166015625,514.4044189453125,597.7842407226562,131.15234375,1857.3673095703125,818.0178833007812,454.0559387207031,5174.53515625
2020-06-17,726.1243286132812,1751.637451171875,456.21533203125,327.9648742675781,156.75823974609375,531.9161987304688,599.8728637695312,128.45843505859375,1859.06689453125,808.6500244140625,456.1693115234375,5385.1953125
2020-06-18,744.3521728515625,1743.340087890625,475.1767883300781,337.60382080078125,162.83099365234375,529.509033203125,608.6111450195312,132.28668212890625,1847.52734375,819.480224609375,454.85430908203125,5374.09814453125
2020-06-19,790.8770141601562,1748.89990234375,481.41949462890625,348.9212341308594,167.2269287109375,540.4597778320312,601.4927368164062,130.4788818359375,1884.8135986328125,820.896728515625,458.4706115722656,5546.15380859375
2020-06-22,784.9209594726562,1734.6578369140625,479.27655029296875,352.51788330078125,170.12733459472656,548.5313720703125,599.9154052734375,131.15234375,1892.0640869140625,829.3505859375,463.2610168457031,5544.8837890625
2020-06-23,773.5706176757812,1740.9451904296875,485.5892028808594,360.7661437988281,174.4326629638672,546.4071655273438,614.3656616210938,131.7549285888672,1941.734375,884.3237915039062,470.0709228515625,5535.94921875
2020-06-24,776.6947631835938,1746.847412109375,481.0235595703125,333.86334228515625,167.3175811767578,526.1576538085938,608.8242797851562,136.008544921875,1918.6329345703125,873.3108520507812,454.9952392578125,5412.60986328125
2020-06-25,772.22216796875,1724.521728515625,479.27655029296875,336.6447448730469,167.90673828125,527.71533203125,597.1874389648438,143.2750701904297,1957.22509765625,861.9324340820312,458.0479431152344,5419.1455078125
2020-06-26,782.8980712890625,1812.4119873046875,492.1814270019531,334.822509765625,167.3175811767578,529.0369262695312,637.8524169921875,138.38345336914062,1940.157958984375,879.3886108398438,450.8153076171875,5412.1865234375
2020-06-29,774.5821533203125,1797.69921875,501.3127746582031,329.0678405761719,162.4684600830078,535.3619995117188,623.8285522460938,139.83676147460938,1966.0509033203125,855.9918823242188,452.7408752441406,5340.5234375
2020-06-30,766.0189208984375,1781.0194091796875,496.5607604980469,337.0763244628906,161.7433319091797,528.5177612304688,627.4091186523438,137.99354553222656,1963.394287109375,862.4351196289062,444.24029541015625,5490.61962890625
2020-07-01,781.0775756835938,1789.4876708984375,505.2960510253906,349.1610107421875,167.49884033203125,528.8009643554688,623.9564208984375,143.84222412109375,1954.74853515625,844.7504272460938,439.7315979003906,5457.51611328125
2020-07-02,794.5241088867188,1845.172607421875,507.5322570800781,348.0101013183594,168.08799743652344,527.1961669921875,645.0134887695312,145.93359375,1937.9515380859375,860.2872924804688,444.2872314453125,5594.2099609375
2020-07-03,806.9586181640625,1881.5257568359375,500.3343811035156,346.2357482910156,167.40818786621094,548.908935546875,650.2138671875,147.13876342773438,1957.720458984375,862.9835205078125,447.9035339355469,5578.833984375
2020-07-06,835.7996215820312,1935.885009765625,513.8682250976562,347.0509948730469,170.44459533691406,544.3302612304688,651.322265625,149.22320556640625,1946.82275390625,869.3353271484375,451.05010986328125,5758.9296875
2020-07-07,823.0040283203125,1941.6158447265625,514.8699951171875,360.6702575683594,170.94309997558594,535.4091796875,677.0255737304688,145.07809448242188,1940.1131591796875,862.3893432617188,450.1578674316406,5855.93701171875
2020-07-08,811.5172729492188,1897.99169921875,517.29248046875,353.8606262207031,173.93414306640625,529.8865966796875,660.444091796875,146.60919189453125,1968.8433837890625,860.2416381835938,453.2105407714844,5684.44580078125
2020-07-09,823.3650512695312,1885.54638671875,524.0943603515625,355.203369140625,180.46006774902344,536.8252563476562,666.4118041992188,145.97433471679688,1959.6566162109375,863.6231689453125,452.69390869140625,5644.900390625
2020-07-10,847.6474609375,1900.9427490234375,514.8466186523438,345.61236572265625,177.28775024414062,542.53662109375,666.53955078125,145.15277099609375,2002.84228515625,851.9248046875,463.9184875488281,5600.9814453125
2020-07-13,873.3515014648438,1898.9329833984375,503.2693786621094,339.1383972167969,174.65924072265625,553.95947265625,679.497802734375,147.54275512695312,2040.1739501953125,848.2691040039062,469.36639404296875,5632.20458984375
2020-07-14,865.2272338867188,1857.8321533203125,493.2995300292969,331.4176025390625,168.6318359375,556.3667602539062,667.7332153320312,146.3104248046875,2012.7047119140625,834.3316650390625,462.2277526855469,5428.033203125
2020-07-15,832.2791748046875,1910.822998046875,490.64404296875,331.6574401855469,166.59246826171875,532.0579223632812,708.3981323242188,148.401611328125,2049.090576171875,833.69189453125,465.0456237792969,5455.82275390625
2020-07-16,832.0083618164062,1915.8375244140625,495.0234069824219,330.554443359375,168.81309509277344,531.2554931640625,776.6420288085938,144.77935791015625,2060.529296875,841.8715209960938,469.36639404296875,5525.462890625
2020-07-17,862.8351440429688,1886.6893310546875,511.7484436035156,339.3302001953125,170.58053588867188,535.0315551757812,769.949951171875,144.9287567138672,2102.58837890625,845.8927612304688,473.0296630859375,5566.984375
2020-07-20,866.5361328125,1892.81884765625,527.8679809570312,348.1539611816406,172.89181518554688,543.5279541015625,796.5056762695312,143.9204864501953,2099.346435546875,840.454833984375,454.431640625,5518.08056640625
2020-07-21,889.84814453125,1907.5218505859375,530.4303588867188,363.3077392578125,176.20008850097656,535.9756469726562,798.5943603515625,143.58438110351562,2087.68310546875,857.3170776367188,448.2792053222656,5765.74853515625
2020-07-22,904.4942626953125,1878.2879638671875,524.74658203125,365.51373291015625,174.0247802734375,537.2973022460938,782.5244750976562,146.79588317871094,2025.08837890625,841.64306640625,445.50830078125,5645.8876953125
2020-07-23,928.7765502929688,1861.3565673828125,526.6334838867188,376.2077331542969,179.6896514892578,535.4564208984375,774.0418090820312,149.89537048339844,1991.6295166015625,837.6674194335938,447.1051025390625,5704.712890625
2020-07-24,968.6528930664062,1849.52587890625,521.368896484375,366.1850891113281,173.97946166992188,528.14013671875,786.7443237304688,149.07382202148438,1989.7835693359375,826.5631713867188,456.12237548828125,5643.3486328125
2020-07-27,973.1888427734375,1891.8763427734375,502.9200134277344,343.8380126953125,169.6288299560547,528.1873168945312,808.5687255859375,146.6838836669922,2000.770751953125,826.0147094726562,446.6354675292969,5683.4111328125
2020-07-28,982.8927612304688,1980.1343994140625,506.2510681152344,337.6997985839844,171.71351623535156,533.001953125,820.8450927734375,145.93699645996094,2019.7294921875,834.8798828125,453.3044738769531,5908.6484375
2020-07-29,946.3113403320312,1951.2440185546875,495.9783630371094,336.69268798828125,173.29966735839844,534.5123291015625,813.4281005859375,146.9079132080078,2009.597412109375,842.6027221679688,463.0731201171875,5816.81396484375
2020-07-30,951.8176879882812,1954.201171875,489.47930908203125,330.84222412109375,169.0850067138672,521.7678833007812,819.6514282226562,144.4059295654297,1985.8997802734375,830.0818481445312,478.99420166015625,5892.28466796875
2020-07-31,932.9740600585938,1955.8306884765625,481.1633605957031,332.61651611328125,173.52627563476562,523.7975463867188,823.5304565429688,145.00341796875,1998.833740234375,834.834228515625,499.4239807128906,5889.79296875
2020-08-03,906.7509765625,1932.4693603515625,466.81414794921875,329.2117004394531,174.25137329101562,516.71728515625,815.7725830078125,143.8457794189453,1993.9495849609375,837.0733642578125,487.87054443359375,5798.052734375
2020-08-04,970.6613159179688,1928.6539306640625,485.286376953125,336.6447448730469,173.66224670410156,518.2749633789062,809.7621459960938,144.62998962402344,1987.8896484375,844.7046508789062,496.8409118652344,5980.2646484375
2020-08-05,959.7614135742188,1937.0555419921875,478.7174377441406,337.79571533203125,173.52627563476562,527.6680908203125,805.3719482421875,143.9951629638672,1984.9500732421875,853.4630126953125,496.74688720703125,6137.60107421875
2020-08-06,963.2140502929688,1978.72021484375,484.8437805175781,344.0777893066406,173.07305908203125,526.1048583984375,827.6651000976562,145.89967346191406,2008.376708984375,850.1439819335938,499.9405212402344,6165.3447265625
2020-08-07,968.7882080078125,1967.78955078125,486.31134033203125,343.3105163574219,172.8011474609375,531.315673828125,810.657470703125,146.4224395751953,1999.422119140625,844.151611328125,494.0229797363281,6281.2548828125
2020-08-10,956.782470703125,1957.030517578125,489.47930908203125,348.68145751953125,175.65626525878906,529.4682006835938,811.0409545898438,148.513671875,1995.984375,885.0845336914062,510.83642578125,6215.3291015625
2020-08-11,963.0787963867188,1954.5439453125,496.9334411621094,352.3260498046875,176.7892303466797,522.1256103515625,808.5687255859375,151.6505126953125,1999.511962890625,886.7901611328125,508.2063293457031,6253.2294921875
2020-08-12,960.2803344726562,1935.212646484375,495.5590515136719,351.84649658203125,184.26687622070312,518.9044189453125,814.1100463867188,152.5093994140625,1985.447509765625,875.5888061523438,499.8466491699219,6329.49951171875
2020-08-13,957.7754516601562,1932.7264404296875,493.3927307128906,352.9974365234375,182.9979248046875,507.2037048339844,810.9132080078125,150.45553588867188,1988.6583251953125,913.34130859375,489.18560791015625,6387.71484375
2020-08-14,954.0518188476562,1922.1815185546875,481.9320373535156,346.619384765625,178.10348510742188,500.8086242675781,812.9592895507812,146.6838836669922,1966.2718505859375,906.05810546875,499.0951843261719,6251.5947265625
2020-08-17,943.9192504882812,1931.826416015625,481.1400146484375,345.4685363769531,175.02178955078125,493.9871520996094,816.2839965820312,148.43899536132812,1986.3067626953125,922.6526489257812,496.27728271484375,6422.5869140625
2020-08-18,956.1957397460938,1945.8426513671875,492.20477294921875,354.4360656738281,176.83456420898438,498.6295471191406,824.8517456054688,148.28965759277344,2002.858642578125,926.1097412109375,494.0699157714844,6540.916015625
2020-08-19,962.063232421875,1934.56982421875,496.9101257324219,359.13568115234375,178.60198974609375,507.6773681640625,817.818603515625,148.21493530273438,1984.0911865234375,930.3045043945312,494.4464111328125,6633.14990234375
2020-08-20,946.4918823242188,1931.3551025390625,493.3694152832031,352.709716796875,176.51731872558594,497.9189758300781,814.2807006835938,146.23573303222656,1976.9453125,917.9969482421875,491.5290222167969,6618.34716796875
2020-08-21,939.6314086914062,1927.7108154296875,505.78533935546875,355.97064208984375,179.82559204101562,492.8976135253906,808.8671264648438,146.9826202392578,1991.73388671875,916.5218505859375,500.9869079589844,6616.7333984375
2020-08-24,945.9050903320312,1927.2825927734375,520.4139404296875,364.79437255859375,182.59007263183594,499.1980285644531,807.6736450195312,146.9079132080078,1984.81396484375,913.9404907226562,502.02215576171875,6720.63916015625
2020-08-25,939.7442016601562,1922.6102294921875,521.6484375,370.54901123046875,188.48150634765625,500.85601806640625,799.7453002929688,145.93699645996094,1970.975341796875,903.8456420898438,494.1639404296875,6746.6865234375
2020-08-26,964.658447265625,1931.912109375,521.0661010742188,373.42633056640625,190.2036590576172,487.449951171875,810.5722045898438,145.60092163085938,1974.322265625,893.2897338867188,494.21112060546875,6650.56298828125
2020-08-27,952.6075439453125,1927.53955078125,518.1077880859375,376.1597595214844,195.46063232421875,484.27606201171875,807.3753051757812,145.07809448242188,1963.8756103515625,899.4203491210938,500.8927917480469,6735.34716796875
2020-08-28,955.112548828125,1919.0955810546875,519.2260131835938,392.94403076171875,203.7993621826172,495.9294128417969,797.3156127929688,146.0490264892578,1946.4189453125,905.1823120117188,523.0083618164062,6741.13525390625
2020-08-31,939.1124267578125,1935.126220703125,519.854736328125,378.46160888671875,192.15235900878906,486.12353515625,791.6463012695312,142.72547912597656,1915.1231689453125,871.1636962890625,489.5997619628906,6490.482421875
2020-09-01,942.0686645507812,1925.782470703125,525.1891479492188,374.9608459472656,197.68125915527344,517.5306396484375,779.3275146484375,142.05332946777344,1955.1920166015625,880.6134033203125,490.7291259765625,6552.8251953125
2020-09-02,960.5512084960938,1941.8990478515625,528.3805541992188,376.3515625,196.0044708251953,521.6046142578125,787.7247924804688,142.91220092773438,1937.102294921875,880.93603515625,484.1885986328125,6567.1533203125
2020-09-03,953.2845458984375,1971.3470458984375,526.8663330078125,367.09625244140625,193.1947021484375,509.7143859863281,797.5713500976562,143.09893798828125,1934.8408203125,886.0986938476562,492.611328125,6711.2451171875
2020-09-04,937.5552368164062,1962.1744384765625,521.462158203125,357.3133850097656,187.2579345703125,495.6451110839844,783.590087890625,139.4392852783203,1921.72607421875,868.9049682617188,482.25933837890625,6822.74169921875
2020-09-07,939.9924926757812,1994.9659423828125,517.3624267578125,358.1286315917969,188.4362030029297,488.3499755859375,788.6199340820312,141.2317657470703,1956.0516357421875,859.3630981445312,483.01220703125,6840.818359375
2020-09-08,951.0278930664062,2013.09716796875,518.2708129882812,360.3345947265625,184.94664001464844,471.9122009277344,800.7681884765625,140.52223205566406,1937.644775390625,845.1195678710938,472.3309020996094,6854.90966796875
2020-09-09,975.5132446289062,1995.4798583984375,510.8399963378906,352.5658264160156,176.60797119140625,477.73883056640625,790.9216918945312,137.27337646484375,1928.6004638671875,838.4818115234375,479.2949523925781,6846.6064453125
2020-09-10,1044.410888671875,1998.480712890625,508.068115234375,355.5390319824219,179.5989990234375,471.20159912109375,801.4075927734375,138.09494018554688,1930.0926513671875,849.0376586914062,478.0245056152344,6862.1689453125
2020-09-11,1047.006103515625,2035.301513671875,502.5240783691406,355.3472595214844,183.72303771972656,465.80126953125,806.224365234375,137.38540649414062,1953.021484375,845.764892578125,475.765869140625,6826.06298828125
2020-09-14,1039.2431640625,2135.861572265625,492.8802185058594,348.82537841796875,179.91624450683594,449.1739807128906,834.1016235351562,136.93728637695312,1920.685791015625,831.6596069335938,466.5902404785156,6764.62109375
2020-09-15,1046.5999755859375,2135.861572265625,498.72705078125,356.3542785644531,181.41177368164062,460.0220031738281,837.5543823242188,135.77964782714844,1921.545166015625,838.8966674804688,476.5657653808594,6692.45654296875
2020-09-16,1049.1727294921875,2145.80712890625,509.5122985839844,359.37548828125,179.64434814453125,456.4217834472656,854.0078735351562,134.92079162597656,1938.775634765625,849.8212890625,487.9529724121094,6697.34375
2020-09-17,1037.528076171875,2109.757080078125,504.83013916015625,353.9085998535156,177.1517791748047,453.8163757324219,861.8936767578125,133.38970947265625,1924.93701171875,835.5316772460938,481.8358459472656,6723.818359375
2020-09-18,1040.664794921875,2100.284423828125,492.57745361328125,354.4360656738281,174.56861877441406,468.5487976074219,854.3489990234375,133.76312255859375,1898.25439453125,830.368896484375,492.51715087890625,6608.9052734375
2020-09-21,1018.1654052734375,2113.48681640625,488.85040283203125,336.3570556640625,168.4052276611328,443.1578063964844,860.9558715820312,131.26113891601562,1843.171142578125,812.9907836914062,473.977783203125,6288.36474609375
2020-09-22,997.990234375,2162.909912109375,482.3746337890625,339.9057312011719,168.76779174804688,446.18963623046875,858.9097900390625,130.10353088378906,1833.2216796875,789.6203002929688,478.8714294433594,6111.48779296875
2020-09-23,1006.8590698242188,2115.329833984375,487.8952941894531,337.4599914550781,166.59246826171875,410.9927673339844,869.3531494140625,128.8338165283203,1856.5123291015625,793.400146484375,473.27191162109375,6169.1337890625
2020-09-24,984.472412109375,1999.4241943359375,480.04522705078125,321.9704895019531,159.83995056152344,397.2550964355469,831.5442504882812,124.38999938964844,1864.0645751953125,784.2733154296875,457.17938232421875,5975.93701171875
2020-09-25,993.7249755859375,2076.622802734375,486.3812255859375,334.390869140625,165.1422576904297,416.53521728515625,862.27734375,127.52682495117188,1880.4813232421875,819.81298828125,460.8025817871094,6165.71826171875
2020-09-28,1000.2921752929688,2080.052734375,491.1332092285156,348.1539611816406,169.719482421875,420.32489013671875,861.382080078125,129.4313201904297,1866.235595703125,832.35107421875,480.0478210449219,6360.52880859375
2020-09-29,1013.290771484375,2133.290283203125,495.0234069824219,342.44732666015625,167.72544860839844,412.6981201171875,860.1885375976562,126.51856231689453,1839.0103759765625,825.5288696289062,476.33050537109375,6398.248046875
2020-09-30,1008.46142578125,2136.6337890625,502.500732421875,340.2413635253906,168.0426788330078,398.8183898925781,859.54931640625,128.23631286621094,1870.712890625,831.1986694335938,470.96630859375,6398.912109375
2020-10-01,1004.3541259765625,2163.33837890625,515.7084350585938,354.10040283203125,172.48394775390625,409.6190185546875,867.56298828125,127.60150909423828,1894.9078369140625,832.304931640625,477.03631591796875,6449.06201171875
2020-10-05,998.4640502929688,2319.666259765625,519.1561279296875,357.84088134765625,171.0790557861328,402.13433837890625,894.033447265625,126.40653228759766,1909.4248046875,826.9118041992188,492.2818908691406,6470.4599609375
2020-10-06,997.6292114257812,2326.95263671875,533.0160522460938,365.0341491699219,173.66224670410156,404.3134460449219,900.0437622070312,126.89199829101562,1913.8118896484375,822.9013061523438,490.3526916503906,6540.251953125
2020-10-07,1018.91015625,2345.513671875,541.4717407226562,367.0003662109375,172.8464813232422,400.2395324707031,909.2509155273438,126.59327697753906,1935.0220947265625,818.5684204101562,481.6005554199219,6686.85791015625
2020-10-08,1010.6729736328125,2422.45556640625,555.2386474609375,371.6519775390625,173.57159423828125,402.13433837890625,932.3966674804688,124.8381118774414,1954.4234619140625,812.2532958984375,493.2228698730469,6718.12451171875
2020-10-09,1008.05517578125,2411.525146484375,574.6892700195312,385.07940673828125,179.7349853515625,402.8449401855469,943.5648803710938,125.36091613769531,1935.2930908203125,837.5137329101562,482.682861328125,6701.5654296875
2020-10-12,1009.6799926757812,2426.14208984375,565.4181518554688,387.5251159667969,180.0975341796875,393.2285461425781,965.1333618164062,128.60980224609375,1934.162841796875,835.0245971679688,483.62396240234375,6772.0224609375
2020-10-13,1029.38134765625,2423.18408203125,558.3367919921875,380.0440979003906,177.37840270996094,393.46539306640625,987.04296875,127.07870483398438,1933.9818115234375,826.4508056640625,473.5072326660156,6673.5732421875
2020-10-14,1032.450439453125,2418.922607421875,564.41650390625,390.16259765625,181.32113647460938,391.5232238769531,969.3106689453125,125.3235855102539,1952.026611328125,843.7367553710938,472.6131896972656,6644.583984375
2020-10-15,995.8915405273438,2359.517333984375,544.7329711914062,375.00885009765625,174.7952117919922,378.21185302734375,944.8008422851562,123.26969146728516,1946.961181640625,819.398193359375,461.41424560546875,6540.44189453125
2020-10-16,982.03515625,2379.060791015625,558.7560424804688,379.9002685546875,177.60499572753906,380.5330505371094,961.2119750976562,123.75515747070312,1945.1527099609375,824.2843627929688,458.2145690917969,6542.6240234375
2020-10-19,982.2157592773438,2334.50634765625,560.7127075195312,400.0413513183594,184.9013214111328,376.7907409667969,959.8478393554688,125.65968322753906,1969.7994384765625,832.3970947265625,455.1560974121094,6501.869140625
2020-10-20,973.053466796875,2358.139404296875,570.2166748046875,397.64361572265625,184.04026794433594,383.7069091796875,969.7369384765625,125.06219482421875,1965.5487060546875,845.6726684570312,457.697021484375,6494.89404296875
2020-10-21,958.9263916015625,2303.3828125,580.8154907226562,403.1104736328125,184.6747283935547,396.9709167480469,978.9867553710938,125.2115478515625,1956.549072265625,852.264404296875,461.3202209472656,6511.2626953125
2020-10-22,950.9600219726562,2299.72412109375,574.5726928710938,396.01312255859375,184.26687622070312,408.0083923339844,962.5331420898438,125.88373565673828,1971.20166015625,863.1891479492188,456.9440612792969,6463.5322265625
2020-10-23,953.71337890625,2313.197509765625,575.7374877929688,399.89752197265625,183.81369018554688,411.56121826171875,967.229248046875,127.52682495117188,1939.092529296875,867.7526245117188,455.9559631347656,6740.3291015625
2020-10-26,915.822998046875,2314.403076171875,564.1370239257812,387.90875244140625,178.28475952148438,411.2296142578125,958.5693969726562,125.88373565673828,1959.8052978515625,877.4326782226562,446.54510498046875,6694.35400390625
2020-10-27,918.26025390625,2264.42529296875,574.4795532226562,393.1838073730469,176.42666625976562,410.5664367675781,939.957275390625,124.87547302246094,1968.8045654296875,905.2744750976562,442.7337341308594,6792.66162109375
2020-10-28,907.8568115234375,2257.580810546875,563.5313110351562,379.8522644042969,172.619873046875,428.0937805175781,927.6353149414062,123.60579681396484,1970.306884765625,906.104248046875,436.09906005859375,6818.89794921875
2020-10-29,914.8300170898438,2266.5771484375,553.0955200195312,383.5448303222656,171.03372192382812,427.0989990234375,926.17041015625,122.37347412109375,1931.8450927734375,861.5297241210938,429.46441650390625,6754.041015625
2020-10-30,927.287109375,2294.30078125,551.3951416015625,376.5434265136719,171.5322265625,410.94537353515625,913.8916625976562,123.41907501220703,1885.5992431640625,856.9200439453125,438.3106689453125,6609.28564453125
2020-11-02,847.3765869140625,2242.427490234375,566.1636352539062,400.3770751953125,177.69561767578125,433.3520202636719,923.97314453125,124.53937530517578,1886.2362060546875,856.7357788085938,441.74554443359375,6517.43115234375
2020-11-03,835.167724609375,2267.395751953125,581.3978881835938,425.6973571777344,185.58111572265625,430.6991882324219,915.5719604492188,127.0413818359375,1871.3980712890625,873.7450561523438,456.9911804199219,6560.1318359375
2020-11-04,863.5120849609375,2284.2275390625,585.800537109375,419.1754455566406,187.62046813964844,429.2306823730469,942.6283569335938,126.81731414794922,1875.3580322265625,883.2366333007812,474.9188537597656,6598.75146484375
2020-11-05,882.37841796875,2312.2509765625,591.2979125976562,420.5661926269531,198.17977905273438,433.2572326660156,951.288330078125,130.5142822265625,1913.86572265625,900.3873291015625,482.3064270019531,6730.4130859375
2020-11-06,915.8455810546875,2330.9765625,609.2111206054688,424.6902770996094,198.6782989501953,426.246337890625,958.8279418945312,129.916748046875,1906.4007568359375,902.8777465820312,479.15374755859375,6554.67529296875
2020-11-09,925.5720825195312,2347.464111328125,624.5386352539062,443.7764587402344,198.95021057128906,446.9949035644531,979.3359375,129.05789184570312,1941.35791015625,907.6705322265625,480.0948181152344,6521.0361328125
2020-11-10,940.8500366210938,2281.1708984375,649.2770385742188,464.0614013671875,210.00804138183594,441.8787841796875,940.129638671875,133.20297241210938,1945.0450439453125,971.4334106445312,461.97894287109375,6446.357421875
2020-11-11,901.425048828125,2314.058837890625,647.55322265625,466.6510009765625,212.27398681640625,453.4373779296875,967.229248046875,138.39370727539062,1940.08349609375,995.63232421875,476.2363586425781,6506.9931640625
2020-11-12,893.6619262695312,2299.63818359375,639.05078125,457.203857421875,205.56675720214844,454.6216735839844,963.1363525390625,140.4102020263672,1995.5692138671875,1008.55419921875,479.2478942871094,6487.53955078125
2020-11-13,901.0640258789062,2287.41259765625,633.041015625,465.69189453125,207.96865844726562,450.7372131347656,968.694091796875,139.738037109375,1989.424560546875,988.1612548828125,478.4949645996094,6461.35009765625
2020-11-17,899.6422729492188,2295.33349609375,656.1720581054688,466.50714111328125,217.71226501464844,459.0745544433594,968.26318359375,139.9247589111328,1982.368896484375,1015.7904052734375,487.8588562011719,6624.75244140625
2020-11-18,896.91162109375,2261.41162109375,656.28857421875,477.29705810546875,228.4075164794922,453.2478942871094,956.9322509765625,137.46011352539062,1940.948486328125,1078.989501953125,482.7768859863281,6693.8798828125
2020-11-19,890.5701904296875,2270.236572265625,640.285400390625,459.16998291015625,217.3043670654297,443.915771484375,945.041259765625,140.33551025390625,1939.719482421875,1065.9266357421875,477.4598083496094,6607.529296875
2020-11-20,857.3287353515625,2290.339599609375,653.9358520507812,460.56072998046875,220.02352905273438,458.2692565917969,950.7282104492188,143.173583984375,1930.16064453125,1064.09423828125,473.601318359375,6609.94970703125
2020-11-23,880.4375610351562,2345.4404296875,649.7196044921875,449.09942626953125,216.35267639160156,452.15838623046875,982.1791381835938,142.5387725830078,1938.4901123046875,1058.0325927734375,482.6357727050781,6630.72998046875
2020-11-24,886.4629516601562,2343.546630859375,670.0320434570312,458.64251708984375,221.02052307128906,449.31610107421875,982.3515014648438,146.0490264892578,1963.9345703125,1067.101318359375,489.5057067871094,6792.66162109375
2020-11-25,879.128662109375,2325.681884765625,653.5397338867188,453.36749267578125,220.25010681152344,439.69970703125,961.3267822265625,144.77935791015625,1944.3619384765625,1048.77587890625,476.3775329589844,6695.208984375
2020-11-26,881.295166015625,2342.298583984375,664.6510620117188,455.8611145019531,222.47073364257812,443.7736511230469,959.2156982421875,145.48887634277344,1961.066650390625,1051.454345703125,481.5535583496094,6636.8984375
2020-11-27,871.0045166015625,2307.042236328125,671.2665405273438,453.9908752441406,221.38307189941406,438.8944091796875,947.8416137695312,144.62998962402344,1946.50146484375,1054.7904052734375,481.5064392089844,6676.32568359375
2020-12-01,882.3331909179688,2347.63623046875,667.7492065429688,465.2602844238281,224.82733154296875,454.2427062988281,980.4559326171875,145.19012451171875,1941.813232421875,1048.7291259765625,507.5744934082031,6738.857421875
2020-12-02,883.8001098632812,2367.22314453125,655.4732055664062,460.80047607421875,223.830322265625,459.4061584472656,983.0841674804688,146.3477783203125,1947.5030517578125,1046.66162109375,512.5624389648438,6838.3037109375
2020-12-03,886.4629516601562,2332.69873046875,641.6132202148438,462.1431884765625,232.30494689941406,454.6690368652344,970.6327514648438,146.5345001220703,1936.9879150390625,1057.3748779296875,515.9501342773438,7343.6923828125
2020-12-04,878.65478515625,2348.2822265625,645.5265502929688,481.51708984375,238.8308868408203,467.7909240722656,977.6986694335938,148.02821350097656,1988.376953125,1080.258056640625,535.5247802734375,7404.4697265625
2020-12-07,883.8226318359375,2357.019775390625,639.3070068359375,489.57354736328125,244.3597869873047,482.19171142578125,985.3244018554688,151.72518920898438,2053.87646484375,1099.2412109375,547.9942016601562,7347.7724609375
2020-12-08,899.867919921875,2408.3330078125,641.1939086914062,487.60736083984375,246.44447326660156,477.1230163574219,993.8118286132812,151.20237731933594,2057.381591796875,1100.8389892578125,535.1953125,7366.08642578125
2020-12-09,914.8526000976562,2419.955322265625,655.5897216796875,490.5805969238281,245.03961181640625,476.6019287109375,1012.6396484375,153.40562438964844,2086.69482421875,1109.8604736328125,535.995361328125,7315.36669921875
2020-12-10,905.8482666015625,2397.139892578125,645.6431274414062,486.2167053222656,244.31446838378906,478.5915222167969,1006.2200927734375,158.8577423095703,2139.72216796875,1118.6474609375,531.9016723632812,7340.75048828125
2020-12-11,905.306640625,2396.537353515625,644.2221069335938,494.3690490722656,246.94297790527344,477.88092041015625,1002.29931640625,161.5464324951172,2161.843994140625,1122.3594970703125,534.630615234375,7338.42529296875
2020-12-14,898.76220703125,2408.67724609375,639.2605590820312,504.2957458496094,248.5291748046875,476.6019287109375,1003.462646484375,161.2476806640625,2158.20263671875,1174.37548828125,542.300537109375,7303.55322265625
2020-12-15,891.1118774414062,2377.5537109375,648.1821899414062,496.8626708984375,245.3114776611328,477.69146728515625,994.8890991210938,159.4925537109375,2112.048095703125,1171.1802978515625,537.9716796875,7368.50537109375
2020-12-16,892.1047973632812,2422.882568359375,657.2202758789062,491.4917297363281,244.1785125732422,489.060546875,1004.453857421875,159.8286590576172,2133.804931640625,1191.8548583984375,542.6299438476562,7398.0166015625
2020-12-17,896.189453125,2443.545166015625,671.7092895507812,489.525634765625,242.63768005371094,488.01837158203125,998.852783203125,159.11912536621094,2107.723388671875,1201.7694091796875,537.6892700195312,7300.89599609375
2020-12-18,898.875,2463.17529296875,657.5230712890625,495.9995422363281,246.03662109375,483.8023376464844,1025.2200927734375,160.20205688476562,2124.246337890625,1204.35400390625,541.124267578125,7173.5048828125
2020-12-21,875.47265625,2428.005615234375,639.4935302734375,474.27587890625,230.85472106933594,465.0906982421875,1014.4488525390625,151.5758056640625,2099.212158203125,1160.4666748046875,519.996826171875,6999.23876953125
2020-12-22,874.1187744140625,2473.07666015625,639.7030639648438,479.8386535644531,233.3472900390625,473.99652099609375,1051.6734619140625,151.9119110107422,2103.808837890625,1186.6392822265625,534.8189697265625,7017.552734375
2020-12-23,877.345947265625,2504.285888671875,640.8911743164062,483.00372314453125,238.377685546875,480.5337219238281,1079.7208251953125,155.16073608398438,2157.837890625,1188.6129150390625,540.747802734375,7069.31494140625
2020-12-24,900.0485229492188,2504.802490234375,650.88427734375,492.5467224121094,241.86724853515625,490.1027526855469,1065.0723876953125,155.79559326171875,2186.878173828125,1186.16943359375,555.6640014648438,7065.61474609375
2020-12-28,904.17822265625,2522.064208984375,658.2218627929688,498.828857421875,249.43553161621094,494.1766052246094,1068.734619140625,156.4677734375,2174.72509765625,1211.73095703125,552.3701782226562,7100.67724609375
2020-12-29,898.1979370117188,2523.011474609375,664.9072875976562,507.173095703125,251.88275146484375,492.8976135253906,1077.351318359375,157.99884033203125,2170.53759765625,1207.455078125,555.8051147460938,7071.5927734375
2020-12-30,900.6577758789062,2504.759033203125,667.3765258789062,507.1250305175781,250.9763641357422,489.0132141113281,1074.33544921875,157.7000732421875,2190.83837890625,1214.221435546875,549.5940551757812,7223.939453125
2020-12-31,896.0540771484375,2464.68212890625,669.1468505859375,513.1674194335938,249.2089385986328,482.9022521972656,1082.090576171875,156.09432983398438,2180.642333984375,1210.039306640625,557.4520263671875,7258.7646484375
2021-01-01,897.047119140625,2521.07373046875,663.9057006835938,505.9262390136719,253.24229431152344,488.0657653808594,1086.09716796875,159.7165985107422,2173.49609375,1218.873046875,561.122314453125,7298.333984375
2021-01-04,898.5590209960938,2616.81201171875,659.6893920898438,509.9544372558594,254.73782348632812,489.9132385253906,1110.052001953125,159.38050842285156,2208.953857421875,1235.4130859375,568.7922973632812,7308.77197265625
2021-01-05,887.3883056640625,2662.915771484375,664.6743774414062,515.2775268554688,255.3723602294922,486.9762268066406,1114.834228515625,157.92416381835938,2230.847900390625,1227.613037109375,567.8981323242188,7264.31591796875
2021-01-06,863.9861450195312,2627.186279296875,661.8091430664062,524.3409423828125,258.36334228515625,497.6820983886719,1104.75244140625,153.40562438964844,2200.578857421875,1234.84912109375,569.6390380859375,7238.837890625
2021-01-07,862.5869750976562,2611.086669921875,659.8060302734375,518.969970703125,260.7652282714844,516.5831909179688,1087.56201171875,151.46377563476562,2156.472900390625,1258.296142578125,566.4395141601562,7179.48291015625
2021-01-08,872.7646484375,2686.935791015625,666.98046875,519.8811645507812,259.22442626953125,511.84613037109375,1130.602783203125,150.4928436279297,2176.81884765625,1290.6712646484375,584.2259521484375,7605.400390625
2021-01-11,856.3131713867188,2734.76123046875,676.2048950195312,522.4227905273438,256.0520935058594,518.3833618164062,1185.8359375,151.23971557617188,2211.3212890625,1268.6806640625,584.4142456054688,7812.12060546875
2021-01-12,883.3036499023438,2733.384521484375,689.9717407226562,525.5878295898438,265.11590576171875,536.0054321289062,1182.0015869140625,154.1898193359375,2162.89013671875,1268.4927978515625,573.732666015625,7769.70361328125
2021-01-13,875.0665893554688,2719.694580078125,685.1500244140625,533.7401733398438,278.0771179199219,547.8482055664062,1195.2713623046875,157.77476501464844,2159.658935546875,1271.030029296875,566.81591796875,7723.966796875
2021-01-14,884.9059448242188,2804.01318359375,684.2648315429688,530.6710815429688,278.4849853515625,550.0272827148438,1180.924560546875,159.940673828125,2183.509765625,1293.6783447265625,571.2860107421875,7733.07666015625
2021-01-15,874.457275390625,2789.047119140625,683.2864379882812,520.7923583984375,275.4032897949219,570.9653930664062,1158.90869140625,162.70407104492188,2140.359375,1272.580810546875,568.6980590820312,7614.7470703125
2021-01-18,895.4447021484375,2779.040771484375,690.9501342773438,511.3451843261719,266.8833923339844,556.0908813476562,1130.5594482421875,164.1231231689453,2123.47265625,1255.5709228515625,547.1941528320312,7430.564453125
2021-01-19,910.0908203125,2812.638916015625,700.6172485351562,524.1011962890625,270.644775390625,561.1596069335938,1134.5233154296875,163.45091247558594,2151.283447265625,1287.3349609375,561.4046020507812,7517.81689453125
2021-01-20,927.3773803710938,2854.129150390625,695.0965576171875,528.4651489257812,274.2249450683594,564.8071899414062,1154.16943359375,162.5546875,2144.729248046875,1299.364013671875,559.6636352539062,7728.806640625
2021-01-21,947.552490234375,2823.9814453125,687.0833740234375,530.0956420898438,267.245849609375,550.7852172851562,1154.384765625,159.60458374023438,2155.380126953125,1288.6976318359375,548.558837890625,7664.0908203125
2021-01-22,925.0756225585938,2849.212890625,672.5245361328125,511.9685363769531,257.1397399902344,546.5218505859375,1155.3760986328125,157.36399841308594,2193.341796875,1280.0517578125,541.3125,7637.6162109375
2021-01-25,876.0595703125,2839.034423828125,681.5159912109375,516.0447998046875,254.64715576171875,550.2167358398438,1141.8045654296875,155.19808959960938,2184.4658203125,1279.300048828125,551.8526611328125,7573.70751953125
2021-01-27,855.2976684570312,2812.940673828125,656.7078247070312,500.9868469238281,249.84335327148438,540.7899169921875,1121.0382080078125,157.32662963867188,2176.909912109375,1277.9373779296875,536.2306518554688,7468.7578125
2021-01-28,846.9703979492188,2757.3037109375,638.9343872070312,506.6455078125,255.9161376953125,540.8846435546875,1099.668701171875,154.3018798828125,2094.159423828125,1264.310791015625,531.1016235351562,7200.78662109375
2021-01-29,831.3538208007812,2683.81201171875,647.8095092773438,515.0377197265625,255.68954467773438,524.4942016601562,1067.657470703125,151.7998504638672,2060.931884765625,1254.30224609375,551.6643676757812,6838.44677734375
2021-02-01,855.43310546875,2707.9638671875,687.9918212890625,579.105712890625,281.61199951171875,548.700927734375,1086.4849853515625,161.2850341796875,2047.00390625,1361.576171875,555.3817138671875,7021.7275390625
2021-02-02,869.1991577148438,2763.256103515625,727.03271484375,592.1015014648438,301.91485595703125,567.8389282226562,1095.4033203125,162.9654541015625,2030.4805908203125,1428.6285400390625,573.544677734375,7263.6044921875
2021-02-03,871.3880615234375,2760.32275390625,733.671630859375,596.8970947265625,304.4980163574219,576.8394775390625,1106.9495849609375,161.88250732421875,2032.6654052734375,1436.4754638671875,592.1312255859375,7201.45068359375
2021-02-04,868.5220947265625,2750.316162109375,735.6748657226562,602.6036376953125,321.855224609375,569.0232543945312,1102.3829345703125,171.74110412597656,2044.27294921875,1437.650146484375,594.2955322265625,7249.65478515625
2021-02-05,868.2738037109375,2724.0078125,744.293701171875,589.0324096679688,356.297607421875,550.54833984375,1096.1357421875,175.0272979736328,2066.075439453125,1425.1512451171875,597.3540649414062,7111.2568359375
2021-02-08,880.7760620117188,2772.44287109375,747.8577880859375,603.8505249023438,359.8777770996094,565.8966064453125,1123.235595703125,174.09373474121094,2036.1251220703125,1458.324951171875,597.260009765625,7187.59765625
2021-02-09,882.8974609375,2740.353759765625,750.9324951171875,607.4472045898438,357.8384094238281,567.4598999023438,1124.958740234375,171.03160095214844,2017.5538330078125,1472.09228515625,591.9913330078125,7237.3662109375
2021-02-10,891.0892333984375,2771.751708984375,736.9093627929688,606.2963256835938,355.5271911621094,559.169921875,1117.16064453125,169.94862365722656,2035.0782470703125,1459.311767578125,595.31396484375,7232.291015625
2021-02-11,927.8287353515625,2765.45458984375,732.5301513671875,604.8576049804688,353.623779296875,566.6546020507812,1113.8431396484375,169.12709045410156,2060.1123046875,1438.3079833984375,611.0250244140625,7275.6083984375
2021-02-12,921.4647827148438,2752.34423828125,737.0025634765625,621.1143188476562,356.34295654296875,555.4276123046875,1128.6209716796875,162.40533447265625,2040.5858154296875,1429.7091064453125,595.3614501953125,7181.80859375
2021-02-15,917.402587890625,2708.395751953125,753.1454467773438,646.38671875,368.8509521484375,562.4860229492188,1128.49169921875,163.26419067382812,2016.597900390625,1445.02734375,595.6936645507812,7208.5205078125
2021-02-16,929.5438232421875,2681.611572265625,757.82763671875,631.4247436523438,364.681640625,562.7227783203125,1111.9044189453125,163.0028076171875,1999.21044921875,1456.116455078125,599.15869140625,7303.7900390625
2021-02-17,940.2632446289062,2650.8173828125,739.1223754882812,630.465576171875,373.2015686035156,562.6280517578125,1104.0631103515625,162.62939453125,1969.8974609375,1455.082763671875,589.760498046875,7119.84423828125
2021-02-18,933.244873046875,2637.232421875,724.1210327148438,618.2850952148438,376.32861328125,558.0803833007812,1113.6708984375,163.45091247558594,1954.3759765625,1432.7633056640625,584.8239135742188,7114.4833984375
2021-02-19,938.9317626953125,2649.739013671875,717.03955078125,598.5275268554688,362.1437072753906,550.7852172851562,1112.679931640625,161.2850341796875,1985.5552978515625,1417.9151611328125,576.5173950195312,6948.85205078125
2021-02-22,906.3446655273438,2551.921875,721.1859130859375,584.9082641601562,353.0346374511719,540.316162109375,1090.190185546875,158.44784545898438,1973.265869140625,1364.7244873046875,565.125732421875,6724.3876953125
2021-02-23,913.2728881835938,2570.682861328125,712.404052734375,591.0944213867188,358.56353759765625,535.8159790039062,1091.1812744140625,159.55747985839844,1983.870849609375,1396.7705078125,573.4321899414062,6614.361328125
2021-02-24,930.2208251953125,2542.993896484375,748.4168090820312,614.880126953125,368.21649169921875,542.826904296875,1098.0313720703125,159.8253173828125,1983.5068359375,1434.642822265625,570.964111328125,6597.70849609375
2021-02-25,967.8404541015625,2583.7080078125,748.3934326171875,602.3158569335938,369.1228332519531,548.700927734375,1098.246826171875,160.054931640625,1969.3509521484375,1415.7066650390625,578.6534423828125,6576.26318359375
2021-02-26,941.414306640625,2496.5869140625,714.8499145507812,573.3031616210938,353.623779296875,527.05224609375,1079.936279296875,155.9990234375,1940.903076171875,1355.608642578125,564.4612426757812,6515.34375
2021-03-01,948.590576171875,2522.37841796875,726.2640380859375,583.4696044921875,357.97442626953125,504.2193298339844,1091.7412109375,158.3330841064453,1951.235107421875,1384.1307373046875,573.8119506835938,6656.58837890625
2021-03-02,950.5313110351562,2593.239013671875,730.5966796875,585.5316772460938,357.2946472167969,512.7462158203125,1124.0538330078125,160.62887573242188,1982.6875,1396.1595458984375,583.0678100585938,6845.515625
2021-03-03,993.9056396484375,2638.74169921875,739.2854614257812,606.248291015625,367.1288146972656,517.5780639648438,1157.7025146484375,160.66714477539062,1996.8431396484375,1406.7318115234375,592.7033081054688,6760.68310546875
2021-03-04,982.0577392578125,2630.63330078125,723.0728149414062,595.3624877929688,358.60888671875,511.23028564453125,1146.3280029296875,160.475830078125,1999.938720703125,1374.498046875,587.5769653320312,6767.23095703125
2021-03-05,983.3440551757812,2594.7060546875,712.800048828125,584.524658203125,347.7322998046875,504.7878112792969,1134.56640625,159.5957489013672,2003.7618408203125,1375.3907470703125,580.2198486328125,6878.6318359375
2021-03-08,988.9407958984375,2593.75732421875,707.9083251953125,583.1818237304688,353.1252746582031,498.0611267089844,1150.9813232421875,159.17486572265625,1979.5924072265625,1423.9296875,583.637451171875,6888.595703125
2021-03-09,988.9180297851562,2631.71142578125,727.9412231445312,599.5346069335938,351.3125305175781,494.3187561035156,1159.4259033203125,159.02178955078125,2001.3953857421875,1417.4453125,581.5488891601562,6928.4970703125
2021-03-10,984.8109130859375,2648.963134765625,724.7965698242188,600.0140991210938,351.4031677246094,498.2031555175781,1178.8995361328125,158.0269775390625,2028.1138916015625,1432.387451171875,594.2695922851562,6900.5517578125
2021-03-12,964.7938842773438,2637.749267578125,723.0261840820312,587.7855224609375,345.4210510253906,496.63995361328125,1184.6728515625,157.0321502685547,2007.0850830078125,1422.8018798828125,582.4981689453125,6733.6396484375
2021-03-15,951.8402099609375,2644.822021484375,712.171142578125,578.8179931640625,347.95892333984375,495.3609313964844,1183.595703125,157.22344970703125,2012.6383056640625,1394.3740234375,574.808837890625,6727.0908203125
2021-03-16,948.0941772460938,2682.6904296875,704.4840698242188,570.61767578125,343.1097717285156,501.4718322753906,1192.5570068359375,159.06005859375,2042.8619384765625,1373.746337890625,571.77099609375,6784.974609375
2021-03-17,927.6707153320312,2685.191650390625,696.6572265625,565.3905029296875,333.6834411621094,495.4082946777344,1195.14208984375,161.16458129882812,2026.703125,1351.051025390625,555.110595703125,6703.701171875
2021-03-18,906.7960815429688,2619.24609375,694.630615234375,554.936279296875,332.7317810058594,499.48223876953125,1152.1444091796875,166.5596923828125,2016.597900390625,1342.076171875,545.4276123046875,6750.29248046875
2021-03-19,939.6990356445312,2631.064208984375,697.6588745117188,562.6571044921875,336.4025573730469,502.0876159667969,1158.4779052734375,170.61557006835938,2104.7646484375,1326.2413330078125,548.9874267578125,6750.10302734375
2021-03-22,930.8527221679688,2699.5966796875,684.4511108398438,549.9969482421875,332.64111328125,500.24017333984375,1181.1829833984375,172.94960021972656,2142.2255859375,1315.7158203125,561.0438232421875,6738.43115234375
2021-03-23,942.1815795898438,2710.767822265625,698.8934326171875,562.4174194335938,337.8074951171875,501.4244079589844,1181.8294677734375,170.04161071777344,2127.75146484375,1319.7568359375,558.0533447265625,6819.0888671875
2021-03-24,924.0374755859375,2692.222412109375,688.9469604492188,544.290283203125,326.1605224609375,496.1188659667969,1166.4913330078125,165.25872802734375,2110.72802734375,1286.677001953125,555.632568359375,6705.17236328125
2021-03-25,898.829833984375,2643.70166015625,681.7490234375,548.1746215820312,321.94586181640625,481.0547790527344,1149.301025390625,161.92982482910156,2036.4896240234375,1288.5096435546875,546.566650390625,6440.0947265625
2021-03-26,900.274169921875,2645.3828125,694.7703857421875,554.8883666992188,323.7585754394531,495.02935791015625,1151.368896484375,161.39414978027344,2110.090576171875,1314.0714111328125,557.4364013671875,6437.81689453125
2021-03-30,915.9132080078125,2724.525634765625,723.8414916992188,567.2608032226562,327.0215148925781,494.0819091796875,1193.67724609375,164.1873321533203,2183.691650390625,1337.80029296875,567.4041137695312,6501.72607421875
2021-03-31,904.0879516601562,2741.173095703125,695.8651733398438,558.2931518554688,330.1938781738281,490.1027526855469,1178.813232421875,167.2101287841797,2213.506103515625,1333.430419921875,567.4990234375,6508.74755859375
2021-04-01,912.55078125,2730.0888671875,692.650634765625,570.0902099609375,335.94940185546875,493.4186706542969,1193.591064453125,168.3962860107422,2184.010498046875,1357.5821533203125,579.7926635742188,6570.1416015625
2021-04-05,899.348876953125,2793.834228515625,675.3431396484375,547.886962890625,320.4503479003906,500.47698974609375,1214.87451171875,162.65679931640625,2160.4326171875,1319.2401123046875,577.9414672851562,6422.72900390625
2021-04-06,895.6028442382812,2816.08935546875,670.987060546875,542.7557373046875,317.7311706542969,504.2193298339844,1215.8653564453125,162.73333740234375,2192.3857421875,1316.6085205078125,589.0009765625,6406.36083984375
2021-04-07,903.9751586914062,2821.867919921875,674.2250366210938,554.0252075195312,324.98223876953125,513.1251831054688,1232.366455078125,163.61338806152344,2189.609130859375,1319.56884765625,589.5706176757812,6514.251953125
2021-04-08,905.1035766601562,2861.505126953125,667.5162353515625,553.114013671875,322.30841064453125,514.4515380859375,1240.681640625,163.19252014160156,2193.8427734375,1333.6654052734375,583.1151733398438,6478.05126953125
2021-04-09,894.5872192382812,2865.7314453125,662.3682861328125,543.04345703125,319.9518127441406,516.5831909179688,1241.715576171875,163.07769775390625,2254.016357421875,1319.5218505859375,604.4747924804688,6478.2880859375
2021-04-12,862.5869750976562,2800.433349609375,636.884521484375,516.5242919921875,298.0627746582031,494.9819641113281,1228.5321044921875,157.10865783691406,2241.271484375,1264.1226806640625,587.9567260742188,6187.44775390625
2021-04-13,871.9071655273438,2677.5146484375,652.3984375,537.6724853515625,309.0752868652344,507.9615783691406,1203.88818359375,159.71054077148438,2234.352294921875,1290.9530029296875,595.5512084960938,6467.56494140625
2021-04-15,877.5489501953125,2776.6259765625,666.2584228515625,551.6754760742188,310.6161193847656,510.993408203125,1172.52294921875,158.1800079345703,2240.0419921875,1291.8458251953125,601.1521606445312,6304.7802734375
2021-04-16,872.0425415039062,2756.095947265625,665.5828247070312,543.7627563476562,308.0782165527344,512.31982421875,1166.4913330078125,159.1365966796875,2238.448974609375,1277.279541015625,613.3034057617188,6308.43359375
2021-04-19,858.3217163085938,2727.329345703125,658.0122680664062,536.8572998046875,300.14739990234375,498.77166748046875,1174.0740966796875,157.33822631835938,2218.194091796875,1231.512939453125,608.1771240234375,6179.04931640625
2021-04-20,858.0735473632812,2712.44970703125,648.228759765625,536.2337646484375,298.6518859863281,502.3244934082031,1164.4232177734375,155.76943969726562,2182.508544921875,1251.2950439453125,612.4490356445312,6307.0576171875
2021-04-22,860.4430541992188,2690.238037109375,662.7177124023438,555.5118408203125,305.1325378417969,502.9403076171875,1164.2080078125,157.56781005859375,2138.7666015625,1256.27587890625,607.5125732421875,6310.3310546875
2021-04-23,859.517822265625,2682.2158203125,658.8275756835938,546.6400756835938,304.9512939453125,495.12408447265625,1149.301025390625,157.14694213867188,2100.85009765625,1243.213134765625,605.6138916015625,6335.0029296875
2021-04-26,874.6377563476562,2674.710693359375,654.4716186523438,566.9251098632812,312.0663146972656,499.8138122558594,1157.7025146484375,157.10865783691406,2149.007080078125,1255.429931640625,602.5286865234375,6299.7041015625
2021-04-27,897.566162109375,2701.6240234375,670.2649536132812,574.2622680664062,319.99713134765625,506.20892333984375,1161.9677734375,157.18519592285156,2166.486572265625,1297.484375,606.84814453125,6233.13818359375
2021-04-28,901.47021484375,2694.8095703125,688.01513671875,595.9379272460938,329.3781433105469,515.6832275390625,1168.43017578125,157.26168823242188,2190.792724609375,1293.0205078125,610.7877807617188,6237.9296875
2021-04-29,913.5437622070312,2687.175537109375,686.0118408203125,596.0338745117188,325.75262451171875,512.41455078125,1168.7318115234375,156.34339904785156,2191.748779296875,1276.8095703125,611.8319091796875,6230.1962890625
2021-04-30,900.20654296875,2618.513427734375,657.9656982421875,575.940673828125,320.405029296875,508.5301208496094,1167.0084228515625,155.04241943359375,2142.7265625,1259.705810546875,621.277587890625,6125.81591796875
2021-05-03,884.2063598632812,2619.67822265625,658.96728515625,572.3441162109375,317.7765197753906,529.4682006835938,1165.026611328125,153.77975463867188,2192.112060546875,1261.6324462890625,625.7868041992188,6260.75146484375
2021-05-04,865.0466918945312,2630.676025390625,646.8078002929688,567.3567504882812,318.5922546386719,523.4047241210938,1145.5096435546875,152.7466583251953,2191.7939453125,1257.0274658203125,612.4490356445312,6175.728515625
2021-05-05,866.62646484375,2670.312255859375,653.4466552734375,578.1465454101562,322.1271057128906,530.5103759765625,1155.935791015625,154.12413024902344,2179.959228515625,1258.0142822265625,648.7601928710938,6253.39697265625
2021-05-06,871.5460815429688,2683.898193359375,652.6546630859375,583.3257446289062,322.2630615234375,529.3734741210938,1173.2557373046875,155.15724182128906,2175.7265625,1259.18896484375,644.9629516601562,6326.03564453125
2021-05-07,871.8846435546875,2702.400390625,659.1071166992188,582.2706909179688,324.7102966308594,538.61083984375,1165.45751953125,157.14694213867188,2195.025634765625,1261.8203125,645.0104370117188,6360.57666015625
2021-05-10,869.379638671875,2713.268798828125,661.4830932617188,588.1693115234375,327.8372802734375,542.4479370117188,1154.255615234375,157.29998779296875,2214.780029296875,1310.97021484375,662.8099975585938,6418.412109375
2021-05-11,872.5165405273438,2693.515625,653.8892211914062,584.9082641601562,330.5111083984375,538.51611328125,1146.5867919921875,156.1138153076172,2186.74169921875,1300.256591796875,672.208251953125,6392.4599609375
2021-05-12,863.4895629882812,2663.3251953125,652.0023803710938,570.42578125,333.27557373046875,532.2157592773438,1143.441650390625,155.53985595703125,2120.14990234375,1301.8544921875,667.2243041992188,6469.22607421875
2021-05-14,874.3895874023438,2632.185302734375,646.1089477539062,572.8715209960938,326.704345703125,530.9367065429688,1134.3077392578125,162.42721557617188,2163.75537109375,1330.235107421875,656.4022216796875,6392.22265625
2021-05-17,884.7930908203125,2647.928466796875,670.987060546875,598.0958862304688,347.2337951660156,520.7518920898438,1145.5096435546875,162.69508361816406,2163.209228515625,1303.217041015625,652.3201904296875,6374.61962890625
2021-05-18,897.2501220703125,2664.3603515625,687.968505859375,607.3032836914062,346.46337890625,508.1512451171875,1154.643310546875,160.74363708496094,2161.388427734375,1331.9267578125,655.7850952148438,6463.10595703125
2021-05-19,901.3573608398438,2658.494140625,679.3496704101562,599.8703002929688,348.412109375,500.4296569824219,1152.058349609375,158.98353576660156,2148.1884765625,1318.9110107421875,667.7465209960938,6429.7041015625
2021-05-20,896.0992431640625,2639.517578125,667.5162353515625,593.3004150390625,348.5480651855469,493.2765808105469,1154.0401611328125,158.40960693359375,2133.98681640625,1324.8314208984375,652.035400390625,6393.59814453125
2021-05-21,903.8397216796875,2657.2001953125,697.565673828125,616.175048828125,363.6393127441406,503.0350646972656,1167.137939453125,159.9783935546875,2150.46435546875,1332.631591796875,655.4054565429688,6466.474609375
2021-05-24,896.2120361328125,2658.062744140625,703.458984375,620.8745727539062,373.47344970703125,499.103271484375,1161.580078125,161.853271484375,2127.068115234375,1356.3135986328125,655.9275512695312,6520.5146484375
2021-05-25,886.0568237304688,2699.236328125,689.0167846679688,623.7039184570312,373.74542236328125,498.4400634765625,1173.2557373046875,161.39414978027344,2133.896240234375,1363.5496826171875,660.8165283203125,6558.66064453125
2021-05-26,889.1710815429688,2737.80908203125,688.1316528320312,625.81396484375,374.8330383300781,498.1084899902344,1203.974365234375,161.16458129882812,2142.953857421875,1384.177490234375,668.126220703125,6674.90185546875
2021-05-27,891.9017944335938,2756.445556640625,690.7405395507812,625.5741577148438,385.3923645019531,492.4712829589844,1208.28271484375,161.58544921875,2117.828125,1393.5281982421875,664.0441284179688,6612.8427734375
2021-05-28,945.476318359375,2724.8935546875,700.4307861328125,616.7504272460938,382.53729248046875,496.07147216796875,1210.6951904296875,162.92466735839844,2113.549560546875,1389.064208984375,635.8021850585938,6613.88818359375
2021-05-31,975.0393676757812,2738.372802734375,706.207763671875,635.6447143554688,384.6219787597656,506.7774353027344,1213.91796875,165.75613403320312,2130.254638671875,1379.2908935546875,634.4255981445312,6724.2451171875
2021-06-01,978.9208984375,2733.041748046875,704.2743530273438,623.5121459960938,392.0542907714844,504.88250732421875,1208.213134765625,164.7230224609375,2146.86865234375,1385.822265625,637.0363159179688,6728.84765625
2021-06-02,993.52197265625,2712.62890625,700.6871337890625,621.8336791992188,396.3142395019531,501.6612548828125,1200.766357421875,159.9401397705078,2147.323974609375,1382.439208984375,643.1118774414062,6817.6181640625
2021-06-03,997.313232421875,2722.856689453125,708.3973999023438,623.6559448242188,402.1686096191406,504.0772705078125,1210.346923828125,159.9783935546875,2151.374267578125,1419.841552734375,641.2605590820312,6841.15087890625
2021-06-04,988.6700439453125,2725.024658203125,699.2661743164062,616.414794921875,396.6344299316406,504.6930847167969,1206.8631591796875,159.74880981445312,2132.07568359375,1444.9334716796875,639.7892456054688,6846.0849609375
2021-06-07,1005.3245239257812,2759.219482421875,698.7536010742188,621.6898193359375,395.3995056152344,508.2459716796875,1210.346923828125,161.81503295898438,2129.572021484375,1463.9635009765625,641.1182250976562,6903.92041015625
2021-06-08,999.5473022460938,2773.911376953125,690.9268188476562,616.1270141601562,390.780029296875,518.0517578125,1230.6405029296875,163.49859619140625,2147.505859375,1455.83447265625,644.3458251953125,6961.89892578125
2021-06-09,981.6741333007812,2773.99853515625,689.6456909179688,610.0846557617188,385.52020263671875,511.6092224121094,1232.6873779296875,162.61856079101562,2144.774658203125,1427.7825927734375,638.7449951171875,6869.1435546875
2021-06-10,985.2850341796875,2788.344482421875,689.9951171875,614.2089233398438,395.3995056152344,516.488525390625,1240.5262451171875,164.80078125,2165.53076171875,1428.158447265625,641.7828369140625,6832.041015625
2021-06-11,1002.375244140625,2837.75244140625,692.4642333984375,609.7011108398438,392.9754333496094,512.41455078125,1260.2099609375,163.6984405517578,2154.3330078125,1412.8873291015625,646.7667236328125,6854.7197265625
2021-06-14,1016.7554931640625,2839.962646484375,689.2496337890625,609.173583984375,393.6614685058594,510.993408203125,1273.1876220703125,163.22598266601562,2168.17919921875,1424.4464111328125,642.7794799804688,6811.11767578125
2021-06-15,1019.0653076171875,2828.174072265625,694.2811889648438,618.908447265625,392.8839111328125,513.977783203125,1283.7264404296875,163.0291290283203,2193.2568359375,1419.7947998046875,639.0772094726562,6800.1103515625
2021-06-16,1001.6732177734375,2838.228515625,691.64892578125,613.9210205078125,389.6365661621094,508.5301208496094,1289.56201171875,163.65904235839844,2207.88232421875,1401.09326171875,634.662841796875,6750.76708984375
2021-06-17,1003.507568359375,2875.84814453125,683.0302124023438,607.1115112304688,384.4225158691406,500.85601806640625,1302.3651123046875,161.9268035888672,2216.867919921875,1397.945068359375,631.3402709960938,6613.2705078125
2021-06-18,1008.0366821289062,2858.1220703125,689.4126586914062,604.6178588867188,377.69915771484375,510.42498779296875,1309.3330078125,161.06068420410156,2276.65185546875,1387.0908203125,634.6154174804688,6603.78125
2021-06-21,1013.29052734375,2837.1455078125,693.5591430664062,605.4329833984375,383.9651184082031,511.23028564453125,1306.719970703125,160.98193359375,2305.48974609375,1378.679931640625,637.3209838867188,6547.36865234375
2021-06-22,1008.08203125,2861.5029296875,691.2763061523438,605.0493774414062,382.95892333984375,508.19854736328125,1316.7796630859375,161.4937286376953,2283.391845703125,1408.893310546875,633.0015869140625,6894.19482421875
2021-06-23,998.8425903320312,2827.003662109375,692.068359375,599.1509399414062,383.1418762207031,505.97210693359375,1309.202392578125,160.58824157714844,2274.451904296875,1390.1451416015625,631.5301513671875,7052.94677734375
2021-06-24,975.3587036132812,2924.259765625,701.7353515625,608.1185302734375,381.6325378417969,500.95074462890625,1358.0203857421875,160.03704833984375,2283.2998046875,1413.451171875,631.10302734375,7142.85546875
2021-06-25,953.1431274414062,2930.501220703125,705.8583984375,622.4571533203125,392.24359130859375,506.9668884277344,1371.0848388671875,161.45436096191406,2245.2470703125,1432.0584716796875,638.1753540039062,7258.1953125
2021-06-28,944.7867431640625,2892.317138671875,702.7137451171875,623.7039184570312,390.3683776855469,503.27197265625,1368.9945068359375,160.31265258789062,2255.838134765625,1423.2247314453125,642.02001953125,7208.140625
2021-06-29,945.60205078125,2895.87109375,702.8073120117188,613.9210205078125,385.56597900390625,497.3505554199219,1361.3736572265625,160.076416015625,2285.500732421875,1419.8885498046875,643.2542114257812,7104.947265625
2021-06-30,955.951171875,2900.118896484375,700.8656005859375,605.097412109375,383.4620666503906,498.013671875,1376.83349609375,159.60400390625,2266.015625,1410.1619873046875,641.213134765625,7131.89599609375
2021-07-01,950.1991577148438,2896.43505859375,695.6484375,605.0493774414062,384.5597229003906,495.17144775390625,1359.0655517578125,159.84019470214844,2272.159423828125,1402.408935546875,649.4722900390625,7196.89599609375
2021-07-02,964.2848510742188,2882.5224609375,692.6773071289062,614.06494140625,388.21868896484375,497.39788818359375,1365.5107421875,159.36778259277344,2280.6865234375,1396.1595458984375,646.7191772460938,7186.8857421875
2021-07-05,973.8641357421875,2878.665283203125,699.7191772460938,621.3540649414062,395.765380859375,496.403076171875,1375.221923828125,160.3520050048828,2291.4609375,1417.1162109375,645.722412109375,7211.177734375
2021-07-06,962.3599853515625,2827.783935546875,718.0841064453125,623.7039184570312,393.11260986328125,498.4400634765625,1360.6331787109375,159.44650268554688,2267.11572265625,1414.81396484375,639.124755859375,7130.99462890625
2021-07-07,955.6793823242188,2838.748779296875,720.330078125,627.2526245117188,395.9483337402344,501.7560729980469,1362.723388671875,160.43075561523438,2275.506103515625,1425.1041259765625,645.62744140625,7068.7939453125
2021-07-08,947.7760620117188,2824.48974609375,711.4165649414062,615.6474609375,388.2644958496094,497.6820983886719,1359.3702392578125,159.05282592773438,2244.239013671875,1410.302978515625,633.0965576171875,7023.05615234375
2021-07-09,938.0836181640625,2780.846435546875,702.7838745117188,612.4344482421875,387.6241455078125,508.0563659667969,1361.2427978515625,158.54100036621094,2247.814697265625,1409.2691650390625,634.0459594726562,7046.30419921875
2021-07-12,943.9262084960938,2767.80078125,695.765380859375,619.819580078125,391.0086975097656,501.80340576171875,1348.1348876953125,158.34414672851562,2241.121337890625,1410.35009765625,634.662841796875,7088.4365234375
2021-07-13,950.9918212890625,2762.990234375,702.7136840820312,637.7547607421875,392.51806640625,502.182373046875,1345.609130859375,158.9346923828125,2234.28955078125,1422.4259033203125,648.3805541992188,7050.71728515625
2021-07-14,944.7867431640625,2786.39404296875,701.4503784179688,637.1792602539062,394.3017578125,502.182373046875,1373.4365234375,160.7063446044922,2214.255126953125,1451.652587890625,651.1810302734375,6952.41015625
2021-07-15,943.1336669921875,2782.397705078125,711.5335693359375,640.152587890625,394.8963928222656,497.82421875,1376.83349609375,162.3992156982422,2211.962646484375,1512.408203125,648.3805541992188,6933.6689453125
2021-07-16,956.7437744140625,2775.31787109375,712.3056030273438,633.294921875,393.3412780761719,512.6987915039062,1354.754150390625,163.6984405517578,2216.5927734375,1521.2420654296875,653.6966552734375,6930.39501953125
2021-07-19,950.6520385742188,2766.45751953125,688.279052734375,629.0750122070312,391.4203796386719,510.14068603515625,1342.7784423828125,163.58030700683594,2208.569580078125,1512.6431884765625,654.3135986328125,6799.4453125
2021-07-20,948.319580078125,2784.873291015625,675.2479858398438,615.6474609375,385.01708984375,498.1084899902344,1350.0511474609375,162.8323211669922,2232.638916015625,1494.552734375,642.1625366210938,6863.1650390625
2021-07-22,960.5029907226562,2794.038818359375,677.8448486328125,629.122802734375,386.06903076171875,517.95703125,1385.0203857421875,162.98977661132812,2180.603271484375,1543.2325439453125,652.4625854492188,6926.599609375
2021-07-23,953.7093505859375,2790.998046875,675.0609130859375,648.976318359375,392.3350830078125,519.4728393554688,1385.23828125,167.24168395996094,2162.21875,1514.663818359375,658.8229370117188,6921.19091796875
2021-07-26,940.6426391601562,2777.707275390625,671.22412109375,649.0722045898438,387.2124938964844,515.4462890625,1396.952880859375,166.2574462890625,2153.599853515625,1501.3660888671875,667.7465209960938,6866.10693359375
2021-07-27,930.746337890625,2765.024169921875,673.6572265625,649.7435302734375,393.2955627441406,512.13037109375,1395.77685546875,164.2889862060547,2147.822998046875,1511.37451171875,653.4118041992188,6870.3291015625
2021-07-28,922.7522583007812,2777.924072265625,663.1528930664062,657.0327758789062,389.2249450683594,538.0424194335938,1398.433349609375,164.64328002929688,2165.24462890625,1515.128662109375,652.9370727539062,6798.97216796875
2021-07-29,929.9536743164062,2776.186279296875,663.597412109375,661.3131713867188,403.9066162109375,537.331787109375,1408.362548828125,162.24176025390625,2140.808349609375,1516.8394775390625,667.3668823242188,6636.18603515625
2021-07-30,921.8238525390625,2751.55908203125,667.4341430664062,656.503662109375,394.9878845214844,532.1210327148438,1402.7012939453125,161.37564086914062,2139.47900390625,1522.0189208984375,734.7205200195312,6621.19384765625
2021-08-02,938.67236328125,2796.687744140625,665.6560668945312,655.4456176757812,397.82354736328125,535.43701171875,1421.0352783203125,163.22598266601562,2139.020751953125,1533.89892578125,735.7171630859375,6715.37255859375
2021-08-03,945.579345703125,2853.588134765625,671.2943725585938,664.102783203125,408.43463134765625,549.6957397460938,1441.6337890625,165.27320861816406,2188.580810546875,1553.2872314453125,754.513671875,6831.56640625
2021-08-04,952.8260498046875,2844.075439453125,685.6119995117188,687.4290771484375,417.9937438964844,544.20068359375,1436.4515380859375,164.24957275390625,2179.640869140625,1542.6900634765625,745.9224243164062,6739.99658203125
2021-08-05,966.6400756835938,2852.76220703125,694.7593994140625,675.6937866210938,404.1810607910156,567.2230834960938,1440.196533203125,169.48573303222656,2161.85205078125,1546.6820068359375,746.3021240234375,6711.013671875
2021-08-06,946.1682739257812,2875.218017578125,698.4090576171875,671.0765991210938,398.5096130371094,575.9393920898438,1437.27880859375,168.69834899902344,2174.505615234375,1530.4776611328125,745.4002685546875,6780.96435546875
2021-08-09,940.7784423828125,2886.42431640625,703.6729125976562,676.0784912109375,396.4514465332031,567.7442016601562,1448.688720703125,168.34402465820312,2186.42578125,1518.21728515625,748.8176879882812,6762.7724609375
2021-08-10,945.7152099609375,2896.1533203125,705.4275512695312,674.202880859375,390.0939636230469,589.487548828125,1460.838623046875,165.23382568359375,2183.9501953125,1509.663818359375,753.1370849609375,6686.5673828125
2021-08-11,958.963134765625,2905.1015625,699.4851684570312,667.1328125,391.55755615234375,588.2085571289062,1461.0997314453125,164.2889862060547,2191.881591796875,1504.7694091796875,740.03662109375,6705.23681640625
2021-08-12,955.88330078125,2911.66015625,702.5031127929688,674.6356811523438,390.7342834472656,590.3875732421875,1471.59521484375,164.48580932617188,2193.577880859375,1542.927734375,739.1823120117188,6696.16455078125
2021-08-13,971.8032836914062,3008.650390625,714.1069946289062,677.9542846679688,394.43902587890625,603.5568237304688,1491.2791748046875,166.49366760253906,2204.764404296875,1585.6483154296875,738.8500366210938,6686.8056640625
2021-08-16,984.4170532226562,3016.946533203125,716.165771484375,675.88623046875,388.63037109375,600.714599609375,1484.4857177734375,166.06060791015625,2224.845458984375,1573.95849609375,741.2232666015625,6519.35400390625
2021-08-17,980.2276000976562,3086.52978515625,708.7028198242188,674.4913940429688,385.56597900390625,593.41943359375,1516.9293212890625,164.72203063964844,2277.477783203125,1557.468994140625,744.4035034179688,6575.2666015625
2021-08-18,984.0321044921875,3093.044189453125,707.9307250976562,662.0827026367188,383.91943359375,590.1981201171875,1509.787109375,164.5251922607422,2279.540283203125,1551.861572265625,743.2168579101562,6532.0078125
2021-08-20,972.9808959960938,3092.132080078125,708.7496337890625,654.7722778320312,372.0277099609375,581.4345092773438,1509.351806640625,164.48580932617188,2401.8134765625,1514.558349609375,722.5692749023438,6542.3203125
2021-08-23,979.3671264648438,3159.8037109375,713.3583374023438,656.696044921875,374.5889892578125,589.9138793945312,1514.4034423828125,162.43858337402344,2415.338134765625,1502.345703125,722.759521484375,6518.44677734375
2021-08-24,989.036865234375,3138.78125,729.3838500976562,667.9984741210938,381.99847412109375,587.4979248046875,1498.8128662109375,162.00555419921875,2414.283935546875,1526.1531982421875,734.1813354492188,6496.76953125
2021-08-25,997.5969848632812,3178.567626953125,728.70556640625,664.7279663085938,380.7635498046875,580.2501831054688,1511.6165771484375,162.51734924316406,2425.286865234375,1514.74853515625,731.9923706054688,6409.15185546875
2021-08-26,1010.2107543945312,3189.731201171875,727.4889526367188,672.1828002929688,375.732421875,556.04345703125,1504.7794189453125,161.1000518798828,2444.908935546875,1516.601806640625,723.90185546875,6310.9345703125
2021-08-27,1008.829345703125,3231.688720703125,724.5177612304688,673.0966186523438,377.28753662109375,563.8597412109375,1488.31787109375,162.12364196777344,2455.499267578125,1556.8511962890625,734.6097412109375,6326.4521484375
2021-08-30,1028.2369384765625,3215.314208984375,733.7821655273438,686.4672241210938,386.66363525390625,587.82958984375,1478.9549560546875,163.77716064453125,2464.43994140625,1577.760009765625,749.267578125,6490.75244140625
2021-08-31,1022.7564697265625,3289.28271484375,739.93505859375,691.6614990234375,389.72802734375,629.1372680664062,1486.2711181640625,166.3755645751953,2497.81640625,1589.259765625,755.7875366210938,6537.73681640625
2021-09-01,1026.810302734375,3227.17138671875,738.85888671875,692.4791870117188,393.2498474121094,631.3637084960938,1461.27392578125,164.95826721191406,2505.88525390625,1602.7554931640625,750.5050048828125,6479.29296875
2021-09-02,1039.1749267578125,3332.979248046875,743.4910278320312,697.5291748046875,393.11260986328125,631.45849609375,1471.15966796875,165.15509033203125,2568.3740234375,1602.5654296875,751.8851928710938,6486.93359375
2021-09-03,1081.79443359375,3337.582763671875,737.4318237304688,696.7114868164062,394.6219482421875,623.8317260742188,1481.21923828125,165.82440185546875,2536.877685546875,1607.6025390625,751.3616943359375,6553.97119140625
2021-09-06,1098.59765625,3346.22607421875,732.5889892578125,693.6815795898438,394.3017578125,620.18408203125,1507.1307373046875,164.80078125,2549.623291015625,1610.1685791015625,746.4597778320312,6538.5009765625
2021-09-07,1105.52734375,3314.86669921875,734.25,689.5934448242188,392.51806640625,635.2955322265625,1486.4453125,166.72988891601562,2546.963623046875,1598.28857421875,732.8013305664062,6567.3876953125
2021-09-08,1101.2020263671875,3278.598388671875,737.5955810546875,693.4891357421875,394.5762023925781,632.7374877929688,1474.7742919921875,166.33616638183594,2568.23681640625,1583.89013671875,739.9874267578125,6475.8076171875
2021-09-09,1098.59765625,3293.583251953125,733.9458618164062,692.8158569335938,395.4452209472656,650.0753784179688,1473.3370361328125,167.4385223388672,2577.177001953125,1587.2166748046875,738.892822265625,6495.86181640625
2021-09-13,1074.117431640625,3340.44970703125,727.8399047851562,680.4552612304688,395.9483337402344,656.8494262695312,1473.598388671875,168.61959838867188,2554.895263671875,1588.7845458984375,742.7000732421875,6564.09375
2021-09-14,1072.71337890625,3375.67578125,724.5645141601562,680.5033569335938,396.0855407714844,657.7021484375,1468.59033203125,170.15504455566406,2533.072265625,1612.3070068359375,743.7471313476562,6583.9091796875
2021-09-15,1077.1748046875,3435.311767578125,723.7457885742188,687.1404418945312,406.0105895996094,687.3565063476562,1490.6258544921875,170.0762481689453,2544.90087890625,1631.837890625,743.0332641601562,6597.8037109375
2021-09-16,1099.775390625,3390.791015625,729.8985595703125,699.5010375976562,424.16827392578125,680.8192749023438,1482.613037109375,181.69027709960938,2538.298828125,1635.876953125,743.4140014648438,6618.76513671875
2021-09-17,1082.7227783203125,3325.248046875,740.2860107421875,692.7196044921875,415.38671875,689.8671264648438,1473.0760498046875,182.0052490234375,2496.119873046875,1631.0775146484375,732.8013305664062,6698.50439453125
2021-09-20,1084.4439697265625,3321.46875,729.8517456054688,682.9561157226562,400.15618896484375,686.8353881835938,1470.071044921875,184.0524444580078,2567.732421875,1619.815185546875,720.046875,6637.3388671875
2021-09-21,1089.1317138671875,3355.739013671875,726.1553955078125,684.735595703125,401.3910827636719,688.446044921875,1496.72265625,190.1547393798828,2578.827392578125,1635.54443359375,727.6615600585938,6471.7490234375
2021-09-22,1100.8170166015625,3355.04345703125,717.6162109375,676.5595092773438,401.43682861328125,688.5408325195312,1495.3726806640625,191.72950744628906,2553.19921875,1626.040283203125,732.9915771484375,6523.3173828125
2021-09-23,1127.7203369140625,3361.211669921875,734.6010131835938,689.6895751953125,411.4532775878906,688.588134765625,1517.713134765625,190.942138671875,2551.181640625,1681.9239501953125,732.753662109375,6538.3095703125
2021-09-24,1124.4593505859375,3362.991943359375,749.3632202148438,695.4129638671875,403.1748352050781,700.5257568359375,1536.264892578125,187.75320434570312,2518.4931640625,1681.02099609375,733.3248291015625,6639.10595703125
2021-09-27,1143.36865234375,3333.15234375,760.38232421875,702.1943969726562,408.5260925292969,697.4142456054688,1499.0743408203125,187.95004272460938,2484.428955078125,1653.3167724609375,726.2813110351562,7069.98291015625
2021-09-28,1154.0574951171875,3282.942138671875,755.6798706054688,689.8338623046875,406.9710693359375,671.9326782226562,1469.417724609375,187.20201110839844,2497.587158203125,1650.9881591796875,737.7506713867188,7089.4638671875
2021-09-29,1144.90869140625,3294.017822265625,745.7603759765625,682.4752197265625,420.7837219238281,669.9539794921875,1473.9031982421875,187.4776153564453,2462.239501953125,1635.6392822265625,772.2062377929688,7051.4560546875
2021-09-30,1141.0133056640625,3279.814453125,746.2750244140625,674.1547241210938,414.3804626464844,664.3556518554688,1459.052978515625,185.94219970703125,2477.368896484375,1618.484619140625,778.8213500976562,7007.5283203125
2021-10-01,1143.029052734375,3240.41943359375,740.5432739257812,665.9784545898438,413.14556884765625,652.3870849609375,1450.2999267578125,185.31228637695312,2479.43212890625,1612.7347412109375,786.7691040039062,6839.69384765625
2021-10-04,1157.7261962890625,3277.860107421875,741.970458984375,673.5294799804688,423.6651306152344,657.6957397460938,1462.1451416015625,186.29652404785156,2463.064453125,1630.1746826171875,791.9088134765625,6847.333984375
2021-10-05,1181.75341796875,3329.982177734375,746.509033203125,670.547607421875,425.0830383300781,674.9248046875,1474.3822021484375,184.80047607421875,2483.649658203125,1631.552490234375,780.9630126953125,6931.322265625
2021-10-06,1159.4019775390625,3310.52294921875,755.6096801757812,663.237060546875,418.2224426269531,667.3479614257812,1457.6160888671875,182.08396911621094,2462.9267578125,1610.9764404296875,762.02197265625,6874.97998046875
2021-10-07,1165.0860595703125,3381.756103515625,753.5509033203125,675.453369140625,418.86273193359375,668.40966796875,1472.814453125,183.42254638671875,2447.659912109375,1627.513427734375,783.58056640625,7155.021484375
2021-10-08,1209.85693359375,3418.89306640625,749.8778686523438,676.6076049804688,418.9542236328125,671.3052368164062,1501.4259033203125,182.43832397460938,2420.748046875,1641.246826171875,781.8197021484375,7095.33740234375
2021-10-11,1201.4326171875,3201.675537109375,764.4530029296875,686.1305541992188,429.2451477050781,666.8170166015625,1472.77099609375,187.43824768066406,2425.37890625,1631.7427978515625,792.4324951171875,7353.93896484375
2021-10-12,1208.29443359375,3173.225341796875,762.4877319335938,681.6094970703125,441.8229064941406,662.4735717773438,1467.7193603515625,189.99725341796875,2453.848876953125,1632.97802734375,789.7197875976562,7347.2548828125
2021-10-13,1220.591064453125,3175.2666015625,767.0731811523438,682.9080810546875,440.63372802734375,665.9000854492188,1488.6661376953125,196.21766662597656,2426.891357421875,1665.1492919921875,801.9505615234375,7145.13818359375
2021-10-14,1223.0594482421875,3143.281005859375,789.5322875976562,699.5972290039062,448.7749938964844,661.9426879882812,1494.37109375,202.00494384765625,2429.458740234375,1700.5517578125,800.7608642578125,7159.22314453125
2021-10-18,1226.3206787109375,3174.352783203125,781.53125,717.0559692382812,455.4984130859375,656.9235229492188,1560.9134521484375,206.72927856445312,2433.53955078125,1699.743896484375,795.6209716796875,7312.1123046875
2021-10-19,1237.3037109375,3163.0380859375,790.1405029296875,718.979736328125,446.57958984375,657.4061889648438,1587.0426025390625,193.65863037109375,2335.244140625,1754.4869384765625,787.48291015625,7310.8232421875
2021-10-20,1223.0594482421875,3141.017822265625,783.1923217773438,717.440673828125,457.2821044921875,683.8047485351562,1569.7972412109375,194.17044067382812,2272.755615234375,1717.088623046875,775.6329345703125,7248.84619140625
2021-10-21,1187.7772216796875,3074.56494140625,784.3386840820312,726.7230834960938,460.0721435546875,671.8360595703125,1527.3809814453125,192.6743927001953,2242.588134765625,1716.185791015625,778.9642944335938,7234.0439453125
2021-10-22,1189.9964599609375,3045.278076171875,786.4207763671875,730.3783569335938,460.0721435546875,670.3400268554688,1497.8985595703125,186.29652404785156,2250.244384765625,1703.3553466796875,773.3961181640625,7075.18701171875
2021-10-25,1178.4017333984375,3040.142822265625,775.30810546875,809.6397705078125,463.3194580078125,667.058349609375,1487.2291259765625,183.77687072753906,2251.84912109375,1695.6571044921875,774.0147705078125,6933.56689453125
2021-10-26,1205.2371826171875,3031.1337890625,773.3196411132812,797.808349609375,468.8536682128906,671.9808959960938,1497.0264892578125,186.37525939941406,2248.158935546875,1707.156982421875,774.3003540039062,6968.662109375
2021-10-27,1189.9964599609375,3037.357421875,768.6640625,803.1949462890625,474.89105224609375,677.9169311523438,1519.2135009765625,187.75320434570312,2211.025390625,1696.0374755859375,785.34130859375,7024.90869140625
2021-10-28,1176.95263671875,2978.08544921875,745.6433715820312,768.2776489257812,458.6085205078125,665.7553100585938,1497.202392578125,177.2415313720703,2204.613525390625,1724.26416015625,768.6847534179688,7037.75341796875
2021-10-29,1148.713134765625,2957.28369140625,740.613525390625,771.5000610351562,459.3403015136719,661.5083618164062,1465.4375,175.7454833984375,2207.842529296875,1679.0252685546875,756.691650390625,7145.37646484375
2021-11-01,1149.4151611328125,3025.7373046875,751.1178588867188,773.2796020507812,471.7351379394531,687.7138061523438,1493.8193359375,178.61947631835938,2220.71240234375,1706.3016357421875,772.6823120117188,7272.529296875
2021-11-02,1132.6571044921875,3032.52685546875,751.7963256835938,770.44189453125,477.2236328125,689.1134033203125,1491.93017578125,177.63523864746094,2231.598388671875,1725.594970703125,776.1088256835938,7440.79296875
2021-11-03,1124.8670654296875,3039.533447265625,739.9583740234375,756.0132446289062,482.6664123535156,674.780029296875,1495.9722900390625,175.15493774414062,2224.63330078125,1795.7818603515625,749.9815063476562,7385.88232421875
2021-11-04,1131.77392578125,3053.807373046875,745.8071899414062,752.3098754882812,485.2276916503906,676.7103881835938,1501.4200439453125,178.38327026367188,2235.2431640625,1814.26708984375,757.1201171875,7398.4404296875
2021-11-08,1133.177978515625,3048.671875,748.7549438476562,750.4342651367188,478.6414794921875,684.3356323242188,1526.726318359375,180.94227600097656,2243.591796875,1829.0936279296875,761.4508056640625,7338.46923828125
2021-11-09,1142.1231689453125,3051.23974609375,735.65380859375,756.5903930664062,484.0385437011719,688.3895263671875,1531.1197509765625,180.11550903320312,2242.89990234375,1847.19873046875,762.7357788085938,7236.240234375
2021-11-10,1154.8953857421875,3032.614013671875,727.699462890625,751.1556396484375,479.6935119628906,709.865478515625,1529.0546875,181.76902770996094,2214.30078125,1853.4237060546875,772.015869140625,7173.30908203125
2021-11-11,1157.00146484375,3036.008056640625,724.4476318359375,742.0656127929688,466.1551818847656,703.2538452148438,1523.0357666015625,181.09974670410156,2192.205078125,1835.8887939453125,756.549072265625,7117.73046875
2021-11-12,1174.4613037109375,3068.951416015625,726.6466674804688,747.0193481445312,467.7559814453125,717.6354370117188,1564.2464599609375,183.3831787109375,2218.729248046875,1862.7374267578125,767.6376953125,7142.94140625
2021-11-15,1167.5318603515625,3092.6689453125,728.6353149414062,743.8451538085938,463.36517333984375,711.8925170898438,1570.3533935546875,187.4776153564453,2236.99609375,1850.4774169921875,771.6351928710938,7165.14404296875
2021-11-16,1140.402099609375,3095.3671875,724.3072509765625,734.9474487304688,452.891357421875,704.8946533203125,1574.878662109375,185.3910369873047,2220.29736328125,1858.3182373046875,759.9755249023438,7687.7451171875
2021-11-17,1115.9898681640625,3065.339599609375,716.2593994140625,732.3021850585938,455.68133544921875,695.0011596679688,1570.6168212890625,188.57998657226562,2205.99755859375,1856.037353515625,753.2177734375,7902.03759765625
2021-11-18,1120.201904296875,3025.12841796875,720.2833251953125,733.8412475585938,460.8496398925781,689.49951171875,1563.5435791015625,187.0051727294922,2213.60888671875,1802.909912109375,752.551513671875,7751.5361328125
2021-11-22,1070.5848388671875,3010.07177734375,709.0303344726562,723.3563842773438,444.9330139160156,716.2841186523438,1545.9697265625,181.8083953857422,2203.598876953125,1772.02197265625,733.6102905273438,7510.169921875
2021-11-23,1080.5941162109375,3015.1630859375,709.1239013671875,723.2120971679688,451.01611328125,732.4998168945312,1526.1990966796875,182.3595733642578,2208.8115234375,1792.7880859375,747.364013671875,7500.23876953125
2021-11-24,1064.9912109375,2996.9287109375,710.293701171875,731.2440795898438,451.10760498046875,732.4998168945312,1490.2607421875,179.28875732421875,2190.867431640625,1770.12109375,741.4151000976562,7324.00146484375
2021-11-25,1129.101806640625,2999.191650390625,713.9900512695312,722.4425659179688,448.7292175292969,738.5323486328125,1513.458251953125,182.12335205078125,2167.157470703125,1758.14599609375,745.1749267578125,7231.41845703125
2021-11-26,1092.709716796875,3000.0185546875,697.1222534179688,694.6914672851562,430.3885803222656,713.0506591796875,1486.4384765625,176.3754119873047,2154.28759765625,1689.9547119140625,730.3265991210938,6847.525390625
2021-11-29,1105.7991943359375,3048.018798828125,702.4329223632812,691.0362548828125,425.4489440917969,713.6297607421875,1490.568359375,174.4069366455078,2149.029052734375,1679.595458984375,714.859619140625,6827.470703125
2021-11-30,1089.4488525390625,3071.64990234375,698.8302001953125,687.1404418945312,421.286865234375,702.9159545898438,1504.890869140625,174.13134765625,2138.09619140625,1677.2193603515625,717.28662109375,6749.451171875
2021-12-01,1117.3485107421875,3113.9931640625,704.0238037109375,699.9819946289062,434.77935791015625,697.1246948242188,1506.8677978515625,174.72189331054688,2163.282958984375,1697.4154052734375,709.4342041015625,6945.6474609375
2021-12-02,1124.5272216796875,3170.654052734375,713.896484375,694.8839111328125,436.3344421386719,707.06640625,1536.172119140625,177.51712036132812,2198.75537109375,1700.4566650390625,729.3271484375,6995.0185546875
2021-12-03,1090.7396240234375,3168.521484375,708.1881103515625,689.0162963867188,432.8126525878906,693.3602905273438,1525.0128173828125,174.5250244140625,2162.17578125,1711.9091796875,715.5734252929688,6884.0048828125
2021-12-06,1070.0638427734375,3077.960205078125,703.6260375976562,682.5233154296875,425.63189697265625,673.332275390625,1489.645751953125,171.5723419189453,2127.90234375,1694.2315673828125,701.62939453125,6725.62548828125
2021-12-07,1078.7825927734375,3119.824462890625,713.8731079101562,706.6672973632812,436.0600280761719,674.5386352539062,1504.0123291015625,173.7376708984375,2141.832763671875,1708.915283203125,707.86376953125,6862.900390625
2021-12-08,1095.2008056640625,3156.72802734375,727.0211181640625,724.703125,449.64398193359375,690.2716674804688,1540.6536865234375,177.1234130859375,2159.36181640625,1734.5286865234375,721.04638671875,7100.01611328125
2021-12-09,1112.5703125,3134.838134765625,714.4111328125,726.2421264648438,446.9912109375,689.1134033203125,1549.5283203125,185.35165405273438,2158.577392578125,1786.56298828125,723.1402587890625,7087.45849609375
2021-12-10,1113.702392578125,3165.344970703125,712.3992309570312,729.1278686523438,452.5254821777344,685.9765014648438,1545.8380126953125,185.90283203125,2152.165771484375,1780.48046875,724.6632080078125,7091.18310546875
2021-12-13,1091.37353515625,3141.71435546875,707.0650634765625,725.2802734375,446.21368408203125,678.6408081054688,1533.009033203125,184.7217559814453,2125.91845703125,1769.1707763671875,725.85302734375,7177.84521484375
2021-12-14,1078.012451171875,3154.02978515625,702.9944458007812,729.7532348632812,446.89971923828125,667.5408935546875,1539.5989990234375,179.9973907470703,2138.78857421875,1773.162353515625,719.6187133789062,7155.64208984375
2021-12-15,1074.8646240234375,3107.5087890625,701.8480834960938,723.5968627929688,443.4694519042969,661.6048583984375,1523.82666015625,176.41476440429688,2141.233154296875,1787.513427734375,737.7506713867188,7227.07373046875
2021-12-16,1088.7694091796875,3117.300537109375,701.894775390625,712.9197387695312,440.130615234375,657.6957397460938,1556.689453125,175.50926208496094,2130.670166015625,1780.955810546875,727.6139526367188,7115.19921875
2021-12-17,1060.03173828125,3119.694091796875,689.23828125,700.5591430664062,427.918701171875,642.8796997070312,1599.9652099609375,171.61172485351562,2057.55615234375,1755.4849853515625,731.8970947265625,6967.9453125
2021-12-20,1031.45263671875,3095.80224609375,667.059814453125,682.9080810546875,410.90447998046875,635.35107421875,1580.6778564453125,167.24168395996094,2093.398193359375,1710.103271484375,727.137939453125,6958.39599609375
2021-12-21,1046.806396484375,3140.539306640625,674.6163940429688,692.9119262695312,407.9772644042969,643.796630859375,1591.83740234375,167.32041931152344,2096.85791015625,1736.904541015625,741.0344848632812,6985.65966796875
2021-12-22,1071.64892578125,3160.078369140625,676.2072143554688,704.8877563476562,416.987548828125,660.9292602539062,1603.3482666015625,166.9267578125,2101.285888671875,1778.199462890625,759.0713500976562,7089.36767578125
2021-12-23,1071.2642822265625,3187.886474609375,675.6925048828125,703.4448852539062,422.43023681640625,655.137939453125,1632.257080078125,171.09988403320312,2122.504638671875,1785.2799072265625,754.2647094726562,7054.41748046875
2021-12-24,1074.6837158203125,3195.02392578125,673.259521484375,699.4048461914062,417.9937438964844,653.4970703125,1637.4415283203125,171.6510772705078,2119.09130859375,1767.1749267578125,747.5545043945312,6987.52197265625
2021-12-27,1073.5286865234375,3216.95751953125,678.8275146484375,707.9658203125,418.9999694824219,652.2423706054688,1639.7698974609375,171.2967529296875,2123.197265625,1773.6375732421875,755.8351440429688,6961.16552734375
2021-12-28,1086.2783203125,3226.053466796875,683.5064086914062,707.7734985351562,421.8814697265625,656.3927001953125,1658.9693603515625,173.2652130126953,2130.301025390625,1805.2857666015625,775.8232421875,6968.7568359375
2021-12-29,1088.1353759765625,3215.739013671875,680.2545166015625,707.67724609375,415.6611328125,653.3040771484375,1656.8165283203125,170.6668243408203,2128.22509765625,1800.866455078125,798.3812866210938,7018.98828125
2021-12-30,1068.4786376953125,3249.726806640625,683.833984375,707.67724609375,413.1913146972656,655.717041015625,1663.23095703125,170.0762481689453,2145.52294921875,1792.1702880859375,794.2408447265625,6954.2421875
2021-12-31,1072.5775146484375,3253.730224609375,692.2094116210938,711.9578857421875,421.19537353515625,660.0122680664062,1658.74951171875,171.69041442871094,2177.39794921875,1801.8643798828125,804.9486694335938,7091.947265625
2022-01-03,1088.74658203125,3322.83740234375,711.0422973632812,735.5726928710938,430.6629943847656,667.2513427734375,1668.151611328125,172.51719665527344,2178.458984375,1827.4776611328125,808.0421752929688,7185.00732421875
2022-01-04,1113.317626953125,3381.15185546875,715.2066040039062,743.4122314453125,442.2802734375,673.1873779296875,1668.766845703125,173.4226837158203,2215.315673828125,1841.44873046875,797.334228515625,7286.423828125
2022-01-05,1118.5260009765625,3360.436767578125,732.1912841796875,758.0332641601562,450.4215393066406,675.6487426757812,1620.8779296875,173.65890502929688,2228.739013671875,1851.9505615234375,794.8594970703125,7425.13134765625
2022-01-06,1094.47607421875,3313.8720703125,720.4470825195312,755.1475830078125,449.7812194824219,685.68701171875,1597.2852783203125,172.20225524902344,2206.22802734375,1829.0460205078125,789.6245727539062,7527.07373046875
2022-01-07,1103.3079833984375,3353.952880859375,725.5004272460938,763.03515625,449.36956787109375,680.1852416992188,1594.2098388671875,171.9660186767578,2229.061279296875,1810.4180908203125,789.005859375,7549.896484375
2022-01-10,1104.2138671875,3376.88671875,729.5242309570312,779.86865234375,460.71246337890625,680.426513671875,1626.2381591796875,175.82421875,2220.66650390625,1856.2274169921875,786.8643798828125,7759.60498046875
2022-01-11,1112.1627197265625,3408.263427734375,732.6826171875,779.7724609375,462.8163757324219,678.978759765625,1630.4998779296875,174.76124572753906,2217.529541015625,1863.8780517578125,792.28955078125,7777.033203125
2022-01-12,1141.851318359375,3359.52294921875,728.3545532226562,792.3734741210938,466.749755859375,704.7981567382812,1649.6990966796875,175.39117431640625,2226.2939453125,1876.28076171875,795.906494140625,7802.72216796875
2022-01-13,1148.2828369140625,3392.597412109375,714.9492797851562,793.2872924804688,467.7559814453125,706.3424072265625,1666.7017822265625,176.33604431152344,2227.262939453125,1918.2884521484375,823.7946166992188,7713.2421875
2022-01-14,1149.9586181640625,3453.740478515625,722.9737548828125,788.7662963867188,465.01177978515625,695.5320434570312,1695.30322265625,175.2730712890625,2180.673095703125,1943.33154296875,818.3216552734375,7720.07080078125
2022-01-17,1155.959716796875,3498.12890625,711.9078979492188,788.0929565429688,470.1800842285156,703.2538452148438,1704.2218017578125,176.84786987304688,2204.521484375,1966.7589111328125,812.0873413085938,7893.20458984375
2022-01-18,1142.16845703125,3473.2802734375,715.5340576171875,791.7482299804688,463.5939025878906,689.49951171875,1687.74658203125,173.81637573242188,2186.0234375,1921.89990234375,805.9005737304688,7558.634765625
2022-01-19,1142.077880859375,3413.16259765625,710.4808349609375,777.800537109375,471.8266296386719,679.219970703125,1640.5609130859375,173.50143432617188,2131.038818359375,1920.6646728515625,798.0955810546875,7654.65625
2022-01-20,1122.0814208984375,3336.348876953125,706.0592041015625,779.3877563476562,467.8017272949219,690.5131225585938,1602.4696044921875,172.24159240722656,2086.663330078125,1904.12744140625,780.4871215820312,7674.375
2022-01-21,1122.2626953125,3342.408935546875,711.9547119140625,773.856689453125,459.8434753417969,671.0638427734375,1569.0792236328125,170.9030303955078,2145.338623046875,1859.0311279296875,769.7792358398438,7820.72314453125
2022-01-24,1076.99365234375,3288.220703125,695.6016235351562,768.0371704101562,452.0223388671875,665.9000854492188,1526.111328125,166.76927185058594,2107.6982421875,1805.6661376953125,762.2598876953125,7689.60693359375
2022-01-25,1074.8875732421875,3286.955322265625,696.2567138671875,771.115234375,470.774658203125,687.08642578125,1513.2384033203125,168.7377166748047,2147.04541015625,1829.8062744140625,769.1129760742188,8215.12109375
2022-01-27,1058.96728515625,3181.761962890625,690.127197265625,764.3818359375,483.8555603027344,682.6466064453125,1474.9713134765625,168.97393798828125,2117.61572265625,1816.072998046875,772.9677124023438,8422.9189453125
2022-01-28,1057.9482421875,3217.335693359375,684.6527709960938,751.3961791992188,478.8244323730469,690.8990478515625,1481.6495361328125,171.3361053466797,2106.729248046875,1803.4326171875,787.48291015625,8165.796875
2022-01-31,1080.933837890625,3257.61669921875,695.1571655273438,758.7546997070312,492.408447265625,703.9293823242188,1525.583984375,173.38331604003906,2097.688232421875,1814.5047607421875,794.2884521484375,8210.0576171875
2022-02-01,1077.3558349609375,3313.7666015625,700.4444580078125,779.4357299804688,486.9199523925781,697.8967895507812,1557.0850830078125,179.328125,2127.1181640625,1891.7724609375,848.77978515625,8173.8662109375
2022-02-02,1079.552490234375,3362.19970703125,716.446533203125,782.7543334960938,493.7805480957031,699.8272705078125,1570.309326171875,182.79263305664062,2147.645263671875,1884.3592529296875,847.7327270507812,8131.705078125
2022-02-03,1065.6025390625,3334.6484375,709.0303344726562,778.13720703125,494.054931640625,696.5455932617188,1527.649169921875,184.60360717773438,2120.19873046875,1837.7420654296875,840.974853515625,8206.57421875
2022-02-04,1055.887451171875,3326.19091796875,713.07763671875,774.3857421875,485.0904541015625,695.1460571289062,1529.8895263671875,184.48553466796875,2127.994384765625,1851.3328857421875,850.873779296875,8165.41357421875
2022-02-07,1049.4561767578125,3294.890625,686.9454956054688,756.4461669921875,487.7890319824219,681.922607421875,1506.9556884765625,181.25721740722656,2082.7890625,1791.0299072265625,844.30615234375,8128.267578125
2022-02-08,1067.0972900390625,3263.894287109375,683.9977416992188,762.3137817382812,486.0509338378906,684.2391967773438,1508.976806640625,182.08396911621094,2089.015625,1782.5712890625,851.0165405273438,8212.1123046875
2022-02-09,1079.52978515625,3278.80419921875,700.7251586914062,772.221435546875,489.6184387207031,694.3256225585938,1526.5506591796875,181.21786499023438,2101.285888671875,1795.1165771484375,850.3929443359375,8546.3486328125
2022-02-10,1078.420166015625,3287.348388671875,713.5923461914062,774.818603515625,494.46661376953125,698.862060546875,1554.9322509765625,182.8713836669922,2106.360107421875,1806.7115478515625,857.9236450195312,8408.833984375
2022-02-11,1076.314208984375,3221.60791015625,710.6679077148438,760.678466796875,484.4500732421875,690.2716674804688,1512.5355224609375,183.02886962890625,2083.157470703125,1778.43701171875,844.30126953125,8343.611328125
2022-02-14,1059.171142578125,3255.43701171875,689.5423583984375,724.9916381835938,458.65423583984375,665.7069702148438,1478.134521484375,176.94302368164062,2055.988037109375,1709.7706298828125,829.671630859375,7989.5595703125
2022-02-15,1095.1329345703125,3328.7197265625,710.1767578125,746.4903564453125,480.0593566894531,686.796875,1527.3853759765625,179.805419921875,2112.772216796875,1782.9991455078125,841.135498046875,8234.314453125
2022-02-16,1092.8682861328125,3324.62158203125,709.217529296875,734.9474487304688,472.64990234375,696.6903686523438,1523.0357666015625,179.60382080078125,2109.451416015625,1768.4102783203125,833.5087890625,8196.35546875
2022-02-17,1106.7047119140625,3299.423583984375,704.8894653320312,721.7692260742188,469.2196044921875,692.0572509765625,1515.567138671875,179.523193359375,2128.87060546875,1776.0135498046875,827.465087890625,8167.22998046875
2022-02-18,1098.0543212890625,3307.8818359375,707.6265258789062,720.37451171875,471.36920166015625,687.7621459960938,1499.88232421875,178.91848754882812,2133.484130859375,1789.6993408203125,827.8008422851562,8183.12890625
2022-02-21,1086.957763671875,3242.9248046875,712.1885986328125,725.713134765625,468.2133483886719,685.2525024414062,1520.751220703125,175.77392578125,2117.108642578125,1771.4991455078125,809.5256958007812,8224.7666015625
2022-02-22,1082.0208740234375,3126.963134765625,706.8544921875,722.68310546875,455.9100341796875,674.9248046875,1523.9583740234375,173.23402404785156,2094.18212890625,1752.96630859375,811.3964233398438,8234.41015625
2022-02-23,1075.249755859375,3107.25830078125,702.2691650390625,716.2383422851562,456.1844482421875,679.8956298828125,1531.4271240234375,174.12098693847656,2085.37158203125,1730.0142822265625,806.0721435546875,8307.0341796875
2022-02-24,1021.6694946289062,2965.880859375,664.135498046875,680.4552612304688,432.3552551269531,647.5610961914062,1474.575927734375,168.11402893066406,2003.2630615234375,1670.1864013671875,784.9669799804688,7840.34765625
2022-02-25,1034.44189453125,3069.72314453125,681.307373046875,702.242431640625,441.77716064453125,664.693603515625,1489.030517578125,172.50836181640625,2002.6171875,1688.9093017578125,797.7260131835938,7979.72265625
2022-02-28,1068.6824951171875,3098.887939453125,667.340576171875,714.4107055664062,442.005859375,662.6183471679688,1507.48291015625,174.0403289794922,2003.9091796875,1726.64013671875,809.5737915039062,7939.6630859375
2022-03-02,1086.3463134765625,3091.869873046875,643.0098266601562,687.6213989257812,433.8188781738281,650.7944946289062,1496.23583984375,173.5968780517578,1982.690185546875,1695.98974609375,787.5093383789062,7462.23193359375
2022-03-03,1077.1748046875,3090.343505859375,641.4891967773438,671.7018432617188,427.5528564453125,648.6710815429688,1512.095947265625,176.9027099609375,1929.0888671875,1665.3868408203125,787.5093383789062,7253.4296875
2022-03-04,1053.2833251953125,3072.8623046875,639.3836669921875,661.84228515625,422.5675048828125,630.9594116210938,1514.2490234375,181.82115173339844,1863.1251220703125,1626.84814453125,795.9033203125,6920.86572265625
2022-03-07,1014.3323974609375,3038.4658203125,619.8722534179688,628.8487548828125,402.7631530761719,651.9044799804688,1528.791259765625,181.377685546875,1793.4251708984375,1553.3822021484375,789.1880493164062,6464.15673828125
2022-03-08,1012.4979248046875,3138.77734375,621.2759399414062,639.6702880859375,402.7631530761719,659.2400512695312,1562.489013671875,182.94998168945312,1798.084228515625,1576.2393798828125,820.2222900390625,6499.72900390625
2022-03-09,1066.214111328125,3167.244873046875,641.559326171875,642.0269165039062,413.1913146972656,667.4444580078125,1593.375,184.8448028564453,1843.197998046875,1607.0797119140625,832.9332885742188,6710.345703125
2022-03-10,1083.492919921875,3157.087646484375,651.642578125,650.828369140625,428.7420349121094,673.4769897460938,1604.40283203125,187.0621337890625,1939.1910400390625,1642.482177734375,834.1803588867188,6886.96484375
2022-03-11,1086.6180419921875,3138.079345703125,653.5609741210938,652.078857421875,430.2513732910156,670.6778564453125,1600.9757080078125,190.56954956054688,1932.2254638671875,1642.91015625,865.3104858398438,6782.63525390625
2022-03-14,1095.54052734375,3176.3125,674.96728515625,669.6337280273438,443.7895812988281,676.0347900390625,1661.341796875,192.70626831054688,1899.8436279296875,1660.1121826171875,855.95703125,6987.18798828125
2022-03-15,1070.44873046875,3133.50244140625,666.2877807617188,670.7880249023438,444.4299621582031,678.6408081054688,1616.17724609375,191.7790069580078,1880.3770751953125,1656.975830078125,855.3814086914062,7085.8828125
2022-03-16,1088.520263671875,3187.560302734375,677.5875854492188,681.0324096679688,450.74169921875,687.2313232421875,1660.1995849609375,195.6089324951172,1911.6982421875,1669.0933837890625,853.0311279296875,7148.623046875
2022-03-17,1124.0064697265625,3202.25146484375,692.5135498046875,692.6714477539062,459.11163330078125,697.7521362304688,1629.6209716796875,197.4634246826172,1939.283203125,1699.22119140625,874.52001953125,7346.490234375
2022-03-21,1117.5296630859375,3162.10009765625,695.5314331054688,683.6776733398438,448.7749938964844,683.5634765625,1628.2591552734375,197.1409149169922,1892.370849609375,1669.1885986328125,876.6304321289062,7358.474609375
2022-03-22,1146.4031982421875,3226.838623046875,699.1109008789062,690.8438720703125,451.6107177734375,694.2291259765625,1658.442138671875,201.37400817871094,1839.1385498046875,1686.0582275390625,876.9182739257812,7416.82275390625
2022-03-23,1150.049072265625,3236.822265625,692.1392822265625,690.9400634765625,448.8207092285156,680.426513671875,1645.26171875,203.18817138671875,1825.3463134765625,1679.595458984375,864.1592407226562,7300.50927734375
2022-03-24,1167.916748046875,3269.474609375,675.0140380859375,677.377197265625,445.5733947753906,681.7777709960938,1657.826904296875,205.4861297607422,1813.6756591796875,1683.6822509765625,871.8818359375,7216.568359375
2022-03-25,1175.70703125,3232.50634765625,669.5162353515625,672.61572265625,448.8664855957031,684.6734619140625,1648.908447265625,204.27667236328125,1801.7745361328125,1664.246337890625,865.6463012695312,7081.44189453125
2022-03-28,1187.528076171875,3232.7236328125,670.4052734375,683.2928466796875,455.08673095703125,707.5488891601562,1646.579833984375,207.260009765625,1822.163330078125,1655.217529296875,869.0518798828125,7140.5537109375
2022-03-29,1187.7998046875,3230.6748046875,679.2953491210938,688.0543212890625,452.7998962402344,728.6871337890625,1657.2120361328125,205.28456115722656,1833.18798828125,1660.0172119140625,881.9547119140625,7104.07470703125
2022-03-30,1210.6270751953125,3253.518798828125,691.0630493164062,703.0601806640625,452.1595458984375,723.4267578125,1672.9844970703125,200.93051147460938,1859.80419921875,1685.630615234375,883.15380859375,7256.3427734375
2022-03-31,1193.325439453125,3260.8427734375,687.974853515625,702.48291015625,451.4734802246094,728.6871337890625,1675.5325927734375,202.09967041015625,1890.01806640625,1679.9755859375,877.5419311523438,7220.72216796875
2022-04-01,1202.882080078125,3277.234619140625,704.655517578125,708.2063598632812,464.87457275390625,732.1136474609375,1672.633056640625,204.2363739013672,1917.233642578125,1701.31201171875,871.7379760742188,7353.22314453125
2022-04-04,1206.4375,3287.348388671875,775.2146606445312,718.162109375,468.7165222167969,741.0901489257812,1654.531982421875,205.96990966796875,1963.638916015625,1735.7640380859375,888.3822021484375,7424.60595703125
2022-04-05,1189.385009765625,3326.10400390625,752.4981079101562,713.544921875,465.9721984863281,739.9318237304688,1635.33251953125,209.19512939453125,1974.110107421875,1744.9830322265625,891.3080444335938,7412.2392578125
2022-04-06,1186.2147216796875,3274.27001953125,725.6406860351562,713.3526000976562,470.13433837890625,748.6670532226562,1606.9947509765625,209.31605529785156,1976.1859130859375,1760.9022216796875,890.3487548828125,7395.38525390625
2022-04-07,1165.2900390625,3212.191162109375,709.6853637695312,720.037841796875,471.049072265625,735.8779907226562,1591.310302734375,206.93751525878906,1997.1744384765625,1735.716552734375,893.0829467773438,7296.35546875
2022-04-08,1184.6746826171875,3213.498291015625,708.7028198242188,725.56884765625,472.10101318359375,735.5883178710938,1594.473388671875,215.92774963378906,2014.01123046875,1739.94580078125,886.9911499023438,7217.5234375
2022-04-11,1182.2064208984375,3222.871826171875,700.0466918945312,730.6668701171875,471.0033874511719,731.6792602539062,1552.2523193359375,215.68588256835938,1995.56005859375,1693.138671875,887.7586669921875,7224.63818359375
2022-04-12,1159.9454345703125,3218.25048828125,698.8067016601562,734.7550048828125,469.12811279296875,715.849853515625,1531.075927734375,213.50881958007812,1967.14501953125,1661.0150146484375,883.825439453125,7275.203125
2022-04-13,1155.6878662109375,3192.8349609375,685.4481811523438,733.2160034179688,473.5646667480469,714.8846435546875,1536.435791015625,217.33877563476562,1985.50390625,1673.46533203125,898.6469116210938,7133.0576171875
2022-04-18,1152.1552734375,3076.087890625,652.9292602539062,728.935546875,466.0636901855469,704.1224365234375,1424.7103271484375,217.7822265625,2009.0291748046875,1652.1287841796875,889.7732543945312,7232.373046875
2022-04-19,1196.065673828125,3027.131103515625,628.0136108398438,737.11181640625,468.1676330566406,698.3311767578125,1372.51611328125,210.8883514404297,1949.431640625,1621.145751953125,884.4968872070312,7100.20703125
2022-04-20,1231.2347412109375,3101.155517578125,633.6752319335938,726.7711791992188,465.8807373046875,713.6297607421875,1395.09814453125,209.27574157714844,1997.312744140625,1607.6976318359375,885.93603515625,7321.37548828125
2022-04-21,1260.06298828125,3163.80078125,643.0565795898438,733.3121948242188,472.28399658203125,710.1550903320312,1422.4256591796875,209.9611053466797,2027.7576904296875,1629.4617919921875,905.697998046875,7524.3037109375
2022-04-22,1249.5098876953125,3149.76318359375,634.2835083007812,719.172119140625,457.9224548339844,713.0506591796875,1393.121337890625,210.5255126953125,1962.255126953125,1610.31103515625,887.1830444335938,7548.46337890625
2022-04-25,1220.6138916015625,3093.65673828125,639.03271484375,723.548828125,452.5711669921875,713.6297607421875,1371.7252197265625,205.80865478515625,1938.083740234375,1575.146484375,863.391845703125,7555.9609375
2022-04-26,1257.1416015625,3092.000732421875,641.9804077148438,725.0397338867188,462.40472412109375,729.990234375,1389.211181640625,208.7919921875,1981.998046875,1615.6334228515625,880.7076416015625,7550.61279296875
2022-04-27,1258.364501953125,3104.9912109375,642.21435546875,708.6392211914062,454.8580627441406,726.3223876953125,1364.4320068359375,207.6228485107422,1979.0001220703125,1593.8692626953125,869.2437133789062,7437.59375
2022-04-28,1277.16064453125,3125.132080078125,641.65283203125,718.691162109375,464.2342224121094,721.3515014648438,1390.6170654296875,210.5255126953125,2068.2587890625,1633.9761962890625,883.5376586914062,7532.8505859375
2022-04-29,1263.75439453125,3092.348876953125,647.8525390625,714.98779296875,453.9890441894531,713.2919921875,1377.3927001953125,209.27574157714844,2061.80029296875,1610.31103515625,890.8765258789062,7370.17333984375
2022-05-02,1259.3155517578125,3088.599609375,656.7893676757812,712.7754516601562,449.14093017578125,715.5601806640625,1354.0633544921875,212.17845153808594,2057.787109375,1596.1502685546875,885.8399658203125,7290.86474609375
2022-05-04,1220.0023193359375,3033.9755859375,634.4706420898438,696.6635131835938,438.75848388671875,697.2694702148438,1349.2745361328125,209.43702697753906,2003.40185546875,1552.906982421875,864.2552490234375,7064.6826171875
2022-05-05,1196.1109619140625,3063.314697265625,633.0435791015625,701.0401611328125,439.0786437988281,693.9395141601562,1392.857666015625,211.29153442382812,1998.8349609375,1556.4234619140625,842.4306030273438,7073.99365234375
2022-05-06,1186.9393310546875,2992.865966796875,616.5033569335938,691.8538208007812,442.69195556640625,685.5421142578125,1355.68896484375,215.00051879882812,1982.782470703125,1541.977294921875,847.37109375,6951.376953125
2022-05-09,1140.583251953125,3003.7646484375,617.55615234375,683.2928466796875,435.32818603515625,686.7486572265625,1379.85302734375,212.01719665527344,1952.7525634765625,1535.989990234375,849.3856811523438,7028.77587890625
2022-05-10,1120.813232421875,2998.228271484375,627.4756469726562,684.2066650390625,434.68792724609375,694.615234375,1364.6077880859375,209.43702697753906,2011.5665283203125,1528.196533203125,826.7935180664062,7177.36767578125
2022-05-11,1109.331787109375,2974.90478515625,631.0082397460938,686.9962158203125,435.9227600097656,697.7037963867188,1341.5421142578125,206.13116455078125,1995.9752197265625,1492.8892822265625,820.0303344726562,7063.2978515625
2022-05-12,1086.731201171875,2971.984130859375,616.784423828125,669.2969970703125,423.207763671875,680.8609008789062,1325.7696533203125,203.9138641357422,1973.187744140625,1450.453857421875,815.4255981445312,6926.93017578125
2022-05-13,1099.050537109375,2977.433837890625,611.246337890625,651.5498046875,406.74237060546875,665.9000854492188,1321.9034423828125,208.50979614257812,2024.20556640625,1458.3897705078125,846.6036376953125,6782.06298828125
2022-05-16,1099.3223876953125,2944.2138671875,617.7546997070312,656.984619140625,416.2099914550781,669.085205078125,1308.4593505859375,204.8813934326172,2045.56298828125,1466.373046875,849.5774536132812,6921.15283203125
2022-05-17,1145.4974365234375,3009.432373046875,621.9674682617188,682.9561157226562,427.46136474609375,682.4534912109375,1334.248779296875,213.42822265625,2071.1640625,1524.5374755859375,855.4774169921875,7193.50634765625
2022-05-18,1149.6641845703125,3006.990478515625,621.9201049804688,680.4071044921875,418.9542236328125,671.9326782226562,1326.1209716796875,215.1214599609375,2113.971435546875,1494.5050048828125,862.576416015625,7225.73583984375
2022-05-19,1123.16845703125,2844.07666015625,609.2109375,664.006591796875,409.349365234375,650.7944946289062,1254.0244140625,222.25721740722656,2089.200439453125,1471.172607421875,848.6181640625,7071.03271484375
2022-05-20,1188.660400390625,2871.1494140625,625.2571411132812,682.5233154296875,422.9790954589844,663.9696044921875,1278.6278076171875,225.76463317871094,2145.84619140625,1530.239990234375,878.4052734375,7244.88330078125
2022-05-23,1180.7117919921875,2896.21630859375,617.234130859375,683.9662475585938,421.60699462890625,661.9909057617188,1290.2705078125,221.32997131347656,2195.526123046875,1562.60107421875,884.5448608398438,7541.732421875
2022-05-24,1184.7652587890625,2866.789794921875,624.3104248046875,681.1766357421875,422.658935546875,654.6071166992188,1266.1942138671875,218.38699340820312,2130.808349609375,1545.636474609375,872.88916015625,7451.20166015625
2022-05-25,1183.021728515625,2780.46142578125,628.9728393554688,686.1785888671875,421.8692932128906,664.2591552734375,1239.3502197265625,219.87863159179688,2120.7060546875,1496.6434326171875,874.13623046875,7436.4951171875
2022-05-26,1171.7440185546875,2832.512939453125,646.9124145507812,700.7515258789062,435.6188049316406,669.5196533203125,1251.21240234375,220.28395080566406,2103.638671875,1486.9493408203125,863.3438720703125,7453.44580078125
2022-05-27,1166.308837890625,2862.66455078125,658.9115600585938,711.62109375,435.665283203125,660.5913696289062,1284.0755615234375,222.34884643554688,2150.136474609375,1520.926025390625,867.1332397460938,7585.1826171875
2022-05-30,1206.9356689453125,2962.685546875,663.4082641601562,719.98974609375,440.9142761230469,674.731689453125,1341.5860595703125,222.2249755859375,2167.065185546875,1578.472900390625,852.1676635742188,7652.93701171875
2022-05-31,1192.37451171875,2953.118408203125,657.444091796875,724.1740112304688,434.8756103515625,675.841796875,1335.1925048828125,223.54647827148438,2171.0322265625,1572.4378662109375,825.5943603515625,7607.52880859375
2022-06-01,1192.75927734375,2945.086669921875,660.2369384765625,723.9817504882812,435.0613708496094,670.4849243164062,1312.9482421875,224.53765869140625,2129.700927734375,1566.2603759765625,805.1129150390625,7581.79248046875
2022-06-02,1233.88427734375,3004.599609375,655.621826171875,721.1920776367188,436.50140380859375,671.7396240234375,1339.0997314453125,225.90049743652344,2107.88232421875,1555.948486328125,824.5870971679688,7568.4228515625
2022-06-03,1258.88525390625,3019.65283203125,653.3497924804688,715.9497680664062,431.5311279296875,662.6183471679688,1351.2652587890625,225.2397003173828,2114.47900390625,1570.109375,829.911376953125,7357.99755859375
2022-06-06,1253.4730224609375,3011.5771484375,652.47412109375,718.306396484375,430.78790283203125,659.19189453125,1358.6798095703125,226.97422790527344,2103.915283203125,1558.8470458984375,824.826904296875,7363.25
2022-06-07,1255.8282470703125,2951.66943359375,644.9716796875,707.2445068359375,430.50921630859375,661.4601440429688,1337.945068359375,226.2308807373047,2040.3504638671875,1510.6142578125,813.7467651367188,7457.6474609375
2022-06-08,1233.7711181640625,2988.053466796875,647.2437744140625,701.7134399414062,437.8485107421875,640.2254028320312,1331.9957275390625,221.27508544921875,2026.927001953125,1505.957275390625,812.7874755859375,7536.95751953125
2022-06-09,1267.60400390625,3008.1982421875,652.119140625,704.8396606445312,433.8072204589844,652.8213500976562,1345.315673828125,223.71168518066406,2027.5267333984375,1515.9840087890625,823.9156494140625,7572.6728515625
2022-06-10,1229.33251953125,2949.2119140625,639.5282592773438,692.5753173828125,429.0692138671875,649.9258422851562,1311.39404296875,223.1334991455078,2029.556640625,1506.47998046875,811.3004760742188,7577.68603515625
2022-06-13,1206.074951171875,2826.061767578125,627.9315185546875,661.7941284179688,414.2048645019531,647.9471435546875,1264.9520263671875,218.5907440185547,2026.7886962890625,1456.061279296875,795.7594604492188,7545.6953125
2022-06-14,1190.3135986328125,2818.117431640625,621.020751953125,659.3893432617188,416.2951354980469,658.3231811523438,1279.2042236328125,219.25146484375,2002.8941650390625,1468.0362548828125,791.490478515625,7459.79638671875
2022-06-15,1175.910888671875,2814.386962890625,618.8670043945312,661.07275390625,419.3144836425781,658.3713989257812,1262.9095458984375,217.5582733154297,1997.822021484375,1482.95751953125,788.852294921875,7499.7138671875
2022-06-16,1159.4697265625,2757.94677734375,606.4892578125,652.6560668945312,410.2565002441406,631.4419555664062,1240.7095947265625,215.32815551757812,1997.9615478515625,1451.641845703125,781.4654541015625,7480.7578125
2022-06-17,1173.0572509765625,2711.337158203125,610.4889526367188,660.6879272460938,409.6990966796875,621.259033203125,1231.9183349609375,217.4756622314453,1964.22314453125,1416.04931640625,761.1278076171875,7341.8583984375
2022-06-20,1151.7928466796875,2731.964599609375,625.8251342773438,659.822265625,403.8462219238281,618.6046142578125,1255.7611083984375,218.1364288330078,2043.7528076171875,1398.7996826171875,772.5437622070312,7315.884765625
2022-06-21,1170.38525390625,2819.346435546875,632.6412963867188,669.5856323242188,418.7570495605469,631.5384521484375,1287.507080078125,222.92703247070312,2052.221923828125,1425.885986328125,784.1995849609375,7430.14501953125
2022-06-22,1134.8311767578125,2829.001708984375,629.6591796875,660.4474487304688,415.8770751953125,620.4868774414062,1276.2738037109375,219.12759399414062,2050.220947265625,1405.40478515625,776.3811645507812,7432.1982421875
2022-06-23,1116.419921875,2904.3583984375,631.978515625,672.5194702148438,419.3609313964844,637.2332153320312,1289.7713623046875,219.2927703857422,2096.524169921875,1420.18359375,791.3466186523438,7898.45654296875
2022-06-24,1132.3175048828125,2890.577392578125,640.8063354492188,686.2747802734375,422.0086364746094,647.8505859375,1279.692626953125,219.58184814453125,2144.27001953125,1420.706298828125,791.0587768554688,7986.5029296875
2022-06-27,1128.9656982421875,2909.537109375,641.9660034179688,690.0261840820312,428.46539306640625,660.1570434570312,1309.4405517578125,222.9683074951172,2159.858642578125,1459.6253662109375,801.6592407226562,8068.19970703125
2022-06-28,1144.840576171875,2912.565185546875,637.0670166015625,683.2447509765625,431.29888916015625,657.4544677734375,1314.3690185546875,224.53765869140625,2157.06689453125,1474.5465087890625,794.89599609375,8107.30615234375
2022-06-29,1168.59619140625,2888.295166015625,636.1438598632812,675.9823608398438,426.5144348144531,663.8731689453125,1299.3616943359375,226.354736328125,2078.700927734375,1471.125,804.585205078125,8125.64111328125
2022-06-30,1175.6165771484375,2867.75537109375,638.06103515625,680.2628173828125,432.8317565917969,661.1222534179688,1298.1630859375,225.90049743652344,2076.048095703125,1480.961669921875,796.814697265625,8089.208984375
2022-07-01,1090.943359375,2909.88818359375,640.7826538085938,677.0885620117188,433.7143249511719,650.0223388671875,1313.703125,234.86216735839844,2124.212646484375,1494.1722412109375,795.5195922851562,8024.12841796875
2022-07-04,1093.2080078125,2839.622802734375,641.6820068359375,692.6714477539062,439.84588623046875,658.1783447265625,1321.33984375,241.09815979003906,2210.62939453125,1503.24853515625,795.66357421875,8063.04296875
2022-07-05,1102.0625,2823.16455078125,640.2382202148438,692.0462646484375,438.6381530761719,660.6396484375,1310.639404296875,236.96836853027344,2235.107421875,1487.2818603515625,801.8031616210938,7972.65625
2022-07-06,1092.3699951171875,2862.181396484375,649.0660400390625,698.2986450195312,445.8845520019531,669.8092041015625,1324.5809326171875,238.95066833496094,2325.29345703125,1478.9658203125,803.6259155273438,8241.333984375
2022-07-07,1081.61328125,2885.96923828125,660.6865844726562,713.7373657226562,452.201904296875,662.9078369140625,1330.8411865234375,241.1394805908203,2301.6064453125,1531.1903076171875,814.8980102539062,8218.7490234375
2022-07-08,1083.1080322265625,2866.306884765625,661.3019409179688,726.91552734375,453.87408447265625,670.967529296875,1344.8270263671875,242.04800415039062,2323.850341796875,1603.75341796875,822.8123779296875,8094.17529296875
2022-07-11,1097.827880859375,2733.193359375,665.5856323242188,740.1898803710938,453.5489807128906,637.5711059570312,1308.15283203125,243.6586456298828,2318.033447265625,1580.51611328125,822.380615234375,8124.44677734375
2022-07-12,1096.2650146484375,2707.650390625,658.793212890625,730.9555053710938,450.5296630859375,639.9358520507812,1277.4727783203125,241.75894165039062,2279.827880859375,1571.7249755859375,816.9605102539062,8040.458984375
2022-07-13,1076.8350830078125,2667.31689453125,642.723388671875,724.5106811523438,451.9696350097656,621.1141967773438,1282.6673583984375,242.8739471435547,2324.6884765625,1565.54736328125,825.1627197265625,8060.03564453125
2022-07-14,1085.7122802734375,2639.154541015625,639.5046997070312,723.7412109375,445.3271179199219,619.32861328125,1268.814697265625,240.23092651367188,2324.734619140625,1564.501953125,844.1094360351562,8181.83935546875
2022-07-15,1087.818115234375,2635.501953125,644.7113647460938,722.5869140625,445.0948791503906,629.12548828125,1270.1466064453125,242.4609832763672,2390.5361328125,1601.2822265625,842.67041015625,8382.66796875
2022-07-18,1097.08056640625,2696.14013671875,637.8479614257812,742.5947265625,455.4999084472656,639.9840698242188,1323.02685546875,243.90640258789062,2376.57568359375,1641.95947265625,846.8914794921875,8312.716796875
2022-07-19,1103.806396484375,2705.6005859375,638.0846557617188,750.9152221679688,462.6069641113281,649.4915161132812,1317.9207763671875,243.3282470703125,2390.024169921875,1644.0029296875,839.6964721679688,8323.2685546875
2022-07-20,1133.653564453125,2785.292236328125,646.1314086914062,753.2718505859375,472.5010681152344,647.3197631835938,1345.58203125,246.30172729492188,2424.042236328125,1653.6494140625,832.2137451171875,8354.9736328125
2022-07-21,1126.08984375,2796.2939453125,644.0960693359375,756.0614013671875,475.7061462402344,654.7518310546875,1361.2108154296875,247.416748046875,2426.78759765625,1699.0828857421875,834.2763671875,8400.763671875
2022-07-22,1133.6988525390625,2790.749267578125,659.12451171875,769.576171875,477.23907470703125,655.2344970703125,1337.5899658203125,248.24269104003906,2457.640869140625,1701.5855712890625,838.9290161132812,8433.1845703125
2022-07-25,1096.242431640625,2787.00830078125,661.0652465820312,770.3938598632812,481.04803466796875,654.8001098632812,1335.1925048828125,248.6969757080078,2441.818603515625,1715.7353515625,833.0291748046875,8233.2646484375
2022-07-26,1096.7408447265625,2742.255859375,659.7161865234375,765.9690551757812,477.7035827636719,660.3018798828125,1288.6171875,249.81204223632812,2370.619140625,1685.703125,832.3577270507812,8141.8271484375
2022-07-27,1095.6990966796875,2806.45849609375,664.7572631835938,770.0090942382812,490.7098693847656,651.421875,1306.2882080078125,251.21620178222656,2403.05419921875,1729.40380859375,857.6359252929688,8268.119140625
2022-07-28,1112.8646240234375,2869.5166015625,670.650390625,783.5719604492188,494.65826416015625,643.6519165039062,1347.44677734375,250.6379852294922,2438.56103515625,1733.831787109375,858.4512939453125,8328.234375
2022-07-29,1136.5748291015625,2905.9521484375,678.86279296875,787.4196166992188,490.8492126464844,654.3657836914062,1376.1290283203125,250.30763244628906,2454.662353515625,1740.377197265625,904.8346557617188,8378.3701171875
2022-08-01,1166.1956787109375,2903.2236328125,684.5191650390625,792.0368041992188,495.8659362792969,673.2711181640625,1377.327880859375,253.98316955566406,2413.339111328125,1746.7781982421875,881.3311767578125,8597.8681640625
2022-08-02,1170.63427734375,2897.063232421875,676.9931030273438,786.60205078125,503.6232604980469,665.8543090820312,1370.7122802734375,256.0067443847656,2452.661376953125,1725.9385986328125,879.940185546875,8759.8759765625
2022-08-03,1180.462646484375,2939.04345703125,678.5787963867188,793.3834228515625,502.4620056152344,672.0107421875,1390.6922607421875,254.52001953125,2444.378173828125,1722.8101806640625,860.513916015625,8612.228515625
2022-08-04,1164.8594970703125,2952.640625,677.774169921875,789.0067749023438,495.4015197753906,673.1256103515625,1420.70654296875,255.63511657714844,2445.86669921875,1713.4732666015625,881.1392822265625,8619.197265625
2022-08-05,1147.6939697265625,2961.529296875,675.4783935546875,806.2731323242188,493.35760498046875,682.1905517578125,1435.58056640625,256.7501525878906,2462.108154296875,1720.5482177734375,878.6930541992188,8498.5615234375
2022-08-08,1162.708251953125,2969.80224609375,692.0453491210938,809.9019165039062,483.4635314941406,682.869140625,1438.0225830078125,258.6497802734375,2466.71533203125,1761.168701171875,873.3687744140625,8576.181640625
2022-08-10,1169.66064453125,2952.025390625,694.0570068359375,821.320556640625,478.1680908203125,693.436767578125,1422.970947265625,257.0392150878906,2459.68798828125,1785.71435546875,882.2904663085938,8535.5693359375
2022-08-11,1173.5557861328125,3012.09033203125,703.23974609375,831.9166870117188,487.5047302246094,688.1528930664062,1438.5108642578125,252.95071411132812,2432.60400390625,1797.2652587890625,883.5856323242188,8472.271484375
2022-08-12,1192.53271484375,2993.65234375,702.9794921875,846.1416625976562,493.0324401855469,688.0560302734375,1415.5562744140625,254.8504180908203,2415.153564453125,1777.33984375,876.2947998046875,8362.064453125
2022-08-16,1200.8212890625,2985.86376953125,711.0262451171875,850.8348999023438,488.61956787109375,682.6267700195312,1417.64306640625,256.5023498535156,2461.2705078125,1779.6982421875,877.39794921875,8654.7646484375
2022-08-17,1207.09423828125,2993.256591796875,714.694580078125,854.7056274414062,490.6634521484375,700.9019775390625,1426.3453369140625,258.1543273925781,2498.638427734375,1786.2437744140625,883.3458251953125,8597.712890625
2022-08-18,1209.2833251953125,2975.786865234375,715.5465698242188,856.4957885742188,494.5653381347656,710.8392944335938,1405.655029296875,260.7147521972656,2496.218994140625,1823.6397705078125,879.46044921875,8600.9345703125
2022-08-19,1187.72216796875,2979.74755859375,706.7188110351562,842.2709350585938,483.4170227050781,709.9667358398438,1418.22021484375,257.6999816894531,2452.010009765625,1863.5863037109375,867.5256958007812,8438.7236328125
2022-08-22,1184.427734375,2952.288818359375,695.9740600585938,824.7073974609375,475.0093688964844,705.4100952148438,1399.1727294921875,259.68231201171875,2444.7041015625,1810.2598876953125,847.50634765625,8293.6240234375
2022-08-23,1202.694580078125,2890.726806640625,693.8202514648438,835.9810180664062,484.8570861816406,715.1051025390625,1369.646728515625,260.9212646484375,2413.10546875,1806.794677734375,855.0617065429688,8382.5380859375
2022-08-24,1199.490966796875,2864.984130859375,697.1573486328125,845.0771484375,482.4415588378906,716.2200317382812,1365.295654296875,259.4345397949219,2408.918212890625,1822.4844970703125,847.9393920898438,8366.677734375
2022-08-25,1195.9921875,2832.289306640625,693.3706665039062,844.1578369140625,483.4635314941406,718.4014892578125,1348.11279296875,257.9891052246094,2395.841064453125,1807.6126708984375,844.3782958984375,8397.3427734375
2022-08-26,1189.60791015625,2835.809814453125,693.4889526367188,842.706298828125,486.6221923828125,708.5609741210938,1351.1319580078125,258.443359375,2393.375,1834.08349609375,847.121337890625,8382.634765625
2022-08-29,1180.3609619140625,2756.909912109375,681.3240966796875,828.1910400390625,478.3074035644531,698.62353515625,1298.030029296875,258.980224609375,2397.330322265625,1811.077880859375,846.255126953125,8491.833984375
2022-08-30,1198.673095703125,2826.08447265625,703.4290161132812,858.6246948242188,493.54345703125,704.4406127929688,1325.7353515625,264.720703125,2475.55712890625,1850.5435791015625,859.5372314453125,8730.26953125
2022-09-01,1163.4346923828125,2756.161376953125,696.8259887695312,846.0931396484375,495.4479064941406,712.6328735351562,1300.205322265625,262.32537841796875,2425.43798828125,1841.350830078125,839.1328125,8674.7568359375
2022-09-02,1149.8482666015625,2755.01708984375,703.1450805664062,844.206298828125,498.6065979003906,712.5844116210938,1290.2598876953125,266.90948486328125,2423.20458984375,1867.869873046875,836.9191284179688,8573.9228515625
2022-09-05,1167.7060546875,2757.65771484375,707.6654052734375,853.9315185546875,500.6504211425781,717.8197631835938,1297.6302490234375,271.61749267578125,2420.412109375,1894.67724609375,851.4043579101562,8603.193359375
2022-09-06,1179.9974365234375,2752.0693359375,704.9674072265625,855.0926513671875,499.6285095214844,738.0338134765625,1292.1246337890625,270.21331787109375,2394.817626953125,1888.8538818359375,854.4362182617188,8544.2685546875
2022-09-07,1173.1361083984375,2771.9150390625,701.6304321289062,847.8834838867188,495.0298156738281,730.1323852539062,1294.3890380859375,269.3460388183594,2386.90673828125,1884.81103515625,860.2109985351562,8444.4443359375
2022-09-08,1174.7945556640625,2789.560791015625,708.8724975585938,869.7530517578125,505.9922790527344,746.3230590820312,1310.5948486328125,272.48468017578125,2398.587158203125,1900.5009765625,860.7403564453125,8449.970703125
2022-09-09,1167.4788818359375,2831.80517578125,709.3458251953125,872.1238403320312,514.0748291015625,742.3966064453125,1342.3408203125,272.98028564453125,2409.336669921875,1876.7735595703125,856.6016845703125,8599.2998046875
2022-09-12,1180.542724609375,2854.071044921875,706.9554443359375,877.881591796875,515.5148315429688,745.6929321289062,1364.1412353515625,273.3106689453125,2401.611572265625,1888.4688720703125,854.3880615234375,8581.6611328125
2022-09-13,1190.403076171875,2842.102294921875,716.2091674804688,880.5911865234375,518.394775390625,760.3323974609375,1371.9111328125,276.2015686035156,2407.3818359375,1916.816650390625,856.74609375,8580.5546875
2022-09-14,1176.135009765625,2746.216796875,723.5696411132812,888.4293212890625,531.1688232421875,759.4598999023438,1310.151123046875,276.9862060546875,2393.235107421875,1880.7681884765625,850.5862426757812,8619.6796875
2022-09-15,1164.479736328125,2732.0908203125,719.8065795898438,887.9454345703125,531.5404663085938,761.156494140625,1272.3223876953125,275.9537658691406,2382.99755859375,1884.2333984375,841.4908447265625,8852.828125
2022-09-16,1135.6256103515625,2647.91162109375,706.5767822265625,879.7201538085938,521.925048828125,755.872802734375,1222.8165283203125,273.6410827636719,2352.982177734375,1848.136962890625,835.4754638671875,8833.5078125
2022-09-19,1137.1025390625,2665.6005859375,711.2391357421875,870.14013671875,531.6333618164062,758.8781127929688,1234.582275390625,277.19268798828125,2400.54150390625,1839.1851806640625,842.0202026367188,8921.171875
2022-09-20,1137.2841796875,2675.722412109375,719.8065795898438,887.1229858398438,533.3055419921875,767.9915161132812,1233.0284423828125,277.5231018066406,2404.54345703125,1860.3616943359375,877.72802734375,8940.396484375
2022-09-21,1140.419677734375,2641.310546875,718.6942749023438,885.67138671875,529.2643432617188,756.4059448242188,1222.994140625,281.6115417480469,2441.818603515625,1824.698486328125,871.32763671875,8889.5009765625
2022-09-22,1129.673095703125,2646.76708984375,703.3817749023438,874.2044677734375,527.03466796875,760.18701171875,1214.7357177734375,284.9980163574219,2506.17724609375,1817.52734375,873.92626953125,9037.4833984375
2022-09-23,1108.498291015625,2624.456787109375,684.5191650390625,853.7379150390625,511.5199279785156,747.8258056640625,1212.5155029296875,286.113037109375,2496.218994140625,1787.3505859375,886.5347290039062,8981.34765625
2022-09-26,1080.2574462890625,2635.325927734375,675.2890625,833.2230224609375,504.73809814453125,732.02294921875,1225.6580810546875,274.7148132324219,2476.20849609375,1782.1527099609375,866.9002685546875,8492.5546875
2022-09-27,1088.8455810546875,2655.61181640625,669.2303466796875,824.9977416992188,498.4208068847656,737.4036254882812,1237.4683837890625,276.57318115234375,2493.612548828125,1772.286376953125,863.4835205078125,8434.013671875
2022-09-28,1059.8551025390625,2671.629150390625,657.7282104492188,822.0462646484375,487.5976257324219,738.227783203125,1238.4896240234375,268.396240234375,2514.8798828125,1766.751708984375,883.4066772460938,8388.5458984375
2022-09-29,1056.6064453125,2637.878173828125,654.3201293945312,816.6272583007812,484.7177429199219,741.3302001953125,1241.9971923828125,275.08648681640625,2513.436767578125,1747.5482177734375,895.7744140625,8290.5947265625
2022-09-30,1080.4393310546875,2644.258544921875,672.7802734375,834.142333984375,492.9395446777344,775.505126953125,1255.139404296875,274.38446044921875,2509.620849609375,1778.5430908203125,913.0508422851562,8486.017578125
2022-10-03,1076.6905517578125,2627.009765625,668.922607421875,820.9334716796875,482.85968017578125,778.849853515625,1237.64599609375,267.94189453125,2440.794677734375,1751.206298828125,909.0565185546875,8215.7626953125
2022-10-04,1096.5474853515625,2720.4736328125,687.7615966796875,839.6097412109375,494.8905029296875,784.0368041992188,1269.3031005859375,274.9212951660156,2483.095458984375,1801.50048828125,909.1046752929688,8353.7021484375
2022-10-06,1100.5919189453125,2729.979736328125,680.1881713867188,856.8345336914062,499.1640319824219,764.5497436523438,1292.169189453125,278.0599365234375,2432.884033203125,1841.350830078125,918.1038208007812,8365.7177734375
2022-10-07,1105.2493896484375,2697.3720703125,677.2534790039062,854.0281372070312,492.56793212890625,768.9124755859375,1288.6614990234375,275.9537658691406,2419.57470703125,1852.516845703125,919.3070068359375,8438.8681640625
2022-10-10,1093.1851806640625,2744.588623046875,669.774658203125,853.2540283203125,493.0788879394531,768.1853637695312,1298.8291015625,270.79150390625,2425.06591796875,1838.1744384765625,910.5484008789062,8518.9404296875
2022-10-11,1071.4195556640625,2701.464111328125,662.9822998046875,842.46435546875,489.9667053222656,756.5028686523438,1264.3304443359375,269.5112609863281,2373.9228515625,1808.6234130859375,909.2972412109375,8347.5986328125
2022-10-12,1079.3033447265625,2728.92333984375,667.3132934570312,840.287109375,495.9123840332031,751.8977661132812,1268.681640625,272.6498718261719,2411.80322265625,1839.7144775390625,919.6919555664062,8349.953125
2022-10-13,1082.7340087890625,2731.167236328125,659.645263671875,826.0137939453125,484.43902587890625,745.4506225585938,1260.8671875,271.4522399902344,2388.58203125,1805.9283447265625,932.0596923828125,8314.3388671875
2022-10-14,1077.2357177734375,2727.5146484375,681.1348266601562,842.1257934570312,489.7809143066406,742.5905151367188,1309.129638671875,274.3017883300781,2397.330322265625,1840.051513671875,939.6632080078125,8283.3388671875
2022-10-17,1094.5255126953125,2745.691650390625,684.7085571289062,856.592529296875,505.0633239746094,742.6390380859375,1323.0712890625,274.4256896972656,2411.058349609375,1812.71435546875,943.224365234375,8385.7109375
2022-10-18,1113.8372802734375,2774.765625,683.4304809570312,867.91455078125,522.5289306640625,759.2659912109375,1335.2811279296875,281.0746765136719,2421.94775390625,1846.3082275390625,941.63623046875,8466.0234375
2022-10-19,1133.2174072265625,2754.603515625,690.4359741210938,863.2695922851562,514.1212768554688,759.5083618164062,1319.0753173828125,286.0718078613281,2404.03125,1833.6021728515625,940.24072265625,8381.4326171875
2022-10-20,1136.261962890625,2785.88330078125,685.7735595703125,859.93115234375,515.9793701171875,768.7186889648438,1332.794921875,288.8387756347656,2420.691650390625,1832.88037109375,943.5611572265625,8369.947265625
2022-10-21,1123.084228515625,2768.32373046875,680.9454345703125,877.833251953125,521.0424194335938,773.1298217773438,1332.439697265625,285.4523010253906,2470.01904296875,1806.5059814453125,941.0106811523438,8366.005859375
2022-10-24,1126.8331298828125,2789.765869140625,691.5719604492188,896.3642578125,530.007568359375,777.6380004882812,1347.846435546875,287.18682861328125,2394.817626953125,1838.2706298828125,949.9617309570312,8425.748046875
2022-10-25,1109.4296875,2790.118896484375,686.7675170898438,895.1547241210938,537.4861450195312,777.8319091796875,1355.3499755859375,286.0304870605469,2331.808349609375,1876.1478271484375,954.3408813476562,8656.013671875
2022-10-27,1113.7919921875,2785.971435546875,688.4241943359375,894.5258178710938,538.5081176757812,792.1805419921875,1368.052490234375,285.6175231933594,2344.466064453125,1890.538330078125,973.6867065429688,8691.5302734375
2022-10-28,1147.87158203125,2791.133544921875,690.4595336914062,878.5105590820312,530.2398071289062,791.9381713867188,1358.4468994140625,285.6175231933594,2349.352294921875,1901.126708984375,952.84912109375,9124.6689453125
2022-10-31,1158.52734375,2817.515869140625,708.4464721679688,879.3331298828125,533.0733642578125,806.6260986328125,1380.35107421875,288.0127868652344,2373.9697265625,1947.3780517578125,978.7396850585938,9158.3603515625
2022-11-01,1149.5528564453125,2876.237060546875,716.2802734375,879.2363891601562,535.953369140625,810.0679321289062,1412.0848388671875,288.673583984375,2390.92822265625,1948.6776123046875,997.7003784179688,9088.1884765625
2022-11-02,1156.732421875,2860.354736328125,716.7298583984375,875.46240234375,533.1198120117188,785.1516723632812,1394.4000244140625,292.92724609375,2359.5400390625,1937.945068359375,1012.4743041992188,8871.7177734375
2022-11-03,1161.0491943359375,2829.51611328125,713.5822143554688,879.2847900390625,543.385498046875,793.683349609375,1374.1568603515625,292.1426086425781,2385.822021484375,1933.5172119140625,1005.01513671875,8881.0400390625
2022-11-04,1178.1343994140625,2838.9130859375,708.6594848632812,876.0429077148438,551.793212890625,791.5018920898438,1359.120361328125,292.0599670410156,2361.461181640625,1939.677490234375,1000.8766479492188,8871.8134765625
2022-11-07,1184.427734375,2853.29541015625,714.1738891601562,887.8487548828125,570.5594482421875,797.6098022460938,1353.240234375,291.9773864746094,2373.126220703125,1942.1322021484375,989.7598876953125,8971.5908203125
2022-11-09,1183.2464599609375,2837.7216796875,713.9608764648438,881.0748901367188,571.8600463867188,794.0711059570312,1356.6068115234375,297.92431640625,2350.639404296875,1928.5115966796875,975.5153198242188,8894.8828125
2022-11-10,1168.9329833984375,2828.545166015625,721.7236328125,881.2684326171875,562.7556762695312,800.5667724609375,1348.3031005859375,294.0423278808594,2355.136962890625,1903.6292724609375,972.7241821289062,8744.6884765625
2022-11-11,1195.8785400390625,2925.86962890625,762.6201171875,877.2525634765625,558.6214599609375,801.6817016601562,1409.4815673828125,294.3313903808594,2345.251708984375,1935.8272705078125,975.5153198242188,8735.3642578125
2022-11-14,1190.0850830078125,2943.120361328125,764.4661254882812,866.0275268554688,550.4925537109375,796.834228515625,1423.12646484375,286.7738342285156,2302.854736328125,1924.9501953125,978.7396850585938,8797.65234375
2022-11-15,1184.745849609375,2940.561279296875,766.3358154296875,882.2362060546875,558.2033081054688,809.7770385742188,1430.9365234375,285.1632385253906,2302.5732421875,1921.8218994140625,977.9215087890625,8807.12109375
2022-11-16,1177.95263671875,2960.635498046875,772.915283203125,884.0747680664062,557.1814575195312,815.545654296875,1438.8363037109375,284.2133483886719,2321.640869140625,1928.6080322265625,980.424072265625,8780.927734375
2022-11-17,1180.9971923828125,2955.0322265625,765.9335327148438,890.0744018554688,556.5311279296875,820.3447265625,1425.01171875,283.8829650878906,2304.916015625,1953.586669921875,975.3228149414062,8638.18359375
2022-11-18,1180.3609619140625,2950.13525390625,763.921875,890.6066284179688,559.9220581054688,811.7644653320312,1430.3978271484375,281.69415283203125,2327.12158203125,1948.6776123046875,971.713623046875,8505.1455078125
2022-11-21,1159.117919921875,2897.23779296875,756.0880737304688,891.6227416992188,555.6485595703125,825.2406616210938,1407.7757568359375,278.5141906738281,2343.705322265625,1936.1640625,965.5056762695312,8521.630859375
2022-11-22,1165.547607421875,2924.9873046875,754.9757080078125,893.848388671875,556.57763671875,821.7504272460938,1422.9019775390625,281.03338623046875,2357.1044921875,1953.8275146484375,972.1947631835938,8529.849609375
2022-11-23,1161.9124755859375,2919.11962890625,756.9400634765625,897.4771728515625,564.5208129882812,817.5330810546875,1421.196533203125,280.6617431640625,2349.28076171875,1949.20703125,979.4615478515625,8588.2451171875
2022-11-24,1171.9320068359375,2982.517333984375,769.2468872070312,908.5087890625,566.1000366210938,822.4775390625,1463.0743408203125,281.4464111328125,2388.4453125,1975.3890380859375,996.2567138671875,8619.5830078125
2022-11-25,1189.4261474609375,2990.900146484375,765.69677734375,900.2350463867188,564.2885131835938,821.023193359375,1468.3258056640625,281.0746765136719,2377.483154296875,1985.544189453125,995.0535888671875,8669.951171875
2022-11-28,1230.2989501953125,2995.84130859375,757.460693359375,907.1056518554688,565.4033203125,811.8615112304688,1457.328857421875,280.8681945800781,2366.00537109375,1987.180419921875,995.9197387695312,8637.173828125
2022-11-29,1232.4119873046875,2997.69482421875,756.32470703125,916.1535034179688,565.3568725585938,810.3587036132812,1462.40087890625,282.72662353515625,2468.1337890625,1973.80078125,1010.4531860351562,8564.88671875
2022-11-30,1241.1136474609375,2991.9150390625,761.342041015625,922.1046752929688,559.6898193359375,822.8653564453125,1467.6973876953125,280.826904296875,2515.12255859375,1997.19140625,1006.7957763671875,8626.359375
2022-12-01,1237.4556884765625,3066.783203125,766.572509765625,909.815185546875,564.9387817382812,822.7199096679688,1487.5814208984375,280.4552307128906,2494.977783203125,2025.4908447265625,1007.1807861328125,8610.9794921875
2022-12-02,1236.9332275390625,3034.576904296875,760.703125,900.5253295898438,564.4278564453125,822.7684326171875,1470.3455810546875,278.4729309082031,2450.238037109375,2007.442626953125,1000.972900390625,8474.193359375
2022-12-05,1218.8936767578125,3022.8857421875,763.47216796875,903.4283447265625,573.4857788085938,818.3571166992188,1472.0062255859375,278.142578125,2454.688232421875,2007.5389404296875,1000.3953247070312,8451.31640625
2022-12-06,1222.415283203125,2987.10595703125,762.6201171875,892.8323364257812,565.7284545898438,807.9349365234375,1447.903076171875,278.59686279296875,2487.200927734375,2015.1431884765625,994.764892578125,8379.5107421875
2022-12-07,1204.375732421875,2982.915283203125,762.2887573242188,892.3485107421875,563.96337890625,808.565185546875,1441.260009765625,280.9095764160156,2536.67236328125,2044.5015869140625,979.5579223632812,8323.5673828125
2022-12-08,1203.8077392578125,2956.399658203125,766.572509765625,901.7833251953125,568.2368774414062,807.2078247070312,1454.4112548828125,279.50537109375,2534.89208984375,2086.565673828125,943.9944458007812,8346.2041015625
2022-12-09,1185.563720703125,2905.399169921875,772.0396118164062,899.8479614257812,572.7426147460938,809.437744140625,1408.7633056640625,281.9832458496094,2550.6328125,2073.427001953125,955.5921630859375,8279.541015625
2022-12-12,1187.3812255859375,2899.84033203125,778.051025390625,900.2350463867188,569.5374145507812,803.135986328125,1388.9239501953125,283.469970703125,2545.947998046875,2082.7158203125,950.3466796875,8324.1435546875
2022-12-13,1192.7886962890625,2940.119873046875,780.2047119140625,902.7994384765625,572.9749145507812,812.4916381835938,1411.3216552734375,285.4523010253906,2539.436279296875,2091.5712890625,957.32470703125,8286.607421875
2022-12-14,1188.4720458984375,2969.458984375,786.8076782226562,891.96142578125,581.103759765625,803.9115600585938,1417.830078125,285.2870788574219,2515.403076171875,2113.277099609375,962.7144775390625,8306.697265625
2022-12-15,1171.5911865234375,2916.29638671875,772.3945922851562,879.4298706054688,572.231689453125,801.1483764648438,1382.909423828125,279.8770751953125,2495.352294921875,2096.04736328125,964.59130859375,8251.474609375
2022-12-16,1165.797607421875,2859.074951171875,776.1102905273438,872.849609375,560.5259399414062,797.6582641601562,1366.4814453125,276.77972412109375,2502.89501953125,2093.592529296875,956.3621826171875,8156.93505859375
2022-12-19,1181.110595703125,2825.369384765625,778.5242919921875,877.1558227539062,561.5479125976562,814.77001953125,1353.1505126953125,281.2398986816406,2546.744873046875,2102.255859375,950.8760375976562,8270.4091796875
2022-12-20,1191.334716796875,2862.340087890625,773.1519165039062,880.3008422851562,561.5479125976562,803.669189453125,1353.1058349609375,280.9508056640625,2505.9404296875,2082.282470703125,951.2610473632812,8193.9912109375
2022-12-21,1174.3856201171875,2884.046875,765.6731567382812,863.4147338867188,551.2821655273438,789.1751098632812,1355.12548828125,276.8209533691406,2498.116455078125,2065.967041015625,967.8636474609375,8026.783203125
2022-12-22,1171.3411865234375,2876.237060546875,763.046142578125,861.866455078125,551.2821655273438,791.69580078125,1366.3468017578125,274.5909118652344,2478.58056640625,2030.9774169921875,972.7241821289062,8011.353515625
2022-12-23,1136.989013671875,2848.574951171875,756.2300415039062,850.4962158203125,533.2590942382812,783.9883422851562,1343.9490966796875,269.84161376953125,2455.859619140625,1985.544189453125,963.9656982421875,7826.07421875
2022-12-26,1146.91748046875,2870.237060546875,771.2821655273438,864.3341064453125,554.719482421875,786.2666015625,1348.7071533203125,276.3666687011719,2452.43994140625,2012.7850341796875,962.5220336914062,7936.80908203125
2022-12-27,1156.30078125,2876.060546875,772.0631713867188,871.5432739257812,559.178955078125,789.9507446289062,1359.8834228515625,275.1690368652344,2429.765380859375,2044.597900390625,962.6182250976562,7983.57470703125
2022-12-28,1156.1871337890625,2873.94287109375,771.4479370117188,869.8982543945312,558.38916015625,779.2862548828125,1355.6640625,276.2015686035156,2420.7236328125,2041.7100830078125,957.6614990234375,8094.6943359375
2022-12-29,1155.66455078125,2884.22265625,776.8912963867188,878.7041625976562,568.3761596679688,795.7192993164062,1362.30712890625,276.9862060546875,2406.15380859375,2031.8917236328125,963.0032348632812,8108.8720703125
2022-12-30,1157.4365234375,2873.58984375,770.6668701171875,862.0599365234375,570.1412963867188,781.5160522460938,1353.9136962890625,273.8475341796875,2399.59521484375,2007.7315673828125,963.8213500976562,8069.26953125
2023-01-02,1170.4779052734375,2877.78125,770.9271850585938,873.28515625,568.7478637695312,788.6903686523438,1368.097412109375,274.9212951660156,2397.11181640625,2011.2445068359375,959.5864868164062,8077.63134765625
2023-01-03,1161.9124755859375,2921.811767578125,775.96826171875,872.2206420898438,568.9336547851562,792.665283203125,1366.7957763671875,273.4758605957031,2381.793212890625,2010.7633056640625,971.2322998046875,8057.87890625
2023-01-04,1144.418212890625,2924.72314453125,762.0994873046875,870.0433349609375,562.24462890625,787.042236328125,1341.884521484375,270.0893859863281,2376.21826171875,1993.05224609375,966.4199829101562,8096.37646484375
2023-01-05,1142.37353515625,2921.5908203125,757.2003173828125,850.7380981445312,562.1516723632812,782.4855346679688,1324.289306640625,275.4168395996094,2420.817138671875,2009.223388671875,978.06591796875,8133.19189453125
2023-01-06,1152.75634765625,2833.751708984375,754.691650390625,841.9805297851562,558.0176391601562,771.7240600585938,1300.3209228515625,276.7384033203125,2414.0244140625,2008.453369140625,970.8473510742188,8058.16650390625
2023-01-09,1179.9747314453125,2929.399169921875,756.1590576171875,845.1255493164062,564.5671997070312,794.410400390625,1332.59326171875,279.2162780761719,2458.623779296875,2042.2877197265625,978.6915283203125,8052.3515625
2023-01-10,1162.52587890625,2899.79638671875,742.3375244140625,833.5133056640625,552.9080200195312,768.670166015625,1319.39697265625,275.3755798339844,2477.17529296875,2027.80078125,973.8790893554688,7971.751953125
2023-01-11,1147.87158203125,2937.1201171875,753.0349731445312,838.3033447265625,554.3480224609375,742.20263671875,1320.7435302734375,274.0539855957031,2429.765380859375,2045.801025390625,989.423095703125,7963.38818359375
2023-01-12,1123.084228515625,2942.105224609375,757.0584106445312,832.8359985351562,552.6757202148438,733.8165893554688,1329.1373291015625,272.44342041015625,2426.76708984375,2078.913330078125,994.091064453125,8044.853515625
2023-01-13,1121.266845703125,2977.57666015625,757.6500854492188,845.2222900390625,557.5066528320312,740.9907836914062,1349.8291015625,271.5348205566406,2458.57666015625,2072.801025390625,992.8880615234375,8125.79052734375
2023-01-16,1110.5885009765625,3008.709716796875,750.3843383789062,837.287353515625,560.2007446289062,735.9979248046875,1369.44384765625,272.73248291015625,2433.372314453125,2057.207275390625,996.593505859375,8055.33056640625
2023-01-17,1126.35595703125,3048.732421875,761.5550537109375,837.1905517578125,550.8641357421875,742.34814453125,1382.0118408203125,274.4256896972656,2499.38134765625,2130.266845703125,993.9465942382812,8150.734375
2023-01-18,1124.492919921875,3059.200439453125,774.9979858398438,841.3999633789062,549.4705810546875,752.8671875,1387.3082275390625,276.4080505371094,2516.855712890625,2181.66796875,1001.069091796875,8164.86474609375
2023-01-19,1123.288818359375,3043.948974609375,778.2166137695312,838.1582641601562,547.984130859375,748.4559936523438,1381.4730224609375,274.3431091308594,2482.703369140625,2188.02099609375,1001.5021362304688,8172.17138671875
2023-01-20,1109.9295654296875,3034.925048828125,786.1923828125,842.222412109375,550.1673583984375,741.1362915039062,1369.4888916015625,276.3666687011719,2388.070556640625,2165.7373046875,991.6849975585938,8112.71728515625
2023-01-23,1104.3177490234375,3081.669921875,791.9435424804688,843.5288696289062,557.831787109375,749.1347045898438,1389.642333984375,278.9684753417969,2432.716552734375,2149.903076171875,1009.9238891601562,8090.8974609375
2023-01-24,1097.7972412109375,3100.982177734375,802.5462646484375,842.6095581054688,552.1646728515625,751.9947509765625,1393.1431884765625,279.9596252441406,2436.55810546875,2124.876220703125,1001.646484375,8361.6796875
2023-01-25,1082.620361328125,3095.0712890625,780.3703002929688,827.6588134765625,528.3353271484375,752.8187255859375,1385.1536865234375,280.20745849609375,2457.031005859375,2093.3037109375,1001.0210571289062,8443.6728515625
2023-01-27,1062.0816650390625,3078.196533203125,764.8211669921875,790.7901611328125,501.62591552734375,750.8796997070312,1363.7435302734375,285.7826843261719,2447.473876953125,2079.010009765625,1004.2451782226562,8398.8798828125
2023-01-30,1072.2601318359375,3098.590576171875,764.0401000976562,796.8865966796875,500.00018310546875,746.7109375,1381.3834228515625,284.7915344238281,2406.24755859375,2033.817138671875,1012.2335815429688,8475.298828125
2023-01-31,1069.579345703125,3030.954833984375,758.9990234375,805.0150756835938,514.2141723632812,746.807861328125,1376.85009765625,291.02752685546875,2414.3056640625,2044.88671875,995.67919921875,8550.564453125
2023-02-01,1063.240478515625,3075.759765625,770.3829345703125,820.5464477539062,489.9201965332031,745.6444091796875,1392.425048828125,298.50250244140625,2411.96337890625,2065.244873046875,976.8147583007812,8429.0146484375
2023-02-02,1057.3560791015625,3122.730224609375,758.9281005859375,830.1749267578125,490.6169128417969,754.0305786132812,1421.7349853515625,312.70904541015625,2468.74267578125,2064.619384765625,969.78857421875,8526.390625
2023-02-03,1058.2874755859375,3142.49365234375,785.1748046875,835.8840942382812,505.5743103027344,768.7186889648438,1435.7840576171875,314.4022216796875,2481.766357421875,2085.459228515625,989.5675659179688,8595.7431640625
2023-02-06,1050.3128662109375,3122.324951171875,781.837646484375,826.110595703125,506.68914794921875,765.179931640625,1409.2569580078125,316.67364501953125,2471.319580078125,2075.400146484375,984.9475708007812,8562.7724609375
2023-02-07,1047.791015625,3133.695068359375,782.997314453125,825.1913452148438,508.26837158203125,761.93212890625,1402.569091796875,308.2901306152344,2437.21435546875,2084.255859375,968.6337280273438,8422.86328125
2023-02-08,1068.7159423828125,3176.60546875,782.9026489257812,831.3360595703125,510.7303771972656,751.46142578125,1427.79443359375,310.18988037109375,2419.974365234375,2051.095458984375,982.306396484375,8492.3134765625
2023-02-09,1070.5789794921875,3195.330078125,781.2697143554688,832.9811401367188,511.7057800292969,743.2691650390625,1451.5836181640625,309.1161193847656,2423.628173828125,2067.025634765625,976.2943115234375,8460.1123046875
2023-02-10,1061.7635498046875,3192.352294921875,784.3700561523438,826.2556762695312,513.7960815429688,748.4075317382812,1443.998046875,306.7208251953125,2415.008544921875,2082.860107421875,976.100341796875,8469.8671875
2023-02-13,1055.7203369140625,3142.583740234375,784.9617309570312,823.1591186523438,499.34979248046875,745.15966796875,1407.1024169921875,309.07476806640625,2418.287353515625,2120.833740234375,984.48828125,8468.0419921875
2023-02-14,1080.598388671875,3158.556884765625,792.2274780273438,837.3357543945312,502.4620056152344,751.5584106445312,1430.26318359375,319.1928405761719,2416.975830078125,2109.619384765625,976.245849609375,8434.3984375
2023-02-15,1105.0675048828125,3177.101318359375,790.6181640625,842.657958984375,503.7626953125,761.4473876953125,1433.674560546875,320.85595703125,2387.78955078125,2093.64111328125,965.2398071289062,8502.5498046875
2023-02-16,1104.2041015625,3210.851318359375,787.75439453125,841.3515625,501.7652282714844,760.5263061523438,1437.9384765625,321.14971923828125,2367.78564453125,2096.769287109375,964.9973754882812,8463.8603515625
2023-02-17,1108.81640625,3159.50341796875,783.8020629882812,834.7713012695312,493.3111267089844,753.109619140625,1421.77978515625,321.86334228515625,2356.916748046875,2143.02099609375,954.6700439453125,8466.408203125
2023-02-20,1097.093017578125,3147.005615234375,776.4415893554688,824.5621948242188,487.87640380859375,755.387939453125,1429.544921875,322.40899658203125,2353.1220703125,2142.20263671875,954.5730590820312,8356.73046875
2023-02-21,1106.044677734375,3114.248046875,779.3526611328125,826.594482421875,486.2970275878906,755.2909545898438,1417.9197998046875,320.8979187011719,2357.52587890625,2146.004638671875,942.1608276367188,8333.8515625
2023-02-22,1080.9617919921875,3069.623291015625,764.0638427734375,812.1275634765625,479.700927734375,748.6015014648438,1402.0303955078125,322.2410888671875,2336.819091796875,2112.603515625,939.2033081054688,8323.375
2023-02-23,1075.78173828125,3080.67724609375,758.8807373046875,812.6113891601562,484.0209045410156,739.6820678710938,1392.06591796875,325.38922119140625,2333.633544921875,2078.3359375,943.03369140625,8359.228515625
2023-02-24,1083.1429443359375,3068.630615234375,752.1119384765625,812.5630493164062,484.0673522949219,734.0103759765625,1392.021240234375,323.2904968261719,2327.58984375,2054.17529296875,941.09423828125,8324.8642578125
2023-02-27,1075.9407958984375,3006.724609375,753.981689453125,828.7233276367188,490.24542236328125,729.9385375976562,1354.901123046875,320.85595703125,2312.5517578125,2034.5870361328125,935.8093872070312,8297.6611328125
2023-02-28,1055.356689453125,2989.578857421875,757.1530151367188,827.2234497070312,485.69317626953125,719.6134033203125,1335.3759765625,316.2386779785156,2305.524169921875,2030.20751953125,927.6153564453125,8290.1142578125
2023-03-01,1065.0579833984375,3055.320068359375,756.41943359375,828.6265258789062,498.6065979003906,727.3208618164062,1343.0067138671875,317.9176940917969,2310.771484375,2036.1270751953125,930.2335205078125,8424.498046875
2023-03-02,1056.947021484375,2997.339111328125,749.9818725585938,826.40087890625,495.8659362792969,717.52880859375,1321.5513916015625,315.2733154296875,2300.559326171875,2042.191650390625,936.0516967773438,8217.4453125
2023-03-03,1083.9154052734375,3016.019287109375,764.8685302734375,840.4806518554688,521.3676147460938,741.0877685546875,1327.97021484375,323.16455078125,2315.222412109375,2071.501708984375,937.603271484375,8267.9111328125
2023-03-06,1094.5028076171875,3042.8212890625,770.2645263671875,839.70654296875,521.8321533203125,743.220703125,1353.240234375,325.8509521484375,2328.19921875,2061.009765625,936.0032958984375,8296.9404296875
2023-03-08,1098.433349609375,3059.561279296875,771.8029174804688,843.9158325195312,524.7120971679688,743.1721801757812,1339.999267578125,329.4187927246094,2328.433837890625,2089.5498046875,928.488037109375,8356.9697265625
2023-03-09,1072.032958984375,3011.23681640625,771.8738403320312,828.287841796875,519.23095703125,749.8133544921875,1328.95751953125,325.3052978515625,2306.2275390625,2111.111572265625,923.83349609375,8210.908203125
2023-03-10,1055.4246826171875,3005.957763671875,751.969970703125,815.417724609375,508.5006408691406,750.1526489257812,1321.0128173828125,325.72503662109375,2310.02197265625,2077.084716796875,926.5972290039062,8268.19921875
2023-03-13,1038.06689453125,2961.694091796875,742.4558715820312,801.6282958984375,492.3821105957031,741.9603881835938,1288.2916259765625,322.0732116699219,2300.32470703125,2053.983154296875,925.1910400390625,8188.271484375
2023-03-14,1034.1820068359375,2901.231689453125,740.4678344726562,803.5151977539062,488.108642578125,748.2620239257812,1274.7364501953125,318.7571716308594,2288.47216796875,2063.9453125,928.1972045898438,8182.26416015625
2023-03-15,1016.5057983398438,2886.748046875,729.8414306640625,799.2090454101562,480.8157958984375,733.57421875,1274.42236328125,318.50531005859375,2254.4140625,2095.180908203125,922.5729370117188,8146.505859375
2023-03-16,1011.4393310546875,2874.203857421875,734.5747680664062,797.273681640625,487.27252197265625,723.2005615234375,1260.4627685546875,320.226318359375,2304.306884765625,2092.2451171875,938.088134765625,8110.45849609375
2023-03-17,1010.1670532226562,2869.060791015625,744.3965454101562,809.2245483398438,492.1962890625,734.1558227539062,1275.3646240234375,315.2733154296875,2293.110107421875,2113.56591796875,928.6819458007812,7994.53173828125
2023-03-20,1000.238525390625,2836.5732421875,739.2371215820312,809.4180297851562,482.34869384765625,731.780517578125,1260.05908203125,318.0016174316406,2352.88818359375,2096.04736328125,932.0759887695312,7901.05078125
2023-03-21,1031.341796875,2803.003662109375,747.615234375,824.8526000976562,484.81060791015625,733.864990234375,1248.43359375,316.44854736328125,2307.35205078125,2125.79052734375,927.2275390625,7909.5107421875
2023-03-22,1034.4771728515625,2825.29296875,745.8875732421875,832.4005737304688,484.53192138671875,733.6226806640625,1247.1322021484375,317.1201477050781,2320.23486328125,2131.084716796875,942.5972290039062,7932.58056640625
2023-03-23,1021.3905639648438,2819.7431640625,739.89990234375,827.8040161132812,476.3564758300781,740.263671875,1233.93603515625,319.5546875,2328.433837890625,2124.05810546875,948.0275268554688,8029.4736328125
2023-03-24,1001.1699829101562,2815.99853515625,738.7164916992188,824.8526000976562,469.4817199707031,739.197265625,1239.411865234375,317.9176940917969,2324.404296875,2085.073974609375,943.3729858398438,7923.4482421875
2023-03-27,1016.7329711914062,2817.622802734375,741.9351806640625,821.2721557617188,473.9410095214844,738.5186767578125,1246.86279296875,319.1769714355469,2341.45703125,2073.37890625,953.65185546875,7957.52392578125
2023-03-28,1021.4815673828125,2811.847412109375,747.9702758789062,827.1266479492188,472.0365295410156,725.6242065429688,1236.6737060546875,318.7991943359375,2326.2783203125,2053.742431640625,954.3790893554688,7890.669921875
2023-03-29,1015.4380493164062,2832.6025390625,751.567626953125,823.4978637695312,479.84033203125,720.922119140625,1242.0150146484375,321.3176574707031,2371.29931640625,2067.073486328125,961.8458251953125,7973.81787109375
2023-03-31,1059.2191162109375,2893.06494140625,761.8628540039062,848.8995361328125,486.57574462890625,726.157470703125,1281.873046875,321.947265625,2398.939453125,2083.197021484375,953.3124389648438,7970.7900390625
2023-04-03,1059.4007568359375,2887.7412109375,762.3361206054688,855.2378540039062,489.36279296875,737.3551635742188,1266.5224609375,318.0856018066406,2376.21826171875,2088.92431640625,949.3851318359375,8173.51611328125
2023-04-05,1056.856201171875,2923.6572265625,782.7843017578125,856.0119018554688,485.87896728515625,740.1668090820312,1277.9232177734375,324.3818359375,2419.927490234375,2173.24560546875,966.9367065429688,8119.68701171875
2023-04-06,1063.94482421875,2906.420654296875,788.7484130859375,846.7222290039062,490.198974609375,742.5905151367188,1276.4420166015625,325.1793212890625,2403.530517578125,2189.1279296875,981.4337158203125,8186.58984375
2023-04-10,1056.4017333984375,2944.953857421875,785.0090942382812,840.3839111328125,488.94476318359375,746.274658203125,1281.55908203125,326.1867370605469,2372.51708984375,2223.2509765625,978.0397338867188,8204.373046875
2023-04-11,1061.6273193359375,2900.194091796875,787.3048095703125,853.3992309570312,494.3330383300781,750.5404663085938,1262.3031005859375,332.4410095214844,2387.133544921875,2215.358154296875,978.670166015625,8323.951171875
2023-04-12,1066.3076171875,2925.32666015625,797.5288696289062,861.3826293945312,490.7098693847656,747.5834350585938,1282.1873779296875,330.3842468261719,2369.51904296875,2202.8447265625,985.8944091796875,8286.943359375
2023-04-13,1070.3289794921875,2877.678955078125,801.1025390625,869.9465942382812,495.122802734375,743.656982421875,1247.087158203125,332.105224609375,2376.3115234375,2174.208251953125,973.0942993164062,8334.7646484375
2023-04-17,1075.7589111328125,2833.14404296875,788.890380859375,872.1722412109375,505.3884582519531,736.482666015625,1129.5780029296875,335.9249267578125,2390.9755859375,2131.1328125,968.4398193359375,8338.466796875
2023-04-18,1063.44482421875,2825.24853515625,785.5534057617188,867.8660888671875,507.1070556640625,736.5796508789062,1130.5206298828125,334.5397644042969,2380.85595703125,2133.6357421875,974.3549194335938,8394.2197265625
2023-04-19,1068.738525390625,2788.1142578125,788.4407348632812,863.0761108398438,501.9510192871094,741.3302001953125,1106.1478271484375,334.7496337890625,2372.002197265625,2136.523193359375,965.3367309570312,8343.560546875
2023-04-20,1066.034912109375,2801.83056640625,791.3754272460938,865.4953002929688,506.13165283203125,748.7468872070312,1098.248046875,336.05084228515625,2335.46044921875,2149.18115234375,957.821533203125,8376.916015625
2023-04-21,1067.3753662109375,2852.410888671875,792.6534423828125,857.028076171875,504.5987854003906,741.8634643554688,1101.7943115234375,342.7248229980469,2340.47314453125,2132.2880859375,959.4700317382812,8226.7685546875
2023-04-24,1071.465087890625,2865.0,799.0672607421875,875.5108032226562,515.236083984375,737.0643310546875,1100.8515625,343.1026306152344,2342.15966796875,2145.47509765625,949.482177734375,8138.046875
2023-04-25,1079.6668701171875,2866.08251953125,787.7070922851562,883.9296264648438,521.925048828125,749.0377197265625,1099.5948486328125,345.49517822265625,2333.446044921875,2163.8125,943.03369140625,8140.68994140625
2023-04-26,1073.328125,2886.071044921875,791.3281860351562,885.3812255859375,526.152099609375,749.86181640625,1101.9737548828125,346.0828552246094,2352.51318359375,2190.956787109375,941.8214721679688,8177.21728515625
2023-04-27,1080.1212158203125,2876.8662109375,795.6828002929688,888.6712646484375,524.6657104492188,762.5137939453125,1118.7607421875,349.2309875488281,2313.301513671875,2219.3046875,949.0457153320312,8211.87109375
2023-04-28,1099.8646240234375,2905.1123046875,798.806884765625,887.993896484375,537.25390625,774.92333984375,1124.595703125,357.2481384277344,2302.3857421875,2275.903564453125,957.7246704101562,8256.6640625
2023-05-02,1109.20263671875,2905.247314453125,798.6412353515625,892.300048828125,534.466796875,766.1010131835938,1146.7689208984375,356.3247375488281,2297.138671875,2295.203369140625,943.5669555664062,8436.7060546875
2023-05-03,1099.682861328125,2869.601806640625,801.4338989257812,893.02587890625,530.007568359375,755.5333251953125,1139.318115234375,358.5912780761719,2329.276611328125,2268.10693359375,934.4032592773438,8456.3623046875
2023-05-04,1112.3604736328125,2906.420654296875,817.8350830078125,891.9130859375,538.833251953125,765.0344848632812,1143.267822265625,356.45068359375,2348.71875,2268.6845703125,944.4880981445312,8459.5341796875
2023-05-05,1109.5205078125,2915.445068359375,769.4835205078125,896.9933471679688,535.5817260742188,763.289306640625,1130.2960205078125,359.9345397949219,2343.0966796875,2288.513427734375,941.0457763671875,8601.8466796875
2023-05-08,1123.2208251953125,2933.40283203125,778.3822631835938,907.5895385742188,542.1776733398438,769.5426635742188,1136.131103515625,362.201171875,2357.66650390625,2276.866455078125,932.706298828125,8724.501953125
2023-05-09,1126.6968994140625,2962.866943359375,778.4059448242188,904.2025756835938,532.7946166992188,769.397216796875,1140.7095947265625,355.7790222167969,2357.1982421875,2285.481689453125,928.4395751953125,8758.43359375
2023-05-10,1134.4442138671875,2966.070556640625,782.0033569335938,905.7991943359375,531.5868530273438,771.7725219726562,1134.021728515625,357.08026123046875,2363.662841796875,2275.951904296875,924.9002075195312,8812.8408203125
2023-05-11,1127.03759765625,2961.87451171875,782.5239868164062,908.847412109375,532.7481689453125,764.5497436523438,1127.60302734375,352.92474365234375,2428.96875,2158.229248046875,931.9305419921875,8901.9970703125
2023-05-12,1128.8778076171875,2954.790283203125,789.434814453125,913.3955688476562,537.1146240234375,767.797607421875,1117.8179931640625,352.9667053222656,2458.014404296875,2137.96728515625,927.0335693359375,8935.1591796875
2023-05-15,1131.1043701171875,2937.418701171875,793.2215576171875,915.1857299804688,540.5984497070312,772.7420043945312,1129.622802734375,359.1370544433594,2494.4150390625,2162.753662109375,924.1244506835938,8850.47265625
2023-05-16,1114.9962158203125,2940.2158203125,788.6731567382812,915.766357421875,544.6860961914062,763.337890625,1134.964111328125,355.90496826171875,2507.204833984375,2143.8388671875,912.4395751953125,8719.791015625
2023-05-17,1108.4073486328125,2895.591796875,784.4360961914062,908.9926147460938,544.6860961914062,768.0884399414062,1119.34423828125,358.9690856933594,2493.94677734375,2136.523193359375,907.591064453125,8765.9794921875
2023-05-18,1106.0218505859375,2887.605224609375,787.572021484375,915.9114990234375,533.4449462890625,774.9718627929688,1118.536376953125,352.33709716796875,2461.9033203125,2106.298583984375,901.48193359375,8702.4423828125
2023-05-19,1109.6114501953125,2908.36083984375,788.4817504882812,923.4594116210938,534.3275756835938,781.1766967773438,1139.0936279296875,352.4630126953125,2474.926513671875,2108.079345703125,897.7969360351562,8753.0517578125
2023-05-22,1115.5413818359375,2976.80908203125,785.6809692382812,919.6370239257812,536.185546875,777.3956298828125,1160.5487060546875,356.5765686035156,2471.787841796875,2133.6357421875,909.045654296875,8801.7861328125
2023-05-23,1115.3370361328125,2975.3203125,783.837646484375,922.5885620117188,540.3197021484375,775.5535888671875,1167.0570068359375,360.2703552246094,2462.60595703125,2115.39501953125,903.372802734375,8844.12890625
2023-05-24,1108.8389892578125,2981.005615234375,773.5921020507812,910.2506103515625,541.3416137695312,776.95947265625,1165.80029296875,363.92218017578125,2450.09716796875,2103.362548828125,923.3002319335938,8911.46484375
2023-05-25,1108.70263671875,2972.116455078125,770.6236572265625,909.4763793945312,539.9945068359375,797.6098022460938,1170.917236328125,370.3443298339844,2433.51318359375,2122.180908203125,916.3667602539062,8922.134765625
2023-05-26,1138.94287109375,3004.062744140625,773.5921020507812,919.9757690429688,544.407470703125,793.004638671875,1182.6768798828125,372.40106201171875,2485.139892578125,2135.41650390625,940.5123291015625,9035.6572265625
2023-05-29,1145.3497314453125,2996.347412109375,783.0237426757812,917.50830078125,552.7686157226562,796.2039184570312,1179.9390869140625,377.018310546875,2483.21875,2141.287841796875,939.1063842773438,8971.7822265625
2023-05-30,1145.0543212890625,2992.601806640625,783.6222534179688,919.2500610351562,550.7246704101562,793.489501953125,1188.4222412109375,386.1734313964844,2489.074462890625,2128.052978515625,930.5244750976562,9019.69921875
2023-05-31,1122.3118896484375,2968.506591796875,771.22216796875,918.4758911132812,549.1620483398438,823.9802856445312,1183.440185546875,382.3966979980469,2499.38134765625,2123.09521484375,945.7972412109375,9004.6572265625
2023-06-01,1119.2901611328125,2999.640625,767.9425659179688,905.8475952148438,551.9086303710938,802.6996459960938,1184.5174560546875,377.418212890625,2527.818115234375,2125.1650390625,957.7730102539062,8966.7841796875
2023-06-02,1115.6322021484375,2983.03662109375,769.1395263671875,907.8313598632812,556.1231079101562,810.9889526367188,1181.7880859375,380.5941467285156,2545.432861328125,2150.9140625,969.3124389648438,9117.7470703125
2023-06-05,1125.6517333984375,2967.965576171875,768.1340942382812,916.1535034179688,556.1231079101562,809.0499267578125,1186.791748046875,378.233642578125,2525.850830078125,2183.40087890625,978.1852416992188,9210.748046875
2023-06-06,1126.6058349609375,2916.88916015625,765.7402954101562,911.6536254882812,554.3710327148438,804.1539916992188,1163.5927734375,380.0791015625,2521.493408203125,2192.689208984375,983.0821533203125,9358.8759765625
2023-06-07,1135.1485595703125,2955.33203125,769.7140502929688,909.815185546875,558.0172729492188,818.5025634765625,1172.644775390625,381.06622314453125,2544.96435546875,2228.833984375,983.8579711914062,9331.2890625
2023-06-08,1135.830078125,2920.6337890625,770.1927490234375,907.5895385742188,557.3543701171875,810.504150390625,1167.0499267578125,380.1649475097656,2510.95263671875,2252.70556640625,957.09423828125,9284.283203125
2023-06-09,1127.7874755859375,2896.1328125,771.1024169921875,907.7345581054688,548.072998046875,808.0804443359375,1151.72021484375,376.34527587890625,2470.007568359375,2274.556396484375,954.1366577148438,9254.6767578125
2023-06-12,1128.787109375,2930.064208984375,766.4105224609375,905.7025146484375,548.025634765625,810.843505859375,1175.374267578125,375.0577087402344,2476.80078125,2252.368896484375,955.5912475585938,9180.32421875
2023-06-13,1145.463134765625,2927.176513671875,767.7031860351562,913.0568237304688,545.8947143554688,808.904541015625,1187.1102294921875,382.310791015625,2507.204833984375,2266.278076171875,958.160888671875,9148.6513671875
2023-06-14,1159.549560546875,2933.809326171875,766.8653564453125,909.4280395507812,546.0366821289062,802.6996459960938,1183.061767578125,381.538330078125,2528.614013671875,2266.903564453125,956.8034057617188,9163.0703125
2023-06-15,1159.867919921875,2924.035888671875,757.4336547851562,896.6546020507812,536.5186157226562,804.3963012695312,1170.68896484375,384.6283874511719,2520.134521484375,2272.919677734375,958.451904296875,9223.0029296875
2023-06-16,1171.159423828125,2886.39794921875,767.3441162109375,904.009033203125,541.0172119140625,812.2493286132812,1175.1011962890625,388.9201354980469,2544.44873046875,2278.2138671875,961.9428100585938,9231.51171875
2023-06-19,1159.52685546875,2918.671630859375,768.014404296875,893.316162109375,538.7442626953125,802.8936157226562,1177.2393798828125,389.3493347167969,2534.625,2277.78076171875,971.44580078125,9162.58984375
2023-06-20,1161.9351806640625,2934.39990234375,769.6182861328125,895.6386108398438,537.3710327148438,805.8505249023438,1185.791015625,388.7055969238281,2527.87109375,2292.844970703125,961.8942260742188,9124.236328125
2023-06-21,1165.206787109375,2962.128662109375,783.0715942382812,894.8159790039062,536.3765258789062,813.4127197265625,1182.1065673828125,383.72711181640625,2528.343505859375,2304.8291015625,961.8458251953125,9074.9716796875
2023-06-22,1152.1201171875,2944.21875,786.9017944335938,895.8321533203125,533.1565551757812,817.0968017578125,1165.9127197265625,384.2421569824219,2507.32568359375,2325.81298828125,960.294189453125,9038.63671875
2023-06-23,1142.6915283203125,2924.08203125,786.8538818359375,893.6548461914062,525.2484130859375,828.7307739257812,1150.8558349609375,381.7528991699219,2495.281982421875,2300.1123046875,961.4094848632812,8965.822265625
2023-06-26,1133.96728515625,2899.8076171875,783.0476684570312,897.4771728515625,527.5687255859375,825.9677124023438,1155.72314453125,382.568359375,2505.2001953125,2288.5615234375,964.803466796875,9103.185546875
2023-06-27,1134.3760986328125,2906.80859375,794.0833129882812,905.8475952148438,536.1397705078125,838.5227661132812,1163.729248046875,382.05328369140625,2504.491943359375,2298.66845703125,971.44580078125,9094.341796875
2023-06-28,1149.3939208984375,2923.26318359375,802.4856567382812,907.1539916992188,539.64404296875,845.6001586914062,1176.64794921875,385.70135498046875,2513.84326171875,2330.818359375,990.83984375,9170.9052734375
2023-06-30,1158.8226318359375,3002.17578125,814.5745239257812,904.3960571289062,542.5325927734375,851.950439453125,1214.99462890625,387.63262939453125,2529.807373046875,2382.8935546875,1019.73681640625,9409.677734375
2023-07-03,1188.5628662109375,2974.94775390625,823.3838500976562,912.0891723632812,554.4657592773438,852.3381958007812,1213.3570556640625,397.6324462890625,2551.43896484375,2362.198486328125,1001.4094848632812,9298.125
2023-07-04,1176.31689453125,3008.176513671875,827.4053955078125,914.169677734375,558.0645751953125,838.76513671875,1223.7738037109375,400.2933654785156,2550.447021484375,2369.70654296875,1017.0217895507812,9273.517578125
2023-07-05,1174.3856201171875,3018.26708984375,801.1212158203125,927.0398559570312,559.3431396484375,840.219482421875,1225.72998046875,407.803955078125,2603.20361328125,2378.3212890625,1013.0459594726562,9605.05078125
2023-07-06,1199.0367431640625,3020.94921875,801.93505859375,928.3946533203125,561.142578125,843.1279296875,1222.63671875,406.7738952636719,2604.38427734375,2395.455322265625,1010.91259765625,9477.3017578125
2023-07-07,1196.6966552734375,3026.722412109375,794.945068359375,915.8147583007812,562.184326171875,843.903564453125,1210.1728515625,402.052978515625,2548.652587890625,2357.67431640625,1004.3186645507812,9468.505859375
2023-07-10,1242.7947998046875,2974.629150390625,793.0538940429688,917.7501220703125,561.2373046875,858.3976440429688,1209.2177734375,399.86419677734375,2509.403564453125,2347.470947265625,1013.3367919921875,9358.97265625
2023-07-11,1256.2677001953125,2975.037841796875,789.1998291015625,914.41162109375,557.4016723632812,864.6994018554688,1226.91259765625,406.1301574707031,2535.805908203125,2381.93115234375,1039.7611083984375,9516.47265625
2023-07-12,1257.653564453125,2963.674072265625,781.8028564453125,913.8793334960938,558.0645751953125,862.8088989257812,1212.9931640625,405.4005432128906,2525.556396484375,2363.064453125,1046.064208984375,9454.6162109375
2023-07-13,1246.4073486328125,3036.995361328125,785.7047729492188,924.814208984375,554.6552124023438,858.0582275390625,1241.923828125,405.14306640625,2507.65625,2358.444091796875,1043.05810546875,9273.6611328125
2023-07-14,1245.3623046875,3195.27490234375,787.3326416015625,929.0236206054688,553.4713134765625,859.4639892578125,1297.2830810546875,405.9155578613281,2528.62646484375,2379.717041015625,1040.4398193359375,9231.4619140625
2023-07-17,1270.8084716796875,3174.41015625,803.80224609375,937.3941040039062,569.2874755859375,851.3201904296875,1294.5537109375,405.4434509277344,2533.160888671875,2376.396240234375,1044.9490966796875,9314.033203125
2023-07-18,1281.6002197265625,3179.09228515625,803.1319580078125,943.9259033203125,561.0005493164062,848.7510986328125,1342.0892333984375,405.57220458984375,2534.199951171875,2382.075439453125,1034.8157958984375,9291.060546875
2023-07-19,1291.3243408203125,3154.72802734375,806.7705688476562,941.9906005859375,569.6189575195312,844.1943969726562,1341.8616943359375,411.0228271484375,2523.620361328125,2400.797119140625,1049.0704345703125,9235.2119140625
2023-07-20,1289.760498046875,3156.77880859375,808.5181274414062,963.4247436523438,577.7637939453125,857.8643798828125,1318.708251953125,422.4388732910156,2553.51708984375,2396.51416015625,1064.3914794921875,9393.7685546875
2023-07-21,1249.834716796875,3070.18701171875,802.2940673828125,964.7794799804688,582.5465087890625,858.9793090820312,1211.4464111328125,420.9797058105469,2459.7646484375,2489.4501953125,1063.9066162109375,9391.4150390625
2023-07-24,1224.554931640625,3094.2958984375,803.5628662109375,959.9410400390625,584.9616088867188,861.063720703125,1215.9954833984375,404.5851135253906,2437.329833984375,2507.7392578125,1067.0584716796875,9319.080078125
2023-07-25,1223.767333984375,3098.306396484375,812.2764282226562,962.5538330078125,577.3375854492188,856.7009887695312,1214.17578125,396.8170166015625,2425.900146484375,2465.049072265625,1061.870361328125,9380.408203125
2023-07-26,1243.65625,3088.416748046875,809.45166015625,964.2472534179688,582.5939331054688,862.2756958007812,1227.1400146484375,405.3576354980469,2440.21142578125,2547.204345703125,1078.306884765625,9378.2451171875
2023-07-27,1232.087158203125,3096.25537109375,801.0493774414062,958.24755859375,583.9197998046875,867.8502197265625,1231.0521240234375,399.1774597167969,2427.506103515625,2560.632568359375,1100.5614013671875,9375.6015625
2023-07-28,1244.468505859375,3058.4287109375,786.8538818359375,964.00537109375,583.4462890625,867.8017578125,1219.54345703125,402.0958557128906,2441.439208984375,2550.381103515625,1107.9573974609375,9295.529296875
2023-07-31,1255.0037841796875,3118.632568359375,790.5403442382812,966.0375366210938,587.3766479492188,862.7603759765625,1233.371826171875,399.7354431152344,2418.957763671875,2580.990966796875,1112.6771240234375,9440.1484375
2023-08-01,1237.25634765625,3146.5244140625,795.8306884765625,962.4085693359375,579.468505859375,864.45703125,1242.0145263671875,398.9629211425781,2409.794677734375,2566.8408203125,1112.7255859375,9340.1796875
2023-08-02,1224.0380859375,3136.13330078125,785.4176025390625,955.0543212890625,566.7777099609375,851.3201904296875,1234.4180908203125,394.92864990234375,2426.656005859375,2552.724609375,1104.7459716796875,9279.6689453125
2023-08-03,1218.8934326171875,3099.035400390625,779.7442626953125,933.8136596679688,559.2484741210938,845.115478515625,1241.196044921875,391.4523010253906,2409.983642578125,2529.311767578125,1110.34130859375,9260.1669921875
2023-08-04,1235.45947265625,3138.77685546875,791.0191650390625,939.1359252929688,542.958740234375,862.51806640625,1253.978271484375,390.5081481933594,2404.977294921875,2557.34912109375,1108.3463134765625,9189.0439453125
2023-08-07,1242.49951171875,3175.69189453125,790.5643310546875,944.1194458007812,537.8446044921875,864.214599609375,1267.30615234375,390.4651794433594,2426.892333984375,2566.11083984375,1129.6092529296875,9240.857421875
2023-08-08,1235.016357421875,3163.432373046875,789.9180297851562,948.2321166992188,542.769287109375,858.3976440429688,1264.7589111328125,388.2763977050781,2423.727783203125,2562.5087890625,1117.7857666015625,9259.05078125
2023-08-09,1243.1639404296875,3156.0498046875,790.2052612304688,949.0126953125,543.3849487304688,856.74951171875,1268.5799560546875,393.6839904785156,2410.833984375,2581.395263671875,1121.8243408203125,9181.9599609375
2023-08-10,1248.702392578125,3137.455322265625,783.1912231445312,940.6220703125,543.290283203125,848.120849609375,1263.758056640625,387.7613830566406,2396.192138671875,2573.509521484375,1119.3914794921875,9118.40625
2023-08-11,1253.9698486328125,3143.56201171875,775.0283813476562,929.6460571289062,543.7638549804688,847.8773803710938,1248.0645751953125,385.18634033203125,2363.225830078125,2568.64208984375,1101.923828125,9078.8671875
2023-08-14,1268.788330078125,3144.51904296875,771.24609375,936.182861328125,531.1202392578125,844.468505859375,1267.806640625,385.57257080078125,2392.7919921875,2589.47509765625,1103.7728271484375,9044.7138671875
2023-08-16,1267.7545166015625,3152.31201171875,768.9957885742188,933.2071533203125,535.4295043945312,834.631591796875,1290.5052490234375,386.47381591796875,2411.2119140625,2619.80078125,1112.9200439453125,9139.705078125
2023-08-17,1249.4654541015625,3131.6669921875,764.73486328125,928.4752807617188,541.86962890625,834.3881225585938,1284.1824951171875,378.5340576171875,2402.379638671875,2582.271484375,1114.039306640625,9096.7685546875
2023-08-18,1258.7208251953125,3069.093017578125,761.598876953125,927.4996337890625,542.6273193359375,833.9498291015625,1263.4853515625,379.0920104980469,2413.24267578125,2572.000732421875,1104.4053955078125,9175.1201171875
2023-08-21,1244.986328125,3100.5849609375,761.00048828125,931.9387817382812,541.4434204101562,849.2409057617188,1278.5875244140625,384.3708801269531,2420.799560546875,2591.76318359375,1106.838134765625,9158.3828125
2023-08-22,1244.68994140625,3082.810546875,757.7448120117188,928.8167724609375,538.412841796875,854.79248046875,1277.0863037109375,389.9072570800781,2423.6806640625,2607.875,1106.984130859375,9209.9052734375
2023-08-23,1246.0733642578125,3097.486328125,759.6119995117188,943.3051147460938,546.3682861328125,845.5399169921875,1280.9073486328125,386.64556884765625,2431.473388671875,2645.64794921875,1093.506103515625,9315.716796875
2023-08-24,1225.1258544921875,3087.915283203125,756.1170043945312,945.3539428710938,546.4155883789062,846.8060302734375,1295.14501953125,387.03179931640625,2438.274658203125,2616.9775390625,1088.2513427734375,9289.275390625
2023-08-25,1219.4691162109375,3082.035888671875,747.594970703125,946.7686157226562,539.7860717773438,850.75048828125,1291.9609375,380.5511779785156,2421.55517578125,2568.544677734375,1076.5738525390625,9223.2958984375
2023-08-28,1207.315673828125,3076.795166015625,755.3749389648438,946.9149780273438,542.5325927734375,847.6825561523438,1287.91259765625,378.87744140625,2414.1396484375,2623.987060546875,1086.9862060546875,9312.5625
2023-08-29,1195.755126953125,3077.341552734375,761.3834838867188,944.1832275390625,544.4266967773438,832.9271240234375,1289.73193359375,377.7615051269531,2386.226806640625,2646.9619140625,1081.7313232421875,9335.412109375
2023-08-30,1194.6187744140625,3090.83251953125,755.8297119140625,935.5487060546875,537.3710327148438,835.4107055664062,1305.65283203125,380.0791015625,2391.705322265625,2637.275390625,1084.9427490234375,9505.3603515625
2023-08-31,1189.1595458984375,3059.704833984375,752.3587036132812,935.4024047851562,531.6411743164062,834.0958862304688,1305.92578125,377.418212890625,2366.295654296875,2631.142333984375,1081.7313232421875,9706.5966796875
2023-09-01,1191.950927734375,3080.121826171875,753.9146728515625,945.1100463867188,539.4072265625,843.3971557617188,1313.5679931640625,378.57696533203125,2366.059326171875,2630.55810546875,1079.2010498046875,10024.3193359375
2023-09-04,1190.987548828125,3115.94384765625,758.6305541992188,943.7929077148438,545.0896606445312,842.7640991210938,1332.9005126953125,375.52984619140625,2362.84716796875,2639.31982421875,1079.1038818359375,10054.591796875
2023-09-05,1197.36083984375,3125.833740234375,754.010498046875,944.8173828125,542.6746215820312,843.3484497070312,1345.4552001953125,380.3366394042969,2368.1845703125,2660.59130859375,1101.48583984375,9957.2236328125
2023-09-06,1199.8802490234375,3126.3349609375,763.873046875,934.182861328125,540.3069458007812,857.3734741210938,1344.13623046875,384.0704345703125,2383.7236328125,2658.157470703125,1111.6551513671875,9876.447265625
2023-09-07,1201.5107421875,3149.441162109375,771.22216796875,942.1343383789062,548.4044189453125,852.503662109375,1333.901123046875,382.7400817871094,2368.5625,2771.03759765625,1102.60498046875,9975.3193359375
2023-09-08,1209.51416015625,3137.273193359375,777.230712890625,946.9149780273438,552.5715942382812,862.7788696289062,1336.994384765625,379.95037841796875,2374.56103515625,2824.7763671875,1100.07470703125,10025.046875
2023-09-11,1222.5570068359375,3172.59326171875,781.2523803710938,954.4274291992188,560.385009765625,867.5999755859375,1343.226318359375,383.8558349609375,2395.767333984375,2817.572021484375,1106.3515625,10220.8994140625
2023-09-12,1204.8948974609375,3263.879150390625,783.694091796875,966.379150390625,557.2122192382812,867.21044921875,1365.6522216796875,387.2463684082031,2360.439208984375,2866.15087890625,1114.477294921875,10191.548828125
2023-09-13,1210.9222412109375,3252.07568359375,787.0454711914062,965.6961669921875,564.8836059570312,891.3157958984375,1363.1502685546875,389.26348876953125,2367.71240234375,2829.78955078125,1117.883056640625,10162.24609375
2023-09-14,1212.0338134765625,3244.966064453125,786.566650390625,963.6473999023438,565.6885986328125,891.1210327148438,1370.97412109375,386.21630859375,2362.281005859375,2841.326171875,1113.0662841796875,10176.5595703125
2023-09-15,1214.28173828125,3279.830322265625,795.5914306640625,968.2816772460938,567.1091918945312,911.7689208984375,1375.2047119140625,384.8429870605469,2332.9033203125,2831.5419921875,1118.905029296875,10212.556640625
2023-09-18,1203.7091064453125,3286.985595703125,779.9357299804688,966.0864868164062,571.9866333007812,896.2343139648438,1357.19140625,388.01885986328125,2350.8037109375,2842.542724609375,1116.812744140625,10209.5
2023-09-20,1176.8826904296875,3286.89453125,748.648193359375,963.1107788085938,569.2874755859375,886.981689453125,1355.7811279296875,388.7914123535156,2330.211181640625,2813.483154296875,1122.164794921875,10039.3583984375
2023-09-21,1168.31103515625,3267.9814453125,743.6930541992188,935.93896484375,557.0228881835938,894.0428466796875,1366.2435302734375,384.11334228515625,2336.3515625,2822.58544921875,1115.35302734375,9978.763671875
2023-09-22,1163.4447021484375,3284.70703125,732.3462524414062,927.1580810546875,566.4935913085938,887.6635131835938,1361.1488037109375,380.3366394042969,2344.947265625,2841.228759765625,1101.923828125,10222.162109375
2023-09-25,1156.281005859375,3260.55224609375,732.9925537109375,933.060791015625,562.6105346679688,886.6895751953125,1341.1337890625,379.90740966796875,2338.712890625,2825.65234375,1093.8468017578125,10273.6357421875
2023-09-26,1157.2938232421875,3268.345947265625,736.1763916015625,925.59716796875,562.9420776367188,888.9296264648438,1328.8519287109375,379.7786560058594,2341.641357421875,2835.436279296875,1095.598388671875,10243.0234375
2023-09-27,1170.336669921875,3271.626953125,731.0056762695312,920.1334228515625,558.5381469726562,896.282958984375,1334.629150390625,385.5296630859375,2363.17822265625,2886.546142578125,1109.3197021484375,10363.435546875
2023-09-28,1153.14404296875,3223.72802734375,729.4974975585938,919.6456298828125,558.7275390625,901.5423583984375,1309.56494140625,378.3194580078125,2324.0712890625,2930.305908203125,1101.875,10251.462890625
2023-09-29,1158.529052734375,3216.29931640625,730.742431640625,928.7191772460938,566.8723754882812,902.2728271484375,1305.92578125,381.45245361328125,2329.03076171875,2943.49755859375,1127.51708984375,10295.3701171875
2023-10-03,1145.263916015625,3202.855224609375,722.0048828125,917.4016723632812,571.03955078125,901.201416015625,1304.6068115234375,377.4611511230469,2332.14794921875,2991.88134765625,1110.779296875,10039.5048828125
2023-10-04,1143.287841796875,3224.639892578125,732.2984008789062,907.4012451171875,555.223388671875,900.1787719726562,1314.0228271484375,374.3281555175781,2368.9404296875,2947.5859375,1093.6036376953125,9828.90234375
2023-10-05,1143.26318359375,3271.6728515625,735.2667236328125,917.938232421875,560.8111572265625,904.6589965820312,1331.3994140625,374.2851867675781,2379.992431640625,3014.07763671875,1089.02978515625,9906.8173828125
2023-10-06,1145.1898193359375,3300.8857421875,734.4528198242188,922.182373046875,562.7999877929688,901.9319458007812,1345.2733154296875,379.5211486816406,2360.958251953125,3011.7900390625,1097.009521484375,9995.986328125
2023-10-09,1135.4326171875,3316.3359375,725.9307250976562,915.7431030273438,554.1342163085938,900.4710083007812,1342.3165283203125,378.06201171875,2372.199462890625,2993.292724609375,1092.873779296875,9940.4375
2023-10-10,1140.447021484375,3307.721923828125,730.048095703125,928.0362548828125,560.337646484375,923.651123046875,1360.2391357421875,381.45245361328125,2376.827880859375,2994.55859375,1096.2310791015625,10066.76953125
2023-10-11,1158.5537109375,3290.40380859375,737.1099853515625,929.8899536132812,557.2122192382812,930.7122802734375,1359.556640625,384.7571105957031,2414.801025390625,3006.92236328125,1098.4205322265625,10102.767578125
2023-10-12,1160.70263671875,3229.014892578125,742.0173950195312,931.011962890625,555.0339965820312,925.5990600585938,1333.264404296875,386.8601379394531,2415.367919921875,3000.15625,1100.0262451171875,10266.552734375
2023-10-13,1160.6534423828125,3254.810302734375,735.2667236328125,928.1337280273438,545.6578979492188,929.3487548828125,1302.0140380859375,384.8429870605469,2427.128173828125,3007.79833984375,1114.52587890625,10408.845703125
2023-10-16,1158.0596923828125,3212.152099609375,732.3223266601562,928.2313842773438,545.1843872070312,921.8980102539062,1304.7430419921875,385.3580017089844,2416.595947265625,3019.77294921875,1104.79443359375,10386.48046875
2023-10-17,1163.5928955078125,3196.656982421875,737.8759765625,930.6704711914062,545.9420166015625,928.8131713867188,1312.294189453125,389.2205505371094,2414.564697265625,2985.115478515625,1106.2542724609375,10431.404296875
2023-10-18,1148.154052734375,3178.609130859375,727.6063842773438,920.7677001953125,542.3432006835938,928.033935546875,1310.565673828125,387.6755065917969,2407.102783203125,2964.963623046875,1122.408203125,10467.9365234375
2023-10-19,1139.33544921875,3157.9560546875,725.308349609375,912.9624633789062,540.9698486328125,918.3917846679688,1304.288330078125,386.6026306152344,2406.960693359375,2973.5302734375,1110.827880859375,10451.68359375
2023-10-20,1135.8524169921875,3193.504638671875,729.0667114257812,910.0355834960938,533.2985229492188,920.5831909179688,1298.4658203125,376.2165222167969,2356.94384765625,2932.59375,1111.5087890625,10407.0029296875
2023-10-23,1118.1162109375,3116.375244140625,721.04736328125,907.3037109375,523.685791015625,914.8368530273438,1281.5439453125,374.1564636230469,2345.93896484375,2879.974853515625,1092.2896728515625,10240.1123046875
2023-10-25,1115.5225830078125,3098.052978515625,716.47509765625,893.7909545898438,526.7637329101562,898.57177734375,1262.560302734375,371.4096984863281,2340.082763671875,2838.892333984375,1090.197509765625,10274.265625
2023-10-26,1099.9849853515625,3049.299072265625,700.6279907226562,886.5224609375,518.0506591796875,881.9171752929688,1252.7918701171875,372.8260192871094,2339.23193359375,2788.755859375,1074.04345703125,10114.4599609375
2023-10-27,1119.40087890625,3062.275634765625,703.380859375,890.5225830078125,531.4517822265625,890.7800903320312,1272.0521240234375,372.3110046386719,2344.5693359375,2825.068115234375,1081.4395751953125,10246.9521484375
2023-10-30,1142.47265625,3087.49755859375,711.0171508789062,902.376708984375,535.2874755859375,902.1267700195312,1269.0111083984375,369.47845458984375,2341.59375,2848.870849609375,1085.234619140625,10088.794921875
2023-10-31,1130.3192138671875,3078.541748046875,706.8997802734375,893.0592041015625,535.6188354492188,890.5853881835938,1261.039794921875,367.7187805175781,2346.41162109375,2851.49951171875,1059.349365234375,10083.5546875
2023-11-01,1135.0126953125,3043.724609375,705.9421997070312,891.7908935546875,536.4239501953125,889.6600952148438,1247.90771484375,367.4613342285156,2335.3125,2818.64306640625,1086.2076416015625,9923.89453125
2023-11-02,1146.2767333984375,3070.637451171875,707.01953125,897.5472412109375,541.8222045898438,899.7892456054688,1262.6524658203125,370.0793151855469,2366.28466796875,2840.839111328125,1102.410400390625,9997.490234375
2023-11-03,1146.0296630859375,3062.229736328125,710.370849609375,911.0599365234375,547.5521240234375,906.509521484375,1280.069580078125,371.8818054199219,2387.646728515625,2834.170654296875,1110.4385986328125,9971.001953125
2023-11-06,1155.564697265625,3089.05126953125,715.5176391601562,922.42626953125,543.9531860351562,914.739501953125,1293.2017822265625,373.68438720703125,2376.37109375,2896.670654296875,1119.0994873046875,9979.296875
2023-11-07,1148.0552978515625,3080.095947265625,712.0465698242188,925.0116577148438,549.0673828125,912.742919921875,1294.123046875,371.4096984863281,2375.467041015625,2882.8955078125,1139.4864501953125,9948.6845703125
2023-11-08,1154.033203125,3090.2392578125,714.1052856445312,912.9624633789062,549.5882568359375,912.353271484375,1281.8665771484375,375.0577087402344,2397.25732421875,2917.114501953125,1145.0821533203125,10015.634765625
2023-11-09,1141.50927734375,3059.07666015625,711.280517578125,914.5234985351562,547.741455078125,908.06787109375,1266.9376220703125,372.8689270019531,2356.67431640625,2944.762939453125,1144.5953369140625,10091.365234375
2023-11-10,1143.6583251953125,3046.28271484375,714.0812377929688,915.7431030273438,548.8306274414062,911.1358032226562,1261.45458984375,374.71441650390625,2366.046875,2952.940673828125,1147.660888671875,10080.1591796875
2023-11-13,1143.5101318359375,3044.547119140625,712.7886352539062,911.6941528320312,550.5827026367188,910.6488037109375,1265.7857666015625,374.2423095703125,2358.0537109375,2967.786865234375,1146.152587890625,10089.474609375
2023-11-15,1164.185791015625,3111.029541015625,720.2573852539062,918.18212890625,553.75537109375,925.2581787109375,1299.836669921875,379.3495178222656,2365.904052734375,2983.801025390625,1149.1693115234375,10145.4111328125
2023-11-16,1166.285400390625,3196.5205078125,722.1484985351562,913.2063598632812,553.7080688476562,924.8198852539062,1331.537841796875,376.5169372558594,2370.4716796875,2970.366455078125,1157.5870361328125,10173.0166015625
2023-11-17,1163.7410888671875,3200.724365234375,720.5924682617188,899.4009399414062,533.251220703125,922.6284790039062,1324.7645263671875,377.0319519042969,2406.249267578125,3026.68505859375,1162.5010986328125,10210.8583984375
2023-11-20,1160.6781005859375,3216.39697265625,720.640380859375,899.0107421875,533.9141845703125,936.361328125,1323.8887939453125,374.9289855957031,2384.982421875,3007.019775390625,1156.0784912109375,10252.337890625
2023-11-21,1175.2769775390625,3207.806640625,726.74462890625,903.5474853515625,531.783203125,945.5651245117188,1326.1007080078125,374.4569091796875,2383.8408203125,2993.439208984375,1169.118408203125,10222.162109375
2023-11-22,1179.87158203125,3226.038330078125,724.1593627929688,900.279052734375,529.3682250976562,944.4938354492188,1343.4256591796875,377.418212890625,2399.68359375,3000.69189453125,1171.7459716796875,10182.767578125
2023-11-23,1183.47802734375,3206.0244140625,728.3485107421875,900.52294921875,530.3153076171875,951.214111328125,1335.546630859375,377.97613525390625,2397.7802734375,2965.01220703125,1166.5882568359375,10176.8974609375
2023-11-24,1182.6875,3159.281005859375,733.5191650390625,906.7671508789062,530.6941528320312,947.8052978515625,1324.626220703125,375.7873229980469,2393.308349609375,2973.384521484375,1163.3282470703125,10203.2421875
2023-11-28,1182.9345703125,3171.206787109375,731.867431640625,902.9620361328125,534.5772094726562,959.2492065429688,1329.5103759765625,373.59857177734375,2388.8837890625,2969.2470703125,1159.3385009765625,10224.490234375
2023-11-29,1186.047119140625,3211.050537109375,746.4698486328125,916.7186889648438,538.5075073242188,969.4757690429688,1345.0843505859375,375.2723388671875,2402.68115234375,3002.103271484375,1169.89697265625,10284.357421875
2023-11-30,1174.5606689453125,3187.15380859375,746.3023071289062,912.1820068359375,534.861328125,988.2730712890625,1340.983642578125,374.07061767578125,2422.1875,3026.87939453125,1192.911376953125,10293.5263671875
2023-12-01,1182.8853759765625,3209.131591796875,744.674560546875,923.6458129882812,541.4907836914062,988.2730712890625,1338.357177734375,386.08758544921875,2439.410400390625,3106.1728515625,1198.16650390625,10271.2099609375
2023-12-04,1195.6810302734375,3209.86279296875,770.5279541015625,967.0621337890625,563.2261962890625,1005.9991455078125,1349.461669921875,389.735595703125,2476.1875,3225.8193359375,1198.0692138671875,10284.5517578125
2023-12-05,1204.3514404296875,3227.363037109375,777.374267578125,988.7703247070312,576.0590209960938,1004.2460327148438,1339.877685546875,387.7613830566406,2439.02978515625,3227.668701171875,1206.243408203125,10403.3642578125
2023-12-06,1215.887451171875,3293.6171875,779.3372802734375,978.8186645507812,576.2484741210938,997.7691040039062,1358.63134765625,397.6324462890625,2443.216552734375,3302.484130859375,1207.0218505859375,10310.0693359375
2023-12-07,1213.886474609375,3303.48681640625,780.6058959960938,974.6721801757812,579.3265380859375,973.9559936523438,1350.89013671875,393.2119445800781,2396.210693359375,3266.756103515625,1206.000244140625,10378.8642578125
2023-12-08,1213.244140625,3314.2705078125,791.4978637695312,986.2335815429688,581.6468505859375,974.1994018554688,1374.1591796875,385.5296630859375,2400.064453125,3289.000732421875,1202.5941162109375,10303.083984375
2023-12-11,1215.0228271484375,3329.07470703125,790.4446411132812,992.3314208984375,581.7415161132812,974.7838134765625,1371.7171630859375,388.3621826171875,2382.318115234375,3296.15625,1208.0435791015625,10228.5654296875
2023-12-12,1197.5830078125,3355.75927734375,782.5928955078125,990.9655151367188,579.9894409179688,969.3296508789062,1360.243896484375,388.9201354980469,2381.4619140625,3253.9052734375,1185.2723388671875,10031.2568359375
2023-12-13,1202.4739990234375,3283.976318359375,780.8214111328125,989.2093505859375,587.0451049804688,973.8585815429688,1335.3160400390625,391.1089782714844,2390.168212890625,3309.78564453125,1199.9666748046875,10071.6689453125
2023-12-14,1217.39404296875,3351.3271484375,790.0376586914062,1008.4783935546875,590.64404296875,979.0205078125,1383.6510009765625,394.92864990234375,2394.40283203125,3342.2041015625,1198.2149658203125,10045.6181640625
2023-12-15,1232.9317626953125,3528.38623046875,793.101806640625,1012.1370849609375,613.942138671875,966.7000122070312,1454.56396484375,393.29779052734375,2400.63525390625,3395.650390625,1202.5452880859375,9980.8017578125
2023-12-18,1245.4803466796875,3526.741455078125,792.69482421875,996.5755004882812,614.1788940429688,964.4598999023438,1441.6160888671875,387.6755065917969,2412.624755859375,3399.155029296875,1219.0887451171875,10013.0146484375
2023-12-19,1263.8094482421875,3487.44580078125,791.3543090820312,990.7216186523438,620.7137451171875,962.706787109375,1436.0408935546875,391.4952392578125,2436.603515625,3406.310302734375,1211.4981689453125,9929.5693359375
2023-12-20,1248.518798828125,3454.409423828125,793.3171997070312,982.1359252929688,602.7666015625,946.2468872070312,1415.85888671875,387.11761474609375,2433.55859375,3327.990478515625,1199.042236328125,9781.74609375
2023-12-21,1266.0079345703125,3461.218017578125,807.53662109375,979.9407348632812,609.6802978515625,952.4315795898438,1415.4903564453125,387.5038757324219,2429.467041015625,3333.490966796875,1200.35595703125,9715.3779296875
2023-12-22,1267.2430419921875,3494.5732421875,799.9481811523438,970.086669921875,603.0507202148438,963.778076171875,1440.27978515625,390.72271728515625,2450.781494140625,3385.866455078125,1210.2332763671875,9913.609375
2023-12-26,1273.6656494140625,3468.57470703125,805.5018920898438,970.8671264648438,604.2819213867188,973.8098754882812,1422.816650390625,391.795654296875,2459.48779296875,3397.64599609375,1213.979736328125,9965.5205078125
2023-12-27,1278.01318359375,3482.8759765625,815.4841918945312,977.8430786132812,614.2262573242188,994.6038208007812,1444.150390625,392.35357666015625,2481.896484375,3450.16748046875,1218.796630859375,9982.8388671875
2023-12-28,1287.2518310546875,3472.549560546875,816.4177856445312,981.4041748046875,616.9254150390625,1009.7000122070312,1440.049560546875,398.362060546875,2506.160888671875,3424.90478515625,1228.2359619140625,9966.4404296875
2023-12-29,1277.074462890625,3466.610107421875,818.3328247070312,972.33056640625,608.0701904296875,1005.3173217773438,1421.8489990234375,396.64532470703125,2534.849853515625,3432.644287109375,1225.608642578125,9996.27734375
2024-01-01,1279.69287109375,3482.784912109375,812.9945678710938,975.0625,607.4072265625,986.6660766601562,1429.6361083984375,401.7525329589844,2526.095947265625,3432.108642578125,1226.38720703125,9977.7939453125
2024-01-02,1290.2900390625,3457.288330078125,813.4733276367188,958.3301391601562,605.60791015625,995.0908813476562,1414.0159912109375,403.72674560546875,2487.13037109375,3347.07177734375,1261.37109375,9894.78515625
2024-01-03,1276.2593994140625,3373.71630859375,800.9296264648438,960.0862426757812,609.3961791992188,1008.2392578125,1373.099365234375,409.6493835449219,2480.2314453125,3349.261962890625,1263.70654296875,9778.25390625
2024-01-04,1282.8546142578125,3350.91552734375,809.5234985351562,963.1107788085938,608.733154296875,1020.6085205078125,1394.0184326171875,408.9197998046875,2466.909912109375,3367.126220703125,1277.6710205078125,9717.755859375
2024-01-05,1288.3138427734375,3415.890625,805.3822021484375,969.501220703125,607.9755249023438,1019.3423461914062,1412.31103515625,406.8168640136719,2493.0771484375,3428.652587890625,1265.2635498046875,9719.4052734375
2024-01-08,1278.26025390625,3361.425537109375,796.4052734375,958.086181640625,593.8167114257812,1021.7285766601562,1403.3260498046875,399.56378173828125,2453.30322265625,3408.403564453125,1270.2266845703125,9651.193359375
2024-01-09,1274.8759765625,3372.02587890625,790.2052612304688,955.8909912109375,592.3014526367188,1036.776123046875,1409.316162109375,398.7483215332031,2454.730224609375,3461.80126953125,1288.424072265625,9726.2939453125
2024-01-10,1309.2613525390625,3393.181640625,792.8145751953125,968.8671264648438,588.8445434570312,1035.02294921875,1400.653564453125,397.67535400390625,2452.493896484375,3451.628173828125,1289.2513427734375,9712.8076171875
2024-01-11,1343.6961669921875,3413.74365234375,789.4871215820312,967.0133666992188,587.3766479492188,1035.1690673828125,1376.9697265625,397.117431640625,2413.290771484375,3412.05419921875,1280.88232421875,9713.6806640625
2024-01-12,1354.39208984375,3548.308349609375,785.752685546875,979.0625610351562,600.0674438476562,1048.3173828125,1486.2188720703125,400.59375,2420.712646484375,3474.31103515625,1290.3216552734375,9669.58203125
2024-01-15,1377.5130615234375,3567.4990234375,800.8818359375,985.2579345703125,606.2234497070312,1073.6890869140625,1522.4814453125,401.3663330078125,2448.49755859375,3449.242919921875,1293.6304931640625,9787.2294921875
2024-01-16,1358.24560546875,3528.660400390625,803.9219360351562,984.4774780273438,603.1928100585938,1067.3583984375,1503.5439453125,405.4005432128906,2444.596435546875,3478.886474609375,1278.157470703125,9881.0068359375
2024-01-17,1345.35107421875,3549.953125,736.1045532226562,957.84228515625,592.8696899414062,1056.9857177734375,1511.5150146484375,400.5079345703125,2438.69677734375,3476.404052734375,1264.0960693359375,9753.07421875
2024-01-18,1351.6500244140625,3566.40283203125,711.5198974609375,962.3302001953125,595.0479125976562,1058.739013671875,1513.726806640625,399.56378173828125,2424.518798828125,3500.791015625,1299.8583984375,9629.65234375
2024-01-19,1351.156005859375,3628.471435546875,704.0989990234375,974.8673095703125,594.5270385742188,1095.700439453125,1529.0244140625,404.7138671875,2441.07568359375,3549.467041015625,1299.71240234375,9739.4912109375
2024-01-23,1312.7442626953125,3550.43701171875,683.368408203125,1003.990478515625,573.0757446289062,1127.841064453125,1513.3123779296875,394.2419128417969,2260.42626953125,3456.982177734375,1341.26513671875,9567.5068359375
2024-01-24,1327.862060546875,3535.299072265625,697.0372314453125,974.8673095703125,585.5771484375,1158.9588623046875,1543.95361328125,397.932861328125,2323.322998046875,3494.1708984375,1344.9630126953125,9691.4609375
2024-01-25,1336.9522705078125,3506.31201171875,686.9830932617188,985.3555908203125,580.3208618164062,1130.3245849609375,1538.147705078125,391.1089782714844,2310.61962890625,3498.308349609375,1331.533935546875,9587.4453125
2024-01-29,1430.795654296875,3497.754150390625,696.438720703125,991.6484375,589.9810791015625,1131.8829345703125,1526.6285400390625,386.08758544921875,2325.939208984375,3609.8251953125,1363.2091064453125,9694.56640625
2024-01-30,1390.8524169921875,3497.34033203125,691.4835205078125,992.1362915039062,593.5799560546875,1128.47412109375,1521.8824462890625,376.0019226074219,2339.4990234375,3537.103271484375,1334.89111328125,9655.9970703125
2024-01-31,1409.6258544921875,3511.51123046875,700.2210083007812,1003.1123046875,606.6022338867188,1140.210205078125,1530.5911865234375,379.00616455078125,2361.289306640625,3387.61865234375,1380.336181640625,9884.2578125
2024-02-01,1409.650634765625,3546.663818359375,702.0402221679688,1000.1854248046875,613.3739013671875,1121.218017578125,1527.0430908203125,380.1649475097656,2353.724609375,3308.033203125,1370.1185302734375,10321.908203125
2024-02-02,1440.3306884765625,3649.86669921875,692.3692016601562,999.0633544921875,615.26806640625,1120.8284912109375,1560.4952392578125,377.7615051269531,2333.7421875,3286.664306640625,1378.5845947265625,10338.888671875
2024-02-05,1421.8782958984375,3656.307861328125,691.7467041015625,998.5755615234375,608.922607421875,1084.5487060546875,1554.8277587890625,376.0019226074219,2302.24609375,3253.2724609375,1424.4677734375,10118.728515625
2024-02-06,1410.7869873046875,3806.02783203125,691.3877563476562,1001.4049682617188,615.8362426757812,1104.5147705078125,1593.7628173828125,370.2938537597656,2308.764404296875,3333.588134765625,1435.4639892578125,10522.6611328125
2024-02-07,1424.966064453125,3757.6240234375,684.6130981445312,997.2584228515625,639.5131225585938,1104.7581787109375,1560.86376953125,370.63720703125,2307.907958984375,3304.820556640625,1455.9969482421875,10610.8125
2024-02-08,1432.845947265625,3804.279052734375,671.7343139648438,965.2083740234375,662.527099609375,1112.40380859375,1559.3431396484375,361.2610168457031,2299.914794921875,3247.18798828125,1459.3057861328125,10424.7099609375
2024-02-09,1443.3443603515625,3803.911376953125,671.99755859375,986.0873413085938,686.8670043945312,1091.0740966796875,1538.378173828125,362.0888977050781,2306.670654296875,3236.528076171875,1502.073974609375,10413.9873046875
2024-02-12,1435.04443359375,3791.948486328125,665.4863891601562,971.8427734375,670.4352416992188,1089.5645751953125,1548.2847900390625,354.55078125,2270.03662109375,3212.189697265625,1501.7313232421875,10391.5263671875
2024-02-13,1447.6424560546875,3818.451171875,667.6168823242188,994.9656372070312,675.6915283203125,1088.736572265625,1552.3856201171875,354.4636535644531,2277.982421875,3233.55859375,1509.3160400390625,10473.8056640625
2024-02-14,1463.7235107421875,3772.9921875,662.6378173828125,997.7950439453125,704.0564575195312,1086.7886962890625,1535.475341796875,358.6466369628906,2272.22509765625,3221.3896484375,1487.981201171875,10700.3212890625
2024-02-15,1453.076904296875,3775.8447265625,677.0007934570312,991.8923950195312,721.387939453125,1091.512451171875,1544.828857421875,351.98004150390625,2236.92333984375,3212.919921875,1477.7049560546875,10760.7705078125
2024-02-16,1443.17138671875,3798.94189453125,679.8015747070312,998.3316650390625,714.7583618164062,1090.8306884765625,1568.14404296875,352.5900573730469,2260.140869140625,3297.080810546875,1477.7537841796875,11042.30078125
2024-02-19,1456.4365234375,3776.396484375,678.4609985351562,1018.33251953125,719.0675048828125,1112.4525146484375,1566.39306640625,356.6423034667969,2271.4638671875,3251.423095703125,1497.47412109375,11142.19140625
2024-02-20,1453.4969482421875,3709.082763671875,696.2711181640625,1023.210693359375,719.87255859375,1114.15673828125,1553.03076171875,353.897216796875,2287.5927734375,3267.875244140625,1505.8907470703125,11106.3876953125
2024-02-21,1450.2115478515625,3673.055908203125,689.017822265625,1026.3326416015625,730.6693115234375,1110.21240234375,1525.6610107421875,351.500732421875,2290.447265625,3209.123046875,1510.4906005859375,11125.2119140625
2024-02-22,1464.0941162109375,3761.029052734375,679.634033203125,1036.8209228515625,725.3656616210938,1105.975830078125,1549.4365234375,361.1738586425781,2272.367919921875,3274.68994140625,1524.8282470703125,11311.4580078125
2024-02-23,1475.82763671875,3728.82177734375,680.1365966796875,1035.455078125,718.8781127929688,1096.4310302734375,1545.28955078125,358.51593017578125,2278.077392578125,3298.249267578125,1527.9599609375,11192.8896484375
2024-02-26,1469.6026611328125,3681.84423828125,680.9505615234375,1028.5279541015625,718.736083984375,1081.1397705078125,1529.9000244140625,356.5987243652344,2287.7353515625,3378.27294921875,1523.7515869140625,11126.3271484375
2024-02-27,1467.94775390625,3776.948486328125,679.9212646484375,1034.3818359375,710.1649780273438,1098.1353759765625,1533.0792236328125,358.29803466796875,2288.734375,3413.61181640625,1549.0015869140625,11158.9775390625
2024-02-28,1438.280517578125,3790.338134765625,674.7744750976562,1020.72265625,703.2040405273438,1099.352783203125,1540.1290283203125,355.8144226074219,2304.197021484375,3378.321533203125,1540.291259765625,10821.4619140625
2024-02-29,1443.3939208984375,3768.390869140625,671.90185546875,1026.5765380859375,708.5076904296875,1094.093505859375,1542.5711669921875,354.07147216796875,2295.395263671875,3385.477294921875,1544.3038330078125,10952.984375
2024-03-01,1474.3455810546875,3767.700439453125,684.9961547851562,1060.431640625,728.443603515625,1099.3040771484375,1524.8775634765625,356.86016845703125,2292.92138671875,3537.2978515625,1526.0025634765625,11275.705078125
2024-03-04,1489.4384765625,3755.1396484375,685.9296875,1065.7489013671875,731.1900634765625,1103.9791259765625,1508.75048828125,356.5115966796875,2304.62548828125,3547.958251953125,1519.0050048828125,11249.7001953125
2024-03-05,1482.32421875,3692.012451171875,689.831787109375,1061.5537109375,742.4603881835938,1138.4571533203125,1480.459228515625,353.9407958984375,2283.548583984375,3516.951416015625,1540.6339111328125,11323.87890625
2024-03-06,1485.0909423828125,3740.0478515625,690.6695556640625,1070.3831787109375,742.4130249023438,1162.6112060546875,1490.6422119140625,355.4222412109375,2284.452392578125,3545.767578125,1569.7984619140625,11223.404296875
2024-03-07,1461.3028564453125,3780.81396484375,692.3452758789062,1061.4560546875,746.3433837890625,1168.454833984375,1489.6285400390625,360.38958740234375,2302.2939453125,3579.597412109375,1571.4622802734375,11168.0986328125
2024-03-11,1449.1246337890625,3793.466796875,683.5838623046875,1052.4312744140625,732.7528076171875,1165.4356689453125,1475.0220947265625,356.7730407714844,2274.033203125,3544.210205078125,1559.6201171875,11057.0009765625
2024-03-12,1457.844482421875,3857.790283203125,698.7846069335938,1050.626220703125,719.4937744140625,1172.886474609375,1486.4031982421875,352.4593505859375,2262.900146484375,3525.76171875,1550.5184326171875,11167.953125
2024-03-13,1415.10986328125,3817.990478515625,699.1915893554688,1057.553466796875,707.70263671875,1138.3109130859375,1484.974609375,368.14544677734375,2200.527099609375,3444.862060546875,1525.366455078125,11051.7607421875
2024-03-14,1414.4180908203125,3871.915771484375,696.8217163085938,1057.2120361328125,701.8307495117188,1163.48779296875,1523.5875244140625,365.7054138183594,2221.4609375,3512.66796875,1536.7188720703125,11065.7802734375
2024-03-15,1401.3260498046875,3882.63623046875,695.481201171875,1054.0411376953125,693.1650390625,1188.226318359375,1505.801513671875,365.2261047363281,2214.89501953125,3443.4990234375,1515.188232421875,11135.6904296875
2024-03-18,1422.32275390625,3821.2119140625,692.3212890625,1054.8704833984375,692.2653198242188,1193.3883056640625,1476.9111328125,363.7882385253906,2188.489990234375,3466.912109375,1537.7467041015625,11290.59765625
2024-03-19,1408.267333984375,3659.98876953125,693.9012451171875,1057.553466796875,685.4937133789062,1196.3587646484375,1438.943603515625,356.9037170410156,2157.089111328125,3408.987548828125,1515.4327392578125,11252.513671875
2024-03-20,1426.5469970703125,3654.099365234375,685.1398315429688,1058.090087890625,697.2847900390625,1199.718994140625,1432.9534912109375,362.26318359375,2133.30078125,3416.77587890625,1516.313720703125,11586.390625
2024-03-21,1433.6856689453125,3655.98583984375,692.1776733398438,1055.4559326171875,704.9087524414062,1189.0054931640625,1432.7232666015625,367.0997314453125,2133.681396484375,3465.743896484375,1531.8255615234375,11554.37109375
2024-03-22,1437.6875,3598.885986328125,690.7892456054688,1063.7489013671875,707.1817626953125,1203.906982421875,1390.4703369140625,373.5049133300781,2147.193359375,3522.013671875,1574.593994140625,11971.16015625
2024-03-26,1424.3978271484375,3568.15087890625,682.434814453125,1057.3095703125,700.8836669921875,1181.5059814453125,1375.54150390625,372.6770324707031,2131.445068359375,3572.928955078125,1564.0242919921875,11886.5986328125
2024-03-27,1475.061767578125,3534.470703125,689.7599487304688,1057.3583984375,694.4909057617188,1192.9013671875,1367.431884765625,372.9820251464844,2131.159912109375,3608.267822265625,1569.9451904296875,12138.6796875
2024-03-28,1468.1451416015625,3567.046630859375,693.2069702148438,1066.67578125,712.53271484375,1196.6021728515625,1380.5177001953125,373.2870788574219,2154.615234375,3664.245361328125,1585.99560546875,12226.005859375
2024-04-01,1467.0831298828125,3604.26953125,704.0272216796875,1072.8712158203125,718.1677856445312,1185.645263671875,1378.12158203125,371.8491516113281,2175.12060546875,3736.383544921875,1594.510009765625,12196.169921875
2024-04-02,1469.2320556640625,3573.9482421875,708.6472778320312,1054.8704833984375,725.8391723632812,1176.7823486328125,1366.51025390625,371.10845947265625,2175.882080078125,3706.59375,1587.659423828125,12179.529296875
2024-04-03,1454.0650634765625,3632.38232421875,709.6766967773438,1050.9676513671875,730.2430419921875,1193.77783203125,1364.4830322265625,370.5419616699219,2155.424072265625,3682.304443359375,1585.3104248046875,12058.630859375
2024-04-04,1445.4935302734375,3683.914794921875,731.3648071289062,1052.57763671875,719.1149291992188,1175.418701171875,1370.0582275390625,368.4069519042969,2155.18603515625,3697.296630859375,1584.8211669921875,12193.8896484375
2024-04-05,1442.7020263671875,3661.78369140625,741.8737182617188,1057.0169677734375,724.2764892578125,1159.9815673828125,1363.0545654296875,372.5899353027344,2157.089111328125,3643.996337890625,1574.69189453125,12052.56640625
2024-04-08,1468.268798828125,3655.617919921875,740.4613647460938,1060.675537109375,727.6385498046875,1173.3245849609375,1360.8426513671875,373.9406433105469,2158.9921875,3707.031982421875,1565.590087890625,12482.890625
2024-04-09,1446.209716796875,3631.692138671875,741.3949584960938,1080.0909423828125,723.7555541992188,1173.0811767578125,1377.56884765625,371.54412841796875,2154.424560546875,3685.0302734375,1568.3795166015625,12505.111328125
2024-04-10,1461.945068359375,3666.75244140625,735.5540161132812,1082.3837890625,737.8196411132812,1197.3814697265625,1388.5814208984375,380.7815246582031,2151.332275390625,3653.82861328125,1569.847412109375,12305.9580078125
2024-04-12,1449.6680908203125,3682.166259765625,727.223388671875,1077.5054931640625,725.7444458007812,1193.6318359375,1368.2613525390625,374.81207275390625,2124.118408203125,3581.8369140625,1507.1630859375,11902.123046875
2024-04-15,1447.3707275390625,3626.76904296875,715.6133422851562,1052.0897216796875,717.4102172851562,1192.6578369140625,1352.9637451171875,371.1520080566406,2087.721923828125,3505.4638671875,1507.2120361328125,12053.779296875
2024-04-16,1448.2847900390625,3563.826171875,722.5794067382812,1041.0650634765625,711.9171752929688,1184.7686767578125,1303.476806640625,371.1520080566406,2113.17578125,3449.632080078125,1504.765380859375,12131.2578125
2024-04-18,1446.876708984375,3553.8876953125,715.6133422851562,1029.74755859375,705.3822631835938,1232.7847900390625,1307.900146484375,365.00823974609375,2107.466552734375,3456.93359375,1484.0662841796875,12036.4599609375
2024-04-19,1452.6075439453125,3520.943603515625,733.1361694335938,1041.26025390625,710.7332763671875,1255.42919921875,1300.52783203125,370.14984130859375,2123.452392578125,3425.19677734375,1490.3297119140625,12333.3203125
2024-04-22,1462.2166748046875,3556.2802734375,723.9917602539062,1060.187744140625,725.5549926757812,1263.756591796875,1320.3409423828125,370.6291198730469,2132.872314453125,3517.048828125,1507.260986328125,12405.6552734375
2024-04-23,1441.936279296875,3565.574462890625,721.7894287109375,1063.7000732421875,732.0899047851562,1307.3897705078125,1329.23388671875,374.02783203125,2153.093017578125,3514.56591796875,1452.9932861328125,12610.14453125
2024-04-24,1432.895263671875,3525.40673828125,723.7523803710938,1070.041748046875,732.1845703125,1301.5947265625,1318.4979248046875,373.766357421875,2150.7138671875,3538.6123046875,1454.06982421875,12559.4951171875
2024-04-25,1442.5784912109375,3544.869384765625,723.2975463867188,1086.627685546875,769.6888427734375,1303.8348388671875,1325.59375,381.304443359375,2122.73876953125,3555.600341796875,1487.736328125,12538.5859375
2024-04-26,1435.2420654296875,3516.480224609375,722.8427734375,1080.9202880859375,758.89208984375,1291.465576171875,1318.037109375,383.4394836425781,2114.93603515625,3509.747314453125,1474.4263916015625,12325.947265625
2024-04-29,1447.5684814453125,3561.432861328125,732.2744140625,1131.8978271484375,782.7584838867188,1297.74755859375,1322.18408203125,381.8708801269531,2118.21923828125,3538.076904296875,1489.1553955078125,12312.84765625
2024-04-30,1449.5198974609375,3515.836669921875,727.7739868164062,1122.3853759765625,782.5216674804688,1287.862060546875,1309.09814453125,379.6486511230469,2122.35791015625,3499.135986328125,1470.0712890625,12436.705078125
2024-05-02,1449.0753173828125,3555.084228515625,733.591064453125,1111.701904296875,786.1205444335938,1270.0872802734375,1303.476806640625,382.5680236816406,2118.4091796875,3504.1982421875,1486.61083984375,12424.916015625
2024-05-03,1416.9130859375,3536.771240234375,727.5345458984375,1114.2386474609375,787.446533203125,1244.13134765625,1305.1817626953125,380.3457946777344,2109.607421875,3407.137939453125,1478.9283447265625,12121.021484375
2024-05-06,1402.610595703125,3608.22705078125,728.994873046875,1118.3851318359375,765.048095703125,1249.97509765625,1314.0284423828125,378.8643493652344,2146.860107421875,3371.6044921875,1496.54443359375,12069.740234375
2024-05-07,1384.7755126953125,3661.50732421875,721.0952758789062,1104.3358154296875,759.4603881835938,1252.653564453125,1327.8975830078125,383.7444763183594,2264.089599609375,3336.99560546875,1483.03857421875,11996.7255859375
2024-05-08,1401.647216796875,3659.666748046875,709.84423828125,1095.652587890625,767.8893432617188,1255.0396728515625,1315.318603515625,384.3109130859375,2227.598388671875,3394.531005859375,1489.30224609375,12170.8935546875
2024-05-09,1377.5130615234375,3644.2529296875,693.0155029296875,1088.5302734375,776.4129638671875,1242.2320556640625,1326.607666015625,370.454833984375,2212.9443359375,3188.727783203125,1462.7799072265625,12133.1494140625
2024-05-10,1390.65478515625,3583.24267578125,697.820068359375,1089.847412109375,774.0927124023438,1267.2628173828125,1313.10693359375,377.6443176269531,2248.05615234375,3184.833740234375,1474.4263916015625,12298.923828125
2024-05-13,1385.9859619140625,3632.842529296875,706.2400512695312,1100.53076171875,765.9951782226562,1252.458740234375,1311.7706298828125,376.3371276855469,2246.248046875,3206.640625,1492.5318603515625,12297.322265625
2024-05-14,1403.1539306640625,3589.96044921875,709.0062866210938,1093.26220703125,774.897705078125,1250.8516845703125,1312.922607421875,374.4635009765625,2235.73388671875,3289.974365234375,1512.30126953125,12433.50390625
2024-05-15,1399.3992919921875,3570.819580078125,698.1111450195312,1096.9696044921875,776.8865356445312,1275.784912109375,1308.5452880859375,372.8077697753906,2210.70849609375,3320.98095703125,1494.831787109375,12387.9970703125
2024-05-16,1408.3660888671875,3615.821044921875,708.6665649414062,1103.506591796875,768.9784545898438,1310.068115234375,1339.32470703125,375.9885559082031,2229.596435546875,3368.975830078125,1503.5419921875,12126.3583984375
2024-05-17,1418.5927734375,3553.857421875,710.5349731445312,1102.9698486328125,774.5662231445312,1309.43505859375,1330.9849853515625,380.2151184082031,2207.901123046875,3359.386474609375,1498.746337890625,12265.93359375
2024-05-21,1419.0126953125,3540.972900390625,707.9629516601562,1093.65234375,786.6888427734375,1309.2891845703125,1321.6312255859375,378.90789794921875,2198.71875,3349.845947265625,1508.0927734375,12102.7314453125
2024-05-22,1443.24560546875,3551.91064453125,708.1570434570312,1084.0423583984375,788.422119140625,1312.7952880859375,1340.6611328125,383.35235595703125,2252.1953125,3369.21923828125,1506.47802734375,12159.0556640625
2024-05-23,1468.343017578125,3608.869384765625,724.3661499023438,1106.8724365234375,801.277587890625,1338.26416015625,1356.8802490234375,384.615966796875,2267.039306640625,3490.471435546875,1463.220458984375,12550.6181640625
2024-05-24,1462.6119384765625,3568.1318359375,736.3046875,1104.384521484375,797.9072265625,1352.337890625,1350.15283203125,380.1279602050781,2254.2412109375,3529.899169921875,1454.9993896484375,12614.220703125
2024-05-27,1448.77880859375,3565.860595703125,741.400390625,1102.2869873046875,802.818359375,1348.2958984375,1355.91259765625,376.0321044921875,2268.942626953125,3555.30810546875,1434.7899169921875,12522.671875
2024-05-28,1438.8485107421875,3559.233154296875,742.75927734375,1099.5062255859375,800.3628540039062,1335.34228515625,1351.949951171875,373.8535461425781,2279.83740234375,3561.34375,1433.6644287109375,12437.771484375
2024-05-29,1423.607421875,3525.633056640625,731.9855346679688,1075.1639404296875,792.1776733398438,1341.2347412109375,1337.113037109375,375.5528564453125,2258.38037109375,3538.563720703125,1447.414794921875,12408.7119140625
2024-05-30,1407.8720703125,3463.020751953125,735.1642456054688,1086.5789794921875,795.2590942382812,1341.283447265625,1315.4566650390625,369.365478515625,2237.446533203125,3538.466064453125,1427.988037109375,12223.7265625
2024-05-31,1413.3560791015625,3402.632080078125,743.2688598632812,1093.75,799.5924072265625,1336.998046875,1322.459716796875,371.6312561035156,2216.179931640625,3572.150390625,1428.673095703125,12030.9296875
2024-06-03,1492.32861328125,3432.20068359375,762.9964599609375,1131.75146484375,872.1032104492188,1354.8701171875,1321.5198974609375,375.02996826171875,2241.728515625,3793.967529296875,1422.0670166015625,12105.4970703125
2024-06-04,1380.625732421875,3443.46240234375,719.7800903320312,1045.3577880859375,746.4852905273438,1265.8504638671875,1310.0050048828125,368.496826171875,2375.32470703125,3313.095458984375,1399.36181640625,11814.3125
2024-06-05,1403.821044921875,3472.614013671875,753.0962524414062,1081.6519775390625,760.4962768554688,1309.337646484375,1344.267333984375,381.8983459472656,2476.615478515625,3318.741943359375,1455.5869140625,12131.1611328125
2024-06-06,1414.541748046875,3550.427490234375,756.93017578125,1083.359375,786.6887817382812,1334.9041748046875,1383.8875732421875,386.4246520996094,2426.041259765625,3390.3447265625,1441.298095703125,12296.984375
2024-06-07,1452.4346923828125,3609.33251953125,763.5545654296875,1094.384033203125,799.207275390625,1388.130615234375,1441.555419921875,389.75286865234375,2452.874755859375,3438.97216796875,1474.7198486328125,12430.3017578125
2024-06-10,1453.867431640625,3576.658935546875,757.7066650390625,1096.4329833984375,800.9887084960938,1388.909912109375,1409.7369384765625,387.7559509277344,2441.0283203125,3449.92431640625,1480.8365478515625,12339.724609375
2024-06-11,1439.3179931640625,3570.541748046875,759.4052734375,1090.9693603515625,804.5997924804688,1390.07861328125,1405.97705078125,384.29461669921875,2432.46435546875,3503.419189453125,1467.7713623046875,12481.4853515625
2024-06-12,1445.888671875,3551.5859375,763.94287109375,1092.2864990234375,808.0182495117188,1400.938232421875,1396.0601806640625,383.67333984375,2406.154296875,3534.182861328125,1474.7198486328125,12467.609375
2024-06-13,1447.7906494140625,3594.6875,767.1458129882812,1080.383544921875,812.6405639648438,1388.6177978515625,1404.2850341796875,381.8983459472656,2366.855712890625,3605.59033203125,1478.585693359375,12465.18359375
2024-06-14,1459.944091796875,3551.957275390625,774.9835205078125,1078.72509765625,808.1146240234375,1390.2247314453125,1399.5382080078125,382.6527099609375,2382.56494140625,3590.16064453125,1483.6748046875,12463.58203125
2024-06-18,1463.3778076171875,3536.245849609375,780.2733764648438,1095.506103515625,813.603515625,1391.1500244140625,1408.2799072265625,380.522705078125,2388.810302734375,3591.5234375,1488.519287109375,12187.77734375
2024-06-19,1441.2694091796875,3523.825439453125,804.5628051757812,1116.580078125,821.0181884765625,1356.087646484375,1420.640869140625,375.9963684082031,2360.706787109375,3494.901123046875,1471.9307861328125,11878.3994140625
2024-06-20,1456.139892578125,3510.431396484375,810.143798828125,1128.62939453125,812.4960327148438,1345.1793212890625,1424.44775390625,375.6857604980469,2384.918701171875,3526.7890625,1439.634521484375,11788.5517578125
2024-06-21,1436.8724365234375,3532.2138671875,808.396728515625,1130.434326171875,805.322021484375,1379.17041015625,1440.7093505859375,372.4018859863281,2345.621826171875,3468.45849609375,1435.9642333984375,11839.005859375
2024-06-24,1424.2989501953125,3537.82177734375,811.6240844726562,1141.60546875,801.8554077148438,1382.82275390625,1435.4925537109375,375.6857604980469,2346.486572265625,3465.12255859375,1462.6331787109375,11821.4443359375
2024-06-25,1436.8228759765625,3557.88916015625,830.5266723632812,1168.7772216796875,811.0516357421875,1378.098876953125,1449.4041748046875,375.6857604980469,2336.87841796875,3520.2646484375,1473.10498046875,11756.62890625
2024-06-26,1495.9844970703125,3574.017578125,825.7463989257812,1188.339111328125,814.0367431640625,1421.48876953125,1448.229248046875,376.2626037597656,2349.753662109375,3535.12939453125,1488.7149658203125,11835.8525390625
2024-06-27,1512.3126220703125,3646.59423828125,823.1500244140625,1190.1927490234375,812.73681640625,1437.3642578125,1478.9195556640625,377.72698974609375,2365.654541015625,3497.304931640625,1483.91943359375,11816.931640625
2024-06-28,1546.7474365234375,3618.787109375,817.156494140625,1170.3870849609375,817.5034790039062,1406.441162109375,1472.7156982421875,377.1057434082031,2376.127685546875,3481.6552734375,1488.42138671875,11676.3359375
2024-07-01,1541.5599365234375,3687.42431640625,827.5420532226562,1182.3388671875,810.7627563476562,1416.1319580078125,1495.3223876953125,380.7889404296875,2406.921630859375,3460.16748046875,1487.6873779296875,11748.9150390625
2024-07-02,1546.525146484375,3723.759521484375,839.8687744140625,1161.6063232421875,795.5480346679688,1381.994873046875,1523.7568359375,377.63824462890625,2387.75341796875,3558.236083984375,1491.5531005859375,11684.826171875
2024-07-03,1533.927001953125,3675.421142578125,858.3346557617188,1172.33837890625,808.8368530273438,1382.871337890625,1529.7255859375,380.1232604980469,2411.965576171875,3546.31494140625,1501.2420654296875,11763.4697265625
2024-07-04,1535.5079345703125,3727.049560546875,838.1945190429688,1202.9737548828125,808.2108764648438,1385.988037109375,1551.580322265625,380.7889404296875,2398.1298828125,3506.037353515625,1524.681396484375,11730.4306640625
2024-07-05,1569.695556640625,3718.56884765625,799.8311157226562,1203.3641357421875,827.9033813476562,1392.4647216796875,1548.5721435546875,384.87152099609375,2447.179443359375,3558.873779296875,1534.95751953125,11744.451171875
2024-07-08,1581.824462890625,3701.328125,793.6434326171875,1204.973876953125,824.5330200195312,1397.77294921875,1561.919921875,393.7022705078125,2485.755859375,3563.632568359375,1523.2135009765625,11666.3916015625
2024-07-09,1571.3260498046875,3694.191162109375,794.2015991210938,1217.8524169921875,829.3959350585938,1398.16259765625,1557.6900634765625,401.6899108886719,2488.63818359375,3597.0908203125,1551.5950927734375,12446.6025390625
2024-07-10,1565.3480224609375,3623.42138671875,789.1544799804688,1212.92529296875,817.5515747070312,1407.4151611328125,1549.32421875,400.6693115234375,2508.142578125,3581.3427734375,1564.464599609375,12393.333984375
2024-07-11,1561.815673828125,3636.90771484375,787.1161499023438,1208.291015625,824.9664306640625,1400.5,1553.507080078125,407.0594177246094,2506.60546875,3552.93798828125,1548.02294921875,12337.4443359375
2024-07-12,1577.6990966796875,3878.13623046875,787.50439453125,1202.876220703125,827.855224609375,1395.92236328125,1609.0130615234375,407.4143981933594,2519.480224609375,3580.656005859375,1548.5628662109375,12189.28125
2024-07-15,1578.193115234375,3864.463623046875,787.213134765625,1199.9979248046875,848.7033081054688,1400.1590576171875,1604.59521484375,411.2751159667969,2517.606689453125,3582.863525390625,1557.3006591796875,12268.3115234375
2024-07-16,1557.4681396484375,3873.0380859375,786.07275390625,1209.705810546875,848.0773315429688,1428.306396484375,1622.454833984375,413.1832580566406,2583.08544921875,3568.0966796875,1550.5264892578125,12264.0419921875
2024-07-18,1567.76904296875,4000.116455078125,783.6704711914062,1219.8525390625,860.451416015625,1445.009765625,1652.5343017578125,417.3545837402344,2631.077880859375,3587.376953125,1565.2039794921875,12268.408203125
2024-07-19,1536.61962890625,3997.189697265625,780.0307006835938,1218.24267578125,856.4069213867188,1423.6800537109375,1685.3394775390625,421.1709289550781,2620.124755859375,3550.38671875,1540.070556640625,12152.2158203125
2024-07-22,1482.7935791015625,3983.208984375,797.1377563476562,1210.9254150390625,844.3218383789062,1427.2352294921875,1702.1651611328125,414.07080078125,2628.099609375,3582.71630859375,1558.4296875,12265.69140625
2024-07-23,1470.1708984375,3997.143798828125,785.4175415039062,1196.8759765625,831.8997192382812,1427.527099609375,1726.6517333984375,436.8355712890625,2657.9326171875,3471.450927734375,1572.420166015625,12253.853515625
2024-07-24,1477.8779296875,4000.767333984375,778.4534301757812,1193.21728515625,820.4404907226562,1417.30078125,1723.878662109375,438.4775085449219,2610.564697265625,3453.201171875,1589.9449462890625,12116.267578125
2024-07-25,1474.6171875,4015.8642578125,784.5440673828125,1168.728515625,817.070068359375,1411.408203125,1715.324951171875,434.83868408203125,2601.10107421875,3551.0244140625,1635.450439453125,12137.5654296875
2024-07-26,1491.044189453125,4076.578857421875,785.2962646484375,1177.802001953125,830.50341796875,1474.9588623046875,1766.1309814453125,445.7107849121094,2604.800048828125,3610.630859375,1683.017822265625,12287.474609375
2024-07-29,1501.987060546875,4070.30810546875,778.9387817382812,1183.1680908203125,839.3143920898438,1442.7696533203125,1758.799072265625,440.2525634765625,2605.328369140625,3703.8916015625,1691.853759765625,12372.7138671875
2024-07-30,1495.1199951171875,4055.674560546875,784.034423828125,1179.997314453125,840.469970703125,1432.0560302734375,1764.486083984375,434.7943115234375,2585.919921875,3713.408935546875,1670.5982666015625,12491.1875
2024-07-31,1487.487060546875,4074.25634765625,784.1315307617188,1185.3145751953125,840.0848388671875,1452.7042236328125,1756.1199951171875,439.6312561035156,2599.611328125,3743.187744140625,1688.02490234375,12726.142578125
2024-08-01,1497.244384765625,4085.172607421875,795.3178100585938,1180.63134765625,830.696044921875,1466.2906494140625,1741.409423828125,438.1668701171875,2609.12353515625,3708.159912109375,1683.9503173828125,12962.166015625
2024-08-02,1481.4595947265625,3979.212890625,805.1937255859375,1167.411376953125,816.4441528320312,1454.8955078125,1711.89404296875,434.08428955078125,2587.025146484375,3596.6982421875,1700.100830078125,12464.9462890625
2024-08-05,1430.079345703125,3860.29296875,784.1315307617188,1144.0445556640625,781.5850830078125,1427.527099609375,1646.7532958984375,431.3329772949219,2609.459716796875,3461.590087890625,1689.006591796875,11950.1923828125
2024-08-06,1438.700439453125,3875.29833984375,777.0703125,1138.4346923828125,768.15185546875,1405.9542236328125,1646.0013427734375,431.5992736816406,2642.271484375,3508.8828125,1676.43994140625,11881.875
2024-08-07,1447.3707275390625,3902.47314453125,787.892578125,1143.898193359375,778.6962890625,1412.0263671875,1684.11767578125,437.2349548339844,2636.506591796875,3569.764892578125,1702.849609375,12117.337890625
2024-08-08,1431.8577880859375,3876.5517578125,797.2105102539062,1136.239501953125,778.1184692382812,1421.8692626953125,1638.5284423828125,439.0987854003906,2626.081787109375,3486.6591796875,1705.402587890625,11967.8232421875
2024-08-09,1456.7330322265625,3928.76513671875,800.8502197265625,1143.0689697265625,793.7665405273438,1433.91552734375,1664.471923828125,440.11944580078125,2639.533203125,3524.4345703125,1703.6842041015625,11973.0634765625
2024-08-12,1443.220703125,3898.012939453125,805.65478515625,1154.09033203125,782.4998779296875,1428.5289306640625,1689.5225830078125,438.96563720703125,2640.974365234375,3504.712890625,1702.260498046875,12021.10546875
2024-08-13,1446.18505859375,3899.220947265625,778.0408935546875,1149.7113037109375,768.0073852539062,1429.606201171875,1689.5693359375,434.8830261230469,2633.96044921875,3484.942138671875,1708.396728515625,11926.0986328125
2024-08-14,1444.4312744140625,3990.54736328125,780.2733764648438,1143.1181640625,773.2555541992188,1441.3587646484375,1713.821044921875,436.8355712890625,2615.368896484375,3478.46630859375,1709.9185791015625,11954.89453125
2024-08-16,1460.58642578125,4102.77783203125,792.0662841796875,1168.3096923828125,782.0184326171875,1452.964599609375,1747.378173828125,446.1101379394531,2640.5419921875,3501.180908203125,1710.99853515625,11962.38671875
2024-08-19,1475.65625,4171.4814453125,791.7993774414062,1157.140869140625,783.5592041015625,1439.3511962890625,1752.8773193359375,445.0451354980469,2635.0654296875,3488.131103515625,1715.9564208984375,11900.19140625
2024-08-20,1483.1416015625,4202.41943359375,794.783935546875,1160.6341552734375,789.9146728515625,1419.2738037109375,1759.8330078125,442.6932067871094,2643.232421875,3505.44873046875,1734.16845703125,11964.00390625
2024-08-21,1485.8433837890625,4228.61962890625,789.0089111328125,1156.1075439453125,785.3406372070312,1433.2789306640625,1760.302978515625,448.55084228515625,2681.80859375,3528.359130859375,1732.4996337890625,11969.8798828125
2024-08-22,1485.2979736328125,4182.63037109375,791.6780395507812,1172.098388671875,789.9146728515625,1455.706787109375,1767.39990234375,447.79644775390625,2683.34619140625,3538.612548828125,1718.754638671875,12024.1416015625
2024-08-23,1487.1322021484375,4147.23388671875,788.6448364257812,1184.300537109375,785.1480102539062,1475.686279296875,1750.33935546875,448.90582275390625,2705.252685546875,3530.812255859375,1743.397216796875,12049.55859375
2024-08-26,1499.6490478515625,4183.048828125,795.8758544921875,1193.9442138671875,784.859130859375,1482.34619140625,1763.546142578125,448.8170166015625,2710.5849609375,3573.345947265625,1740.1573486328125,11992.2607421875
2024-08-27,1487.6031494140625,4178.12451171875,794.8082885742188,1206.7860107421875,785.677734375,1491.3564453125,1786.05859375,444.29071044921875,2658.4609375,3633.001708984375,1756.7987060546875,12240.1611328125
2024-08-28,1485.4715576171875,4186.39306640625,794.4927368164062,1204.325927734375,779.41845703125,1524.263671875,1822.7177734375,441.3619079589844,2656.010986328125,3619.608642578125,1778.8394775390625,12103.625
2024-08-29,1507.90283203125,4191.7353515625,795.1964721679688,1202.4071044921875,784.3295288085938,1533.616943359375,1817.3128662109375,448.2845764160156,2676.091796875,3614.114013671875,1766.4200439453125,12197.9462890625
2024-08-30,1496.6995849609375,4230.70947265625,794.395751953125,1209.5904541015625,785.3887939453125,1556.28955078125,1827.0416259765625,445.44451904296875,2669.1259765625,3634.914794921875,1788.4610595703125,12148.1904296875
2024-09-02,1503.267822265625,4200.32958984375,789.56689453125,1210.3284912109375,791.6961669921875,1538.954345703125,1846.5933837890625,452.6777648925781,2679.7431640625,3613.770751953125,1782.8648681640625,12172.0888671875
2024-09-03,1496.203857421875,4192.2470703125,794.6141357421875,1227.79541015625,794.2479858398438,1528.4261474609375,1824.7386474609375,452.1009216308594,2684.787353515625,3620.687744140625,1778.495849609375,12142.4111328125
2024-09-04,1501.5823974609375,4161.4951171875,796.773681640625,1216.62646484375,786.2554321289062,1529.6993408203125,1807.0670166015625,449.3939514160156,2729.89697265625,3582.07861328125,1799.4569091796875,12082.810546875
2024-09-05,1480.192138671875,4158.42919921875,798.5450439453125,1216.23291015625,788.422119140625,1515.3023681640625,1817.1248779296875,453.6983947753906,2727.20703125,3555.93017578125,1793.2225341796875,12045.9345703125
2024-09-06,1452.2830810546875,4140.5908203125,794.4199829101562,1188.8763427734375,753.514892578125,1507.516357421875,1787.7034912109375,445.2669982910156,2727.687255859375,3507.460205078125,1791.3082275390625,11935.7958984375
2024-09-09,1449.9283447265625,4133.90087890625,799.0546264648438,1215.2979736328125,755.2000732421875,1510.84619140625,1780.9356689453125,454.1865539550781,2807.290283203125,3510.943359375,1788.6573486328125,11896.224609375
2024-09-10,1449.0113525390625,4188.06591796875,800.9229736328125,1217.5614013671875,753.6593017578125,1545.3204345703125,1797.5263671875,455.82843017578125,2784.99951171875,3528.457275390625,1802.8931884765625,12011.4580078125
2024-09-11,1439.0721435546875,4161.58740234375,797.7929077148438,1216.62646484375,740.1296997070312,1545.271484375,1795.50537109375,456.49407958984375,2790.33203125,3470.371826171875,1812.0728759765625,11991.0849609375
2024-09-12,1467.1298828125,4197.21728515625,808.8092651367188,1232.174560546875,758.5704345703125,1612.7999267578125,1833.38671875,461.0647888183594,2840.5341796875,3553.82080078125,1831.413818359375,12146.083984375
2024-09-13,1460.016357421875,4201.76904296875,808.4937744140625,1230.403076171875,761.5555419921875,1600.7535400390625,1827.417724609375,456.05029296875,2818.003173828125,3544.990234375,1819.976318359375,12063.0263671875
2024-09-16,1458.752197265625,4193.0830078125,810.9202880859375,1242.7037353515625,756.451904296875,1601.73291015625,1833.1986083984375,453.60968017578125,2754.734375,3593.31298828125,1829.008544921875,12036.5322265625
2024-09-17,1459.6942138671875,4186.0224609375,809.876953125,1247.8699951171875,753.9000854492188,1627.49072265625,1835.360595703125,450.636474609375,2760.883544921875,3625.642822265625,1832.10107421875,11994.1708984375
2024-09-18,1450.919921875,4037.836181640625,822.494873046875,1267.796875,763.3851928710938,1620.781982421875,1778.585693359375,450.2814636230469,2763.14111328125,3660.229248046875,1802.549560546875,11953.3759765625
2024-09-19,1457.0916748046875,3991.383544921875,829.1435546875,1271.388671875,760.6889038085938,1630.5267333984375,1780.5125732421875,451.0802307128906,2797.63427734375,3614.359130859375,1812.4163818359375,12097.748046875
2024-09-20,1473.2025146484375,3980.93115234375,845.0130004882812,1317.09765625,752.7445068359375,1676.4599609375,1791.3695068359375,456.5384521484375,2860.903564453125,3722.48486328125,1831.757568359375,12355.3447265625
2024-09-23,1480.5887451171875,3965.695068359375,854.0397338867188,1300.8116455078125,772.1480712890625,1714.362060546875,1782.6275634765625,458.8016052246094,2909.856689453125,3716.401611328125,1828.7630615234375,12422.53515625
2024-09-24,1476.6229248046875,3968.296630859375,858.0435180664062,1297.5643310546875,768.6814575195312,1720.4342041015625,1784.6484375,457.2928771972656,2834.91357421875,3720.228271484375,1834.064697265625,12476.8955078125
2024-09-25,1481.15869140625,3971.501708984375,863.406005859375,1302.7305908203125,763.7222290039062,1724.1070556640625,1781.5467529296875,459.33416748046875,2833.37646484375,3722.43603515625,1836.4700927734375,12522.6357421875
2024-09-26,1485.12451171875,3987.992431640625,865.5171508789062,1307.84765625,772.1480712890625,1734.5863037109375,1786.1993408203125,463.9492492675781,2869.070556640625,3691.33251953125,1863.8126220703125,13108.8408203125
2024-09-27,1513.10791015625,4003.043212890625,850.5697631835938,1285.7557373046875,772.91845703125,1698.8388671875,1792.3094482421875,463.90484619140625,2849.998291015625,3635.89599609375,1913.1961669921875,13218.3427734375
2024-09-30,1463.9324951171875,3965.695068359375,840.572509765625,1252.69189453125,758.71484375,1674.3052978515625,1763.029052734375,459.86663818359375,2842.35986328125,3606.36279296875,1891.596923828125,12966.03515625
2024-10-01,1452.2830810546875,3983.71923828125,837.7334594726562,1254.069580078125,767.4296264648438,1663.678955078125,1790.053466796875,458.135986328125,2809.163818359375,3584.727783203125,1884.969970703125,12895.5146484375
2024-10-03,1394.928466796875,3932.481201171875,816.282958984375,1236.307373046875,764.6851806640625,1638.949462890625,1779.7607421875,455.0740966796875,2779.95556640625,3431.8115234375,1876.035888671875,12387.51953125
2024-10-04,1374.653564453125,3950.597900390625,804.4658203125,1219.97216796875,767.1407470703125,1607.0706787109375,1803.025146484375,446.9089050292969,2737.103515625,3428.180908203125,1875.25048828125,12346.7744140625
2024-10-07,1358.9888916015625,3969.736328125,785.1264038085938,1214.215576171875,742.1038208007812,1627.7845458984375,1818.2059326171875,452.8109130859375,2722.35498046875,3403.063232421875,1870.537841796875,12270.1318359375
2024-10-08,1385.3858642578125,3951.5263671875,801.2627563476562,1216.8724365234375,752.5037841796875,1623.2794189453125,1831.6007080078125,450.8139953613281,2708.3271484375,3465.9072265625,1882.2210693359375,12274.4912109375
2024-10-09,1362.8306884765625,3951.24853515625,792.5758056640625,1224.302001953125,767.8629760742188,1643.503662109375,1835.5484619140625,436.3918151855469,2660.4306640625,3421.460205078125,1895.671630859375,12498.5419921875
2024-10-10,1359.31103515625,3927.51123046875,806.7709350585938,1223.6624755859375,767.5740356445312,1643.503662109375,1803.8240966796875,436.7024841308594,2646.7392578125,3395.2138671875,1853.3568115234375,12678.1728515625
2024-10-11,1360.35205078125,3854.858154296875,801.238525390625,1203.489501953125,770.1259155273438,1652.612060546875,1818.9578857421875,433.2855529785156,2674.122314453125,3416.995849609375,1867.2978515625,12514.1640625
2024-10-14,1360.7734375,3843.198486328125,819.2432861328125,1212.099853515625,775.3258666992188,1660.6429443359375,1841.3294677734375,441.0513000488281,2679.791259765625,3488.131103515625,1874.9559326171875,12280.26953125
2024-10-15,1332.5174560546875,3824.756591796875,817.3020629882812,1235.470947265625,774.8444213867188,1681.8465576171875,1841.7054443359375,442.4713439941406,2672.44091796875,3485.0400390625,1863.8616943359375,12191.041015625
2024-10-16,1342.4813232421875,3804.456787109375,824.9214477539062,1223.3179931640625,775.61474609375,1698.2021484375,1804.858154296875,437.72308349609375,2672.24853515625,3466.103759765625,1863.9107666015625,12129.482421875
2024-10-17,1344.811279296875,3817.510009765625,811.988037109375,1211.60791015625,781.0072631835938,1666.0784912109375,1849.9771728515625,433.9067687988281,2631.318115234375,3503.093994140625,1855.1239013671875,11894.265625
2024-10-18,1347.66162109375,3839.907958984375,816.2101440429688,1244.327392578125,790.010986328125,1672.640380859375,1766.7889404296875,431.9542236328125,2610.613037109375,3510.45263671875,1875.544921875,11856.41015625
2024-10-21,1357.476806640625,3799.67529296875,838.9466552734375,1238.9644775390625,783.7999267578125,1657.6558837890625,1741.5504150390625,429.2473449707031,2587.98583984375,3518.10595703125,1862.438232421875,11925.755859375
2024-10-22,1331.8482666015625,3739.744384765625,832.0797119140625,1247.279541015625,761.1222534179688,1657.3619384765625,1740.4693603515625,427.60540771484375,2576.600341796875,3445.793212890625,1853.160400390625,11678.3447265625
2024-10-23,1327.0645751953125,3787.0087890625,842.3923950195312,1231.6331787109375,756.8851928710938,1651.044921875,1760.9610595703125,426.31854248046875,2555.078125,3390.356689453125,1805.8385009765625,11710.5693359375
2024-10-24,1328.3287353515625,3769.9189453125,849.1138305664062,1232.764892578125,765.1185302734375,1643.846435546875,1751.51416015625,418.6415100097656,2406.921630859375,3377.8466796875,1815.2144775390625,11522.0244140625
2024-10-25,1316.4808349609375,3778.906494140625,846.0806884765625,1235.4217529296875,752.0222778320312,1631.653076171875,1750.292236328125,428.0491638183594,2428.9716796875,3263.784912109375,1826.5050048828125,11266.5322265625
2024-10-28,1322.9251708984375,3809.91943359375,841.6158447265625,1272.2252197265625,762.7111206054688,1629.0577392578125,1753.394287109375,429.6910705566406,2474.850830078125,3277.9140625,1868.2308349609375,11247.3359375
2024-10-29,1328.52685546875,3795.390625,850.1814575195312,1310.6029052734375,801.8554077148438,1603.348876953125,1748.59326171875,433.06365966796875,2447.8037109375,3317.259033203125,1837.5008544921875,10819.0693359375
2024-10-30,1332.3935546875,3804.1455078125,841.8099975585938,1291.21728515625,791.9850463867188,1599.67626953125,1713.2276611328125,436.2586975097656,2454.817626953125,3344.192626953125,1818.356201171875,11025.1953125
2024-10-31,1320.64501953125,3695.9248046875,842.3438720703125,1271.6346435546875,789.8184204101562,1579.35400390625,1670.589599609375,433.8180236816406,2429.1640625,3554.115234375,1815.2144775390625,10848.8935546875
2024-11-01,1327.1884765625,3710.593505859375,843.120361328125,1271.19189453125,790.7813720703125,1583.1246337890625,1674.011962890625,435.1492919921875,2438.0517578125,3558.089111328125,1824.54150390625,10881.75390625
2024-11-04,1291.0009765625,3691.920654296875,831.8612670898438,1256.82470703125,799.1109619140625,1558.4442138671875,1676.674072265625,430.0904846191406,2425.849365234375,3507.165771484375,1775.943359375,10825.38671875
2024-11-05,1294.1240234375,3698.6259765625,853.0933227539062,1276.013671875,817.7442016601562,1545.8592529296875,1667.68994140625,426.1854248046875,2422.53466796875,3507.50927734375,1770.73974609375,10940.6181640625
2024-11-06,1314.002197265625,3855.3681640625,851.83154296875,1281.5736083984375,823.13671875,1565.838623046875,1733.762451171875,426.9841613769531,2430.650634765625,3576.829345703125,1794.1552734375,11120.9853515625
2024-11-07,1294.470947265625,3865.845947265625,847.6094360351562,1258.30078125,827.7589111328125,1543.312744140625,1714.1309814453125,424.14410400390625,2406.15673828125,3577.90869140625,1758.3203125,11067.998046875
2024-11-08,1272.758544921875,3862.213623046875,851.4432983398438,1238.7674560546875,811.9182739257812,1537.534423828125,1739.704345703125,424.2772216796875,2437.45458984375,3591.399658203125,1776.630615234375,11070.7890625
2024-11-11,1261.802978515625,3910.36376953125,857.1941528320312,1249.0509033203125,816.2516479492188,1528.377197265625,1768.367431640625,423.30096435546875,2421.27099609375,3560.5419921875,1761.90380859375,11165.501953125
2024-11-12,1263.33984375,3909.152099609375,833.8509521484375,1250.330078125,796.0775756835938,1523.5782470703125,1776.638427734375,419.66217041015625,2392.548828125,3523.747802734375,1768.0399169921875,10914.173828125
2024-11-13,1241.3299560546875,3865.33349609375,815.967529296875,1233.6995849609375,778.6962890625,1518.4853515625,1776.2581787109375,419.08526611328125,2395.902099609375,3481.16455078125,1746.5880126953125,10822.5947265625
2024-11-14,1256.746826171875,3861.18896484375,821.5,1236.897705078125,774.459228515625,1518.5343017578125,1772.5980224609375,413.53826904296875,2322.27392578125,3459.873291015625,1735.98486328125,10779.9384765625
2024-11-18,1249.9554443359375,3743.46923828125,827.4934692382812,1233.45361328125,784.136962890625,1505.3126220703125,1722.1165771484375,414.07080078125,2355.02978515625,3475.473876953125,1715.9073486328125,10866.033203125
2024-11-19,1231.0189208984375,3762.142578125,845.5226440429688,1229.173095703125,773.2555541992188,1494.0496826171875,1734.7607421875,414.7807922363281,2342.831787109375,3439.906005859375,1744.8699951171875,10734.1494140625
2024-11-21,1212.528564453125,3793.15576171875,845.0130004882812,1230.5999755859375,751.8296508789062,1493.7069091796875,1743.6021728515625,405.7281494140625,2316.053466796875,3417.927734375,1747.5697021484375,10638.310546875
2024-11-22,1254.565673828125,3953.111328125,847.1483154296875,1257.6612548828125,785.8220825195312,1536.94677734375,1808.4388427734375,421.2596740722656,2376.75390625,3535.6689453125,1762.591064453125,10836.306640625
2024-11-25,1275.9805908203125,4018.769775390625,866.560546875,1280.1959228515625,813.1701049804688,1546.201904296875,1796.507568359375,423.1678161621094,2402.22021484375,3682.35498046875,1766.12548828125,10798.6474609375
2024-11-26,1284.6060791015625,4053.78759765625,866.5363159179688,1284.132080078125,808.3071899414062,1544.73291015625,1829.2587890625,423.3453674316406,2409.7529296875,3632.90380859375,1729.505126953125,10719.115234375
2024-11-27,1282.1275634765625,4035.021240234375,879.5181884765625,1279.9498291015625,803.2034912109375,1545.1246337890625,1829.591552734375,423.30096435546875,2417.237060546875,3629.076904296875,1717.576416015625,10831.1650390625
2024-11-28,1259.91943359375,3953.390625,870.2245483398438,1265.8287353515625,807.7775268554688,1528.230224609375,1765.087646484375,421.4815368652344,2393.22900390625,3597.041748046875,1702.653564453125,10724.8935546875
2024-11-29,1281.1361083984375,3977.55859375,871.632080078125,1279.3594970703125,807.8739013671875,1593.6041259765625,1766.2283935546875,423.12347412109375,2426.228271484375,3654.685791015625,1748.4534912109375,10846.689453125
2024-12-02,1297.9410400390625,3982.96044921875,875.8298950195312,1283.8369140625,805.4183959960938,1609.71484375,1787.095947265625,423.5228576660156,2409.704345703125,3634.326171875,1775.5997314453125,11008.396484375
2024-12-03,1311.969970703125,4007.26806640625,886.3125,1287.527099609375,822.3182373046875,1587.1402587890625,1798.789306640625,419.3958740234375,2413.30078125,3715.763916015625,1767.254638671875,11047.52734375
2024-12-04,1297.74267578125,4055.37109375,902.7157592773438,1295.0550537109375,827.855224609375,1551.4415283203125,1796.0799560546875,414.5589294433594,2395.464599609375,3718.560302734375,1767.40185546875,10901.1953125
2024-12-05,1310.7305908203125,4157.490234375,905.457763671875,1315.1788330078125,833.3922729492188,1582.04736328125,1839.4310302734375,414.9139099121094,2424.7216796875,3759.426513671875,1780.410400390625,10952.51953125
2024-12-06,1300.320556640625,4140.21484375,900.6531982421875,1307.552490234375,831.6589965820312,1564.908203125,1827.5950927734375,418.15338134765625,2414.22412109375,3793.91455078125,1771.9671630859375,11085.431640625
2024-12-09,1284.0609130859375,4146.40771484375,907.5203247070312,1301.205322265625,826.266357421875,1569.51123046875,1828.783447265625,412.6507568359375,2333.500244140625,3872.99755859375,1773.734375,11048.0654296875
2024-12-10,1273.8489990234375,4128.15380859375,906.59814453125,1309.2252197265625,835.3663330078125,1546.10400390625,1852.45556640625,413.0945129394531,2330.196044921875,3849.3017578125,1776.9742431640625,10968.1416015625
2024-12-11,1267.2559814453125,4123.404296875,904.1716918945312,1306.3223876953125,829.684814453125,1553.3023681640625,1876.79296875,412.9170227050781,2334.083984375,3843.0224609375,1780.9503173828125,11046.0576171875
2024-12-12,1252.0870361328125,4149.015625,902.30322265625,1308.04443359375,822.0775146484375,1577.3463134765625,1889.00927734375,408.7900695800781,2279.263671875,3787.242431640625,1772.55615234375,10937.974609375
2024-12-13,1261.9517822265625,4166.66357421875,908.3695678710938,1323.44482421875,829.63671875,1647.078369140625,1901.0830078125,417.1327209472656,2323.14892578125,3813.83251953125,1780.410400390625,11040.9638671875
2024-12-16,1257.4407958984375,4111.99609375,905.1907958984375,1324.6256103515625,829.0589599609375,1628.2742919921875,1882.402099609375,417.2214660644531,2299.869384765625,3804.854736328125,1776.826904296875,11045.3232421875
2024-12-17,1234.6378173828125,4031.24951171875,889.6853637695312,1312.47265625,819.044189453125,1581.9984130859375,1879.1220703125,416.7333679199219,2297.05078125,3735.534423828125,1756.4549560546875,10880.333984375
2024-12-18,1242.5196533203125,4049.271484375,878.74169921875,1293.1854248046875,807.103515625,1568.874755859375,1881.54638671875,417.57647705078125,2293.1142578125,3687.407958984375,1768.236328125,10776.4130859375
2024-12-19,1219.914794921875,3978.5361328125,870.3944702148438,1266.3701171875,801.95166015625,1567.3076171875,1850.2213134765625,414.07080078125,2293.74609375,3646.394775390625,1790.0810546875,10730.28125
2024-12-20,1194.9803466796875,3883.91357421875,859.7177734375,1267.84619140625,781.922119140625,1545.5653076171875,1827.3575439453125,412.384521484375,2268.523193359375,3561.523193359375,1775.8941650390625,10677.095703125
2024-12-23,1211.834716796875,3872.73779296875,874.0343017578125,1276.1121826171875,790.7332763671875,1554.183837890625,1829.4013671875,420.9046630859375,2273.3828125,3571.972412109375,1781.5394287109375,10599.669921875
2024-12-24,1212.2808837890625,3892.4814453125,872.6268310546875,1276.5550537109375,781.9702758789062,1551.2457275390625,1814.9034423828125,424.6322326660156,2270.126953125,3571.236572265625,1785.8592529296875,10516.0244140625
2024-12-26,1206.1339111328125,3882.7958984375,869.059814453125,1276.6533203125,782.35546875,1566.524169921875,1813.3348388671875,423.30096435546875,2267.4052734375,3561.1796875,1807.802001953125,10672.150390625
2024-12-27,1210.595458984375,3878.838134765625,872.6996459960938,1286.6907958984375,770.0296630859375,1566.866943359375,1822.2237548828125,424.765380859375,2275.667236328125,3540.1826171875,1827.3394775390625,10716.2744140625
2024-12-30,1200.3338623046875,3873.202880859375,862.82373046875,1273.9964599609375,759.1000366210938,1554.183837890625,1812.00390625,423.3453674316406,2277.854248046875,3511.5810546875,1849.576904296875,10577.09375
2024-12-31,1205.043212890625,3813.59814453125,860.3728637695312,1261.203857421875,765.5037231445312,1555.016357421875,1787.2860107421875,429.2473449707031,2261.67041015625,3539.74072265625,1851.9822998046875,10635.3232421875
2025-01-01,1210.7935791015625,3830.03662109375,865.1774291992188,1263.1719970703125,763.8185424804688,1562.802490234375,1789.6627197265625,429.51361083984375,2257.0537109375,3598.464111328125,1855.5164794921875,10978.0341796875
2025-01-02,1231.167724609375,3888.9892578125,870.5158081054688,1270.0111083984375,771.522216796875,1576.5137939453125,1861.296875,434.0398864746094,2303.612060546875,3643.598388671875,1843.784423828125,11598.029296875
2025-01-03,1240.4376220703125,3818.348388671875,848.8954467773438,1244.86865234375,764.0111694335938,1565.8875732421875,1843.1387939453125,427.42791748046875,2338.846435546875,3591.007080078125,1815.9508056640625,11689.0703125
2025-01-06,1207.571533203125,3813.78466796875,830.1141357421875,1243.933837890625,747.6408081054688,1555.701904296875,1842.283203125,407.9893493652344,2309.63818359375,3535.37451171875,1813.741943359375,11514.1396484375
2025-01-07,1230.2257080078125,3751.6650390625,831.5215454101562,1258.8421630859375,749.9037475585938,1558.0523681640625,1835.6282958984375,406.5606994628906,2323.829345703125,3574.7197265625,1819.632568359375,11480.4951171875
2025-01-08,1254.664794921875,3826.264404296875,822.2522583007812,1243.58935546875,742.5853271484375,1566.230224609375,1837.81494140625,414.34906005859375,2333.74365234375,3528.653564453125,1804.267578125,11579.1259765625
2025-01-09,1244.0068359375,3761.490478515625,809.3916625976562,1242.260986328125,732.2816162109375,1573.9185791015625,1822.7467041015625,414.8559875488281,2367.1796875,3461.491943359375,1793.0753173828125,11499.349609375
2025-01-10,1231.266845703125,3972.7158203125,804.029052734375,1229.9111328125,715.71875,1582.5860595703125,1869.9478759765625,410.0631408691406,2373.6435546875,3469.586669921875,1752.2823486328125,11392.1474609375
2025-01-13,1229.234375,3996.418212890625,791.4595947265625,1210.1318359375,702.4780883789062,1564.271484375,1865.4322509765625,404.67120361328125,2382.343017578125,3399.08935546875,1715.0728759765625,11261.48828125
2025-01-14,1228.143798828125,3942.354736328125,799.1031494140625,1220.5135498046875,720.437255859375,1567.1116943359375,1844.374755859375,402.4130859375,2301.619140625,3397.421142578125,1738.5865478515625,11499.9375
2025-01-15,1241.478515625,3957.76806640625,797.38037109375,1218.49609375,725.7816772460938,1574.3101806640625,1853.501220703125,403.1043701171875,2306.52783203125,3435.49072265625,1724.841552734375,11701.951171875
2025-01-16,1255.6065673828125,3917.44140625,801.7481079101562,1229.173095703125,737.9149169921875,1596.5911865234375,1833.3466796875,398.9567565917969,2279.312255859375,3441.868408203125,1731.1741943359375,11843.873046875
2025-01-17,1291.19921875,3911.750244140625,794.3229370117188,1205.9002685546875,735.79638671875,1593.9468994140625,1725.9193115234375,405.731201171875,2288.060302734375,3501.474853515625,1754.0006103515625,11887.017578125
2025-01-20,1294.272705078125,3867.64697265625,801.35986328125,1213.28076171875,750.38525390625,1607.3155517578125,1723.87548828125,403.42694091796875,2279.506591796875,3525.36669921875,1745.8516845703125,11773.107421875
2025-01-21,1262.7945556640625,3827.85888671875,797.0648803710938,1177.0677490234375,730.9334716796875,1592.624755859375,1711.896728515625,403.2886657714844,2274.93798828125,3474.443603515625,1730.5848388671875,11639.55859375
2025-01-22,1266.16552734375,3942.38623046875,808.5423583984375,1181.299072265625,725.5409545898438,1598.1092529296875,1764.8974609375,402.78173828125,2277.3193359375,3451.974609375,1766.174560546875,11773.4013671875
2025-01-23,1252.8306884765625,3931.810546875,807.9843139648438,1182.5784912109375,718.2706298828125,1602.271728515625,1773.45361328125,405.731201171875,2256.664794921875,3437.30615234375,1800.1932373046875,11798.279296875
2025-01-24,1235.6292724609375,3938.355224609375,800.6561889648438,1189.90966796875,716.58544921875,1610.8902587890625,1782.96044921875,407.0215759277344,2301.76513671875,3393.10400390625,1789.0009765625,11722.029296875
2025-01-27,1218.82421875,3855.648681640625,790.9500732421875,1208.3604736328125,721.4483642578125,1569.5601806640625,1732.1463623046875,405.6390075683594,2325.82177734375,3392.564453125,1754.294921875,11747.4453125
2025-01-28,1223.8310546875,3832.079345703125,810.6535034179688,1227.0081787109375,724.5298461914062,1584.9854736328125,1739.5142822265625,401.3531188964844,2321.933837890625,3349.637939453125,1674.4271240234375,11874.6767578125
2025-01-29,1224.921630859375,3888.5126953125,814.0020141601562,1231.6824951171875,730.355712890625,1567.4544677734375,1788.474365234375,399.41754150390625,2317.1708984375,3384.763916015625,1703.7333984375,11731.8232421875
2025-01-30,1242.3214111328125,3888.750244140625,820.8933715820312,1235.5693359375,734.3519897460938,1606.9237060546875,1768.224853515625,402.04437255859375,2341.276611328125,3356.55517578125,1707.4149169921875,11753.4697265625
2025-01-31,1254.2681884765625,3900.463623046875,824.4118041992188,1232.814208984375,744.2705078125,1592.7716064453125,1787.095947265625,412.4595642089844,2399.64453125,3500.248291015625,1712.1766357421875,12057.7373046875
2025-02-01,1253.7724609375,3863.236328125,820.6264038085938,1235.520263671875,737.6260375976562,1589.7845458984375,1760.0489501953125,426.3310852050781,2435.85107421875,3382.60546875,1710.45849609375,12651.140625
2025-02-03,1235.232666015625,3858.96826171875,814.3417358398438,1233.0108642578125,732.7631225585938,1618.2845458984375,1771.40966796875,418.773193359375,2373.54638671875,3227.285400390625,1708.8878173828125,12870.0
2025-02-04,1274.196044921875,3895.38916015625,835.1613159179688,1247.9683837890625,750.3370971679688,1627.1968994140625,1805.158935546875,419.51055908203125,2369.755615234375,3374.412353515625,1733.088623046875,12840.6171875
2025-02-05,1267.2559814453125,3880.261474609375,843.3629760742188,1247.476318359375,737.6741943359375,1626.217529296875,1803.4952392578125,413.05865478515625,2324.072265625,3319.515625,1720.8162841796875,12817.9423828125
2025-02-06,1270.577392578125,3872.341796875,846.299072265625,1252.101318359375,724.3853759765625,1586.3565673828125,1821.1781005859375,406.5606994628906,2306.236083984375,3289.63916015625,1720.5694580078125,12805.4052734375
2025-02-07,1255.8544921875,3821.7412109375,840.9122314453125,1236.8487548828125,709.8928833007812,1642.1815185546875,1809.769775390625,397.11334228515625,2297.634033203125,3274.08740234375,1728.2735595703125,12781.408203125
2025-02-10,1242.916259765625,3828.902099609375,832.6619873046875,1242.4576416015625,709.5076904296875,1658.1455078125,1787.5712890625,393.7491455078125,2295.301025390625,3265.99267578125,1710.7911376953125,12635.7138671875
2025-02-11,1224.2772216796875,3759.28515625,825.6978759765625,1232.764892578125,704.0187377929688,1661.7691650390625,1783.1507568359375,385.5459899902344,2250.3955078125,3178.66796875,1678.839111328125,12462.9375
2025-02-12,1206.1339111328125,3746.575439453125,828.3185424804688,1231.8299560546875,705.992919921875,1676.26416015625,1771.26708984375,383.76715087890625,2267.162109375,3227.726806640625,1673.01171875,12395.55078125
2025-02-13,1205.6876220703125,3708.636962890625,823.9022827148438,1228.976318359375,700.6965942382812,1679.2510986328125,1752.3485107421875,383.57989501953125,2256.470458984375,3202.216064453125,1724.8658447265625,12410.9775390625
2025-02-14,1206.827880859375,3732.064208984375,822.5191040039062,1239.99755859375,695.400390625,1681.6507568359375,1764.849853515625,384.0948486328125,2253.40869140625,3176.70556640625,1679.579833984375,12419.744140625
2025-02-17,1214.4124755859375,3703.2783203125,833.4384765625,1231.1904296875,700.7447509765625,1641.0062255859375,1751.4453125,382.5500183105469,2264.14892578125,3161.203125,1693.111328125,12500.6962890625
2025-02-18,1214.908203125,3673.591064453125,836.2047729492188,1223.2196044921875,698.9151000976562,1634.493408203125,1760.619384765625,379.41363525390625,2231.684814453125,3159.534912109375,1680.6663818359375,12523.517578125
2025-02-19,1216.9404296875,3589.083251953125,838.21875,1241.52294921875,700.3595581054688,1611.281982421875,1721.498779296875,380.49029541015625,2187.36181640625,3214.2353515625,1655.9739990234375,12425.5234375
2025-02-20,1222.4429931640625,3584.625,818.7579956054688,1230.009521484375,702.6707153320312,1609.616943359375,1735.14111328125,376.4176025390625,2185.077880859375,3214.137451171875,1648.7637939453125,12185.06640625
2025-02-21,1217.634521484375,3590.885009765625,821.3786010742188,1213.28076171875,695.255859375,1605.45458984375,1725.49169921875,375.3409423828125,2178.857177734375,3252.69775390625,1623.5279541015625,12070.2744140625
2025-02-24,1204.151123046875,3486.175048828125,813.9049682617188,1198.9136962890625,689.8633422851562,1568.2869873046875,1677.1016845703125,376.2771911621094,2178.662841796875,3196.378173828125,1619.330322265625,12091.5771484375
2025-02-25,1193.69140625,3442.497802734375,816.4528198242188,1204.6212158203125,684.5670776367188,1607.560302734375,1680.524169921875,379.03912353515625,2196.0126953125,3165.176513671875,1593.7490234375,12220.033203125
2025-02-27,1196.7647705078125,3426.373779296875,825.358154296875,1202.9482421875,677.8263549804688,1616.3748779296875,1677.2918701171875,375.9963073730469,2182.064453125,3149.08544921875,1627.23193359375,12126.25
2025-02-28,1189.82470703125,3303.737548828125,840.7423095703125,1184.8909912109375,663.28564453125,1537.8282470703125,1604.469482421875,369.81707763671875,2128.89697265625,3104.294921875,1573.6494140625,11700.4306640625
2025-03-03,1161.2216796875,3313.032470703125,825.7706909179688,1186.9573974609375,669.544921875,1562.9005126953125,1624.3387451171875,372.11090087890625,2115.87255859375,3137.115234375,1565.599609375,11533.6787109375
2025-03-04,1151.9517822265625,3350.02294921875,829.8715209960938,1191.0904541015625,689.5262451171875,1542.8720703125,1605.0399169921875,369.6766662597656,2096.918701171875,3152.519775390625,1547.2283935546875,11377.6025390625
2025-03-05,1165.534423828125,3364.24951171875,820.1654052734375,1196.305908203125,703.2965698242188,1584.8875732421875,1627.0958251953125,379.2263488769531,2109.651611328125,3178.66796875,1562.9820556640625,11378.6796875
2025-03-06,1199.2432861328125,3415.988525390625,820.7477416992188,1198.6185302734375,704.93359375,1593.3592529296875,1631.231201171875,379.8349609375,2156.792724609375,3198.53662109375,1594.14404296875,11426.7236328125
2025-03-07,1239.0992431640625,3425.093505859375,819.8013916015625,1195.17431640625,705.6077270507812,1597.0809326171875,1602.853271484375,378.1496887207031,2142.79638671875,3183.623046875,1589.501953125,11424.51953125
2025-03-10,1227.796875,3404.654052734375,818.9521484375,1195.469482421875,701.9003295898438,1597.32568359375,1617.5413818359375,379.1795349121094,2184.786376953125,3117.884033203125,1591.6748046875,11348.0234375
2025-03-11,1236.62060546875,3391.043701171875,817.9815673828125,1225.5321044921875,702.8150634765625,1628.6658935546875,1579.6566162109375,380.3030700683594,2154.84912109375,3135.300048828125,1634.93603515625,11407.6728515625
2025-03-12,1246.2872314453125,3325.5048828125,830.4296264648438,1224.105224609375,696.2670288085938,1608.9803466796875,1512.3958740234375,386.1077575683594,2131.47265625,3133.53369140625,1656.2208251953125,11400.962890625
2025-03-13,1237.2154541015625,3330.105224609375,828.2214965820312,1230.10791015625,700.88916015625,1598.84375,1501.9381103515625,385.7800598144531,2113.879638671875,3127.303466796875,1662.739501953125,11277.2578125
2025-03-17,1228.242919921875,3317.44287109375,830.0656127929688,1248.7557373046875,696.3633422851562,1605.356689453125,1511.63525390625,381.94146728515625,2110.42919921875,3113.714111328125,1683.333251953125,11316.337890625
2025-03-18,1228.242919921875,3317.44287109375,830.0656127929688,1248.7557373046875,696.3633422851562,1605.356689453125,1511.63525390625,383.0181579589844,2110.42919921875,3113.714111328125,1683.333251953125,11316.337890625
2025-03-19,1236.471923828125,3316.8740234375,846.42041015625,1292.1519775390625,717.5001831054688,1603.3978271484375,1508.307861328125,377.35382080078125,2138.422607421875,3257.06396484375,1711.0380859375,11376.91796875
2025-03-20,1258.283447265625,3379.52001953125,858.3832397460938,1300.6148681640625,721.7853393554688,1670.0938720703125,1535.877685546875,378.1965026855469,2179.5859375,3287.970947265625,1728.7178955078125,11489.2119140625
2025-03-21,1265.421875,3393.699462890625,859.15966796875,1321.673583984375,725.3001708984375,1690.2203369140625,1514.011962890625,379.6944580078125,2183.27978515625,3351.6494140625,1762.5465087890625,11491.7587890625
2025-03-24,1290.951416015625,3441.928955078125,873.5489501953125,1336.4835205078125,751.8778076171875,1683.3646240234375,1514.2021484375,384.703369140625,2192.99951171875,3416.30908203125,1762.8428955078125,11677.3173828125
2025-03-25,1274.4439697265625,3469.24462890625,883.958740234375,1322.263916015625,744.2222900390625,1694.8233642578125,1548.1414794921875,383.67352294921875,2207.676513671875,3404.28955078125,1743.0394287109375,11625.0634765625
2025-03-26,1262.150146484375,3448.42578125,876.7277221679688,1314.58837890625,735.7001342773438,1702.70751953125,1520.571533203125,381.3797302246094,2183.03662109375,3379.95654296875,1737.310791015625,11493.2275390625
2025-03-27,1267.2559814453125,3463.0322265625,885.8514404296875,1315.326416015625,743.6926879882812,1689.142822265625,1524.469482421875,383.3458557128906,2181.773193359375,3435.687255859375,1710.1490478515625,11481.1318359375
2025-03-28,1264.1824951171875,3420.3037109375,887.2344970703125,1326.8397216796875,742.92236328125,1697.6636962890625,1493.1920166015625,383.626708984375,2195.575439453125,3426.562255859375,1713.359130859375,11285.4365234375
2025-04-01,1241.8751220703125,3367.80615234375,857.9463500976562,1297.416748046875,743.1149291992188,1688.6043701171875,1451.21923828125,380.724365234375,2171.27587890625,3372.10693359375,1677.456298828125,11245.228515625
2025-04-02,1240.4376220703125,3361.309326171875,872.0444946289062,1310.0125732421875,747.20751953125,1718.426513671875,1473.7030029296875,382.9713439941406,2175.212158203125,3355.52490234375,1692.5682373046875,11475.4013671875
2025-04-03,1238.008544921875,3227.765380859375,871.0496215820312,1308.3397216796875,750.3370971679688,1710.00390625,1422.69873046875,383.29901123046875,2181.676025390625,3355.77001953125,1748.2249755859375,11447.9765625
2025-04-04,1194.38525390625,3129.3623046875,881.9447631835938,1313.998046875,739.0223999023438,1707.50634765625,1380.0606689453125,383.57989501953125,2181.676025390625,3198.78173828125,1688.321044921875,11246.111328125
2025-04-07,1155.71923828125,3105.319091796875,853.0205078125,1267.009765625,719.2335815429688,1651.87744140625,1327.8680419921875,380.16259765625,2186.39013671875,3010.73974609375,1645.8499755859375,11096.98828125
2025-04-08,1172.0780029296875,3123.2451171875,858.5773315429688,1279.1627197265625,740.1296997070312,1684.9315185546875,1358.3375244140625,386.2481689453125,2225.123779296875,3101.5966796875,1667.579345703125,11223.4853515625
2025-04-09,1175.2010498046875,3079.283447265625,856.5632934570312,1280.04833984375,714.7076416015625,1680.181640625,1334.47509765625,389.7591247558594,2284.17236328125,2996.65966796875,1631.8739013671875,11222.017578125
2025-04-11,1208.5133056640625,3064.961669921875,876.8247680664062,1290.7252197265625,725.9260864257812,1720.38525390625,1339.941650390625,394.6744079589844,2299.869384765625,3057.29638671875,1666.789306640625,11360.7568359375
2025-04-15,1229.4822998046875,3080.80078125,905.0452270507812,1328.66015625,735.2186279296875,1761.71533203125,1355.675537109375,393.59771728515625,2295.349853515625,3196.2802734375,1684.0245361328125,11611.4482421875
2025-04-16,1228.689208984375,3105.08154296875,911.4027099609375,1334.7613525390625,743.1630859375,1785.0245361328125,1343.41162109375,397.3895568847656,2300.30712890625,3166.94287109375,1672.27099609375,11424.3720703125
2025-04-17,1263.5877685546875,3128.88818359375,925.3309326171875,1384.2587890625,767.9111328125,1850.153564453125,1349.49609375,400.010986328125,2308.4716796875,3186.174072265625,1729.9525146484375,11454.7353515625
2025-04-21,1284.407958984375,3150.418701171875,935.231201171875,1387.3095703125,786.447998046875,1844.5711669921875,1379.442626953125,395.89154052734375,2285.143798828125,3218.7490234375,1723.43359375,11503.7080078125
2025-04-22,1280.1446533203125,3143.58935546875,952.0227661132812,1393.902587890625,791.9369506835938,1814.0142822265625,1352.63330078125,405.9561767578125,2331.508056640625,3196.4765625,1725.9029541015625,11492.93359375
2025-04-23,1288.869384765625,3237.108154296875,933.67822265625,1401.676513671875,783.3184204101562,1842.8082275390625,1402.1639404296875,403.3815002441406,2355.90478515625,3238.863037109375,1766.7935791015625,11662.3798828125
2025-04-24,1290.4556884765625,3226.29541015625,930.2325439453125,1380.3226318359375,783.2703247070312,1807.5504150390625,1398.8365478515625,402.6324768066406,2260.1640625,3238.470703125,1781.7078857421875,11649.646484375
2025-04-25,1289.2659912109375,3270.304443359375,927.5148315429688,1382.38916015625,769.0667114257812,1779.73583984375,1407.2025146484375,400.52593994140625,2266.870849609375,3210.50732421875,1765.4107666015625,11457.673828125
2025-04-28,1357.080322265625,3266.036376953125,931.882568359375,1406.00634765625,787.073974609375,1784.2412109375,1409.0087890625,401.4621887207031,2253.65185546875,3264.668212890625,1818.944091796875,11602.6328125
2025-04-29,1387.7156982421875,3293.541259765625,926.3501586914062,1406.9903564453125,782.4517211914062,1786.199951171875,1423.6494140625,398.8406982421875,2256.664794921875,3259.76220703125,1783.2882080078125,11597.736328125
2025-04-30,1392.9703369140625,3275.71044921875,934.2120361328125,1404.235107421875,759.4371337890625,1826.060791015625,1426.1212158203125,398.6534729003906,2276.493408203125,3278.110107421875,1809.7584228515625,12005.189453125
2025-05-02,1407.6436767578125,3254.180419921875,932.7075805664062,1407.2855224609375,767.1888427734375,1810.0968017578125,1432.5858154296875,402.1175537109375,2253.65185546875,3272.125,1802.1531982421875,12150.1484375
2025-05-05,1419.0452880859375,3276.27978515625,939.9386596679688,1406.5968017578125,760.737060546875,1827.5299072265625,1434.2020263671875,409.0926208496094,2282.8115234375,3267.513427734375,1814.005615234375,12202.060546875
2025-05-06,1408.7342529296875,3281.685791015625,937.4635620117188,1408.7615966796875,745.4259643554688,1861.808349609375,1436.958984375,407.7818298339844,2315.08154296875,3271.241943359375,1796.7208251953125,12322.533203125
2025-05-07,1393.9617919921875,3267.5537109375,944.2092895507812,1412.5010986328125,747.3518676757812,1857.6949462890625,1433.916748046875,403.6623840332031,2304.3896484375,3258.879150390625,1759.385986328125,12373.46484375
2025-05-08,1394.9532470703125,3271.15771484375,935.91064453125,1412.5994873046875,740.5149536132812,1836.246337890625,1436.8638916015625,403.1474609375,2288.9345703125,3261.33203125,1745.459228515625,12137.416015625
2025-05-09,1365.408447265625,3263.001220703125,917.080810546875,1366.742919921875,750.38525390625,1810.292724609375,1433.2513427734375,396.5469055175781,2267.551025390625,3379.072998046875,1723.3349609375,11998.333984375
2025-05-12,1424.20068359375,3433.8193359375,949.8388671875,1425.39208984375,771.9555053710938,1832.23095703125,1546.66796875,407.73504638671875,2315.76171875,3519.67578125,1665.4556884765625,12356.814453125
2025-05-13,1403.5787353515625,3333.851318359375,933.0473022460938,1407.777587890625,772.0518188476562,1783.0657958984375,1491.2430419921875,400.61956787109375,2293.89208984375,3499.85595703125,1679.0860595703125,12225.56640625
2025-05-14,1412.2042236328125,3365.814697265625,927.2236938476562,1403.44775390625,771.0407104492188,1796.385498046875,1513.869384765625,401.7430725097656,2284.657958984375,3505.84130859375,1687.18505859375,12409.7041015625
2025-05-15,1441.7491455078125,3395.40625,938.4827270507812,1427.6553955078125,777.82958984375,1828.705078125,1533.4534912109375,405.0667419433594,2289.226318359375,3550.092041015625,1718.692626953125,12685.9111328125
2025-05-16,1443.9302978515625,3377.765380859375,938.9195556640625,1430.8043212890625,778.0751342773438,1776.601806640625,1511.49267578125,407.9223327636719,2314.692626953125,3536.84619140625,1713.5567626953125,12728.02734375
2025-05-19,1428.4638671875,3337.455322265625,940.8607788085938,1425.8841552734375,780.9237670898438,1780.813232421875,1482.8770751953125,407.5946350097656,2315.9560546875,3532.43115234375,1708.9144287109375,12722.150390625
2025-05-20,1412.402587890625,3318.01220703125,929.310546875,1415.25634765625,771.7393798828125,1771.6070556640625,1483.637451171875,407.1733093261719,2275.521484375,3500.640869140625,1686.7901611328125,12378.3623046875
2025-05-21,1416.963134765625,3344.094970703125,935.085693359375,1421.6527099609375,773.1636352539062,1784.9266357421875,1491.14794921875,405.3944396972656,2297.6826171875,3521.44189453125,1710.494873046875,12355.833984375
2025-05-22,1397.332763671875,3297.8095703125,931.7369995117188,1419.0941162109375,771.346435546875,1793.6431884765625,1471.18359375,398.934326171875,2265.412841796875,3484.549560546875,1697.555908203125,12189.3271484375
2025-05-23,1414.5838623046875,3333.47216796875,938.3856811523438,1426.67138671875,776.5034790039062,1793.9368896484375,1487.63037109375,408.4840393066406,2293.1142578125,3532.13671875,1662.8878173828125,12197.1630859375
2025-05-26,1422.5152587890625,3355.002197265625,941.5886840820312,1437.2989501953125,780.33447265625,1809.3133544921875,1502.55615234375,414.66326904296875,2327.037109375,3580.01806640625,1655.4801025390625,12165.8203125
2025-05-27,1409.9239501953125,3318.39111328125,934.8429565429688,1423.3255615234375,779.6468505859375,1805.78759765625,1492.6690673828125,406.2370300292969,2313.526123046875,3571.48193359375,1662.690185546875,12158.9638671875
2025-05-28,1400.802734375,3317.44287109375,933.484130859375,1430.6075439453125,782.4463500976562,1817.8338623046875,1494.2852783203125,400.65911865234375,2295.8359375,3577.663330078125,1645.8994140625,12077.6689453125
2025-05-29,1405.660888671875,3317.822265625,935.42529296875,1433.264404296875,783.232177734375,1825.1793212890625,1507.4046630859375,399.2765197753906,2300.404296875,3586.494140625,1678.8885498046875,12137.416015625
2025-05-30,1408.7342529296875,3284.910400390625,943.86962890625,1422.7352294921875,797.91748046875,1817.9317626953125,1506.5369873046875,398.60906982421875,2282.519775390625,3605.92138671875,1656.961669921875,12065.916015625
2025-06-02,1401.5958251953125,3272.011474609375,937.65771484375,1427.3602294921875,799.2435913085938,1815.8751220703125,1497.9569091796875,399.8009338378906,2305.167236328125,3610.336669921875,1653.99853515625,12037.5107421875
2025-06-03,1393.4661865234375,3229.709716796875,934.0178833007812,1414.961181640625,795.4617309570312,1803.339111328125,1487.5450439453125,397.5602722167969,2286.407958984375,3609.54443359375,1646.9859619140625,11878.83984375
2025-06-04,1411.31201171875,3235.1640625,942.073974609375,1408.1712646484375,792.2201538085938,1836.736083984375,1495.4503173828125,397.60791015625,2298.26611328125,3591.42138671875,1644.41796875,11913.1201171875
2025-06-05,1430.0501708984375,3225.78662109375,946.1505126953125,1431.591552734375,791.72900390625,1840.06591796875,1498.43896484375,399.6102600097656,2309.832763671875,3607.36572265625,1662.3939208984375,11876.880859375
2025-06-06,1431.1407470703125,3238.322265625,960.2728881835938,1436.413330078125,798.6541748046875,1831.643310546875,1507.5975341796875,401.4695739746094,2322.857177734375,3620.93310546875,1658.5418701171875,12205.9775390625
2025-06-09,1436.3953857421875,3274.396728515625,960.3699951171875,1411.9107666015625,805.5302734375,1826.6484375,1516.3704833984375,403.3765563964844,2326.162109375,3643.314453125,1673.554931640625,12377.3828125
2025-06-10,1426.1834716796875,3313.629638671875,953.7698974609375,1400.200439453125,802.5833740234375,1818.813232421875,1538.6402587890625,407.14288330078125,2328.105712890625,3644.205810546875,1668.02392578125,12262.787109375
2025-06-11,1436.4945068359375,3322.24169921875,946.538818359375,1408.1712646484375,800.6187744140625,1821.849365234375,1572.478759765625,406.3323974609375,2309.832763671875,3649.157470703125,1669.8016357421875,12196.18359375
2025-06-12,1429.257080078125,3286.16650390625,943.1417236328125,1402.4637451171875,791.679931640625,1806.17919921875,1550.787353515625,401.421875,2267.356689453125,3569.039794921875,1666.64111328125,12135.45703125
2025-06-13,1415.67431640625,3297.1708984375,930.6207885742188,1393.5089111328125,778.3206787109375,1802.4576416015625,1544.424560546875,394.6520690917969,2254.04052734375,3552.699462890625,1667.0361328125,12153.087890625
2025-06-16,1425.4896240234375,3345.590087890625,939.2592163085938,1404.13671875,778.4680786132812,1822.9267578125,1565.441162109375,398.75213623046875,2262.205078125,3593.599853515625,1664.5670166015625,12272.5810546875
2025-06-17,1418.946044921875,3363.770751953125,936.4445190429688,1400.49560546875,778.2716064453125,1816.560791015625,1580.9625244140625,397.98931884765625,2263.37158203125,3587.261962890625,1629.898681640625,12336.24609375
2025-06-18,1417.85546875,3302.62548828125,938.5313110351562,1390.064697265625,777.8787231445312,1827.4320068359375,1574.214111328125,396.5590515136719,2232.9482421875,3566.6630859375,1627.7257080078125,12486.1025390625
2025-06-19,1421.0281982421875,3276.40625,939.2107543945312,1388.78564453125,771.1990356445312,1838.3031005859375,1560.2352294921875,396.6544189453125,2229.93505859375,3586.07373046875,1627.3306884765625,12542.9111328125
2025-06-20,1453.6463623046875,3287.60205078125,953.4786987304688,1404.33349609375,782.053466796875,1896.772216796875,1564.573486328125,399.0858154296875,2241.59912109375,3626.577880859375,1644.6153564453125,12528.21875
2025-06-23,1444.326904296875,3247.31689453125,945.5681762695312,1397.4451904296875,776.2088012695312,1896.3804931640625,1527.071533203125,394.6520690917969,2234.62548828125,3549.03515625,1642.04736328125,12438.109375
2025-06-24,1438.3782958984375,3244.25439453125,951.634521484375,1401.38134765625,781.3167114257812,1893.7362060546875,1524.7576904296875,395.0811767578125,2222.839111328125,3569.93115234375,1641.257080078125,12351.9169921875
2025-06-25,1454.737060546875,3296.31005859375,961.0009155273438,1403.05419921875,785.8843383789062,1925.076416015625,1556.8609619140625,396.9881286621094,2238.1611328125,3584.7861328125,1649.06005859375,12504.7119140625
2025-06-26,1482.497314453125,3293.439208984375,981.1896362304688,1416.1419677734375,782.9375,1972.7725830078125,1557.92138671875,400.7544250488281,2240.22412109375,3624.201171875,1649.2576904296875,12453.7802734375
2025-06-27,1502.4251708984375,3292.76953125,988.5982666015625,1438.8734130859375,791.1396484375,1985.3084716796875,1550.208984375,399.1811828613281,2265.859375,3643.611572265625,1666.838623046875,12382.279296875
2025-06-30,1487.7518310546875,3312.7685546875,982.023681640625,1422.7352294921875,805.824951171875,1968.1693115234375,1544.2318115234375,397.08349609375,2253.7783203125,3634.302490234375,1655.0848388671875,12145.2509765625
2025-07-01,1515.3138427734375,3281.860595703125,987.2244873046875,1409.1552734375,805.7758178710938,1977.767333984375,1549.05224609375,395.7962646484375,2254.662353515625,3631.232421875,1646.689453125,12186.388671875
2025-07-02,1505.7960205078125,3275.736572265625,974.418701171875,1405.0223388671875,798.5068969726562,1991.3807373046875,1552.619140625,393.7462463378906,2266.05615234375,3562.008544921875,1656.8629150390625,12362.6904296875
2025-07-03,1504.8046875,3254.20654296875,974.9583740234375,1403.152587890625,792.8095092773438,1977.66943359375,1560.5244140625,394.1276550292969,2272.243896484375,3548.242919921875,1659.0357666015625,12490.01953125
2025-07-04,1514.223388671875,3272.387451171875,976.037841796875,1419.7830810546875,797.4754028320312,1975.6126708984375,1581.733642578125,393.3648376464844,2297.683349609375,3559.830078125,1655.6776123046875,12386.1982421875
2025-07-07,1528.3016357421875,3264.63671875,975.1055908203125,1412.796142578125,792.56396484375,1991.9683837890625,1568.5262451171875,396.7974548339844,2367.51806640625,3546.757568359375,1664.6953125,12262.787109375
2025-07-08,1524.4349365234375,3259.37353515625,981.974609375,1418.9957275390625,798.2612915039062,1988.148681640625,1579.8055419921875,397.79864501953125,2350.133056640625,3571.515625,1657.3623046875,12158.9638671875
2025-07-09,1505.9942626953125,3237.939208984375,986.7828369140625,1409.0570068359375,796.5913696289062,1978.06103515625,1574.9853515625,399.9440002441406,2380.286865234375,3545.073974609375,1654.290283203125,12213.8134765625
2025-07-10,1504.2095947265625,3236.217041015625,984.3296508789062,1401.38134765625,793.693603515625,1923.9991455078125,1557.728759765625,397.46490478515625,2365.5537109375,3540.122314453125,1647.4527587890625,12390.115234375
2025-07-11,1482.3980712890625,3125.21728515625,973.2902221679688,1399.2164306640625,794.3321533203125,1882.27734375,1537.5797119140625,397.4172058105469,2474.77587890625,3506.352294921875,1656.8668212890625,12315.6767578125
2025-07-14,1470.9964599609375,3083.78369140625,972.94677734375,1400.2989501953125,794.528564453125,1881.2979736328125,1513.8638916015625,399.89630126953125,2471.828857421875,3462.08447265625,1667.370849609375,12256.91015625
2025-07-15,1472.6820068359375,3112.10791015625,979.079833984375,1407.9744873046875,801.9940185546875,1894.32373046875,1528.614013671875,402.47076416015625,2481.94580078125,3460.202880859375,1711.864501953125,12278.4580078125
2025-07-16,1472.8802490234375,3104.234375,979.4722900390625,1403.6446533203125,816.9739990234375,1896.67431640625,1550.1126708984375,404.8544921875,2472.811279296875,3469.908203125,1685.6043701171875,12305.8828125
2025-07-17,1463.7591552734375,3081.286865234375,974.8602294921875,1396.0675048828125,814.32177734375,1890.112548828125,1526.589599609375,404.2347106933594,2465.14990234375,3440.396484375,1687.9825439453125,12219.6904296875
2025-07-18,1463.362548828125,3062.75634765625,960.38623046875,1403.05419921875,808.7717895507812,1877.372802734375,1529.095947265625,403.09051513671875,2445.309326171875,3431.285400390625,1678.271240234375,12163.861328125
2025-07-21,1416.3682861328125,3032.319580078125,981.5330200195312,1442.4161376953125,809.6068115234375,1885.4708251953125,1527.36083984375,400.5637512207031,2421.048828125,3468.91796875,1676.983154296875,12150.1484375
2025-07-22,1400.70361328125,3033.6640625,984.771240234375,1450.0916748046875,800.5697021484375,1883.100830078125,1514.4423828125,396.6544189453125,2435.585205078125,3431.08740234375,1662.8125,12235.3623046875
2025-07-23,1412.402587890625,3052.386962890625,993.2103881835938,1464.852294921875,806.1196899414062,1919.640869140625,1517.9129638671875,395.65325927734375,2406.806640625,3451.19091796875,1667.2718505859375,12367.587890625
2025-07-24,1390.888427734375,3022.5263671875,988.2548217773438,1459.7353515625,801.25732421875,1912.0364990234375,1496.70361328125,390.8857727050781,2394.430908203125,3443.862548828125,1676.685791015625,12299.0263671875
2025-07-25,1379.7841796875,3010.8125,985.9922485351562,1453.5357666015625,792.269287109375,1913.814208984375,1461.2261962890625,390.361328125,2372.42919921875,3409.59716796875,1683.622314453125,12149.169921875
2025-07-28,1375.71923828125,2956.56494140625,987.9105224609375,1464.6556396484375,783.0357666015625,1866.805908203125,1461.515380859375,390.8381042480469,2398.163330078125,3389.097412109375,1686.79345703125,12086.484375
2025-07-29,1404.9666748046875,2934.193359375,994.3539428710938,1462.4906005859375,785.0494384765625,1894.4578857421875,1459.2979736328125,389.4555358886719,2409.949951171875,3461.78759765625,1695.018310546875,12212.833984375
2025-07-30,1398.026611328125,2931.88916015625,996.4197998046875,1458.7513427734375,787.4560546875,1908.580078125,1464.40771484375,388.6450500488281,2394.037841796875,3629.64794921875,1718.107421875,12358.7734375
2025-07-31,1378.2969970703125,2915.758544921875,992.6815795898438,1457.767333984375,782.4463500976562,1890.507568359375,1454.76708984375,392.79278564453125,2476.34716796875,3601.324462890625,1691.2525634765625,12348.978515625
2025-08-01,1381.76708984375,2883.305908203125,989.7304077148438,1448.12353515625,779.9415283203125,1860.9791259765625,1416.782958984375,397.08349609375,2508.268798828125,3552.6005859375,1614.9495849609375,12179.6787109375
2025-08-04,1399.4146728515625,2951.85986328125,979.7947387695312,1439.8575439453125,781.6113891601562,1890.8037109375,1427.291259765625,397.46490478515625,2498.44677734375,3595.976806640625,1626.7418212890625,12242.052734375
2025-08-05,1379.7841796875,2941.778564453125,972.7118530273438,1421.357421875,786.4246215820312,1907.7900390625,1407.8172607421875,394.89044189453125,2489.60693359375,3617.26904296875,1617.327880859375,12412.341796875
2025-08-06,1380.874755859375,2911.437744140625,976.499267578125,1420.5703125,790.8941040039062,1905.716064453125,1385.0654296875,392.8404235839844,2490.4912109375,3593.302734375,1580.7618408203125,12399.4716796875
2025-08-07,1377.5040283203125,2925.552001953125,981.4671020507812,1417.322998046875,790.8941040039062,1898.704345703125,1385.2581787109375,394.36602783203125,2472.712890625,3606.375244140625,1583.9329833984375,12506.3974609375
2025-08-08,1356.0888671875,2915.37451171875,970.8920288085938,1412.9931640625,790.0591430664062,1835.499755859375,1371.9542236328125,395.22418212890625,2454.1494140625,3572.7041015625,1572.537109375,12464.8154296875
2025-08-11,1374.331298828125,2919.59912109375,981.5654296875,1413.681884765625,808.8700561523438,1834.314697265625,1376.870849609375,397.46490478515625,2473.596923828125,3632.916015625,1593.8424072265625,12471.74609375
2025-08-12,1368.5810546875,2914.4140625,968.924560546875,1410.112060546875,806.0704956054688,1827.302978515625,1372.9183349609375,396.9881286621094,2439.612548828125,3650.44482421875,1607.5174560546875,12712.3291015625
2025-08-13,1370.7620849609375,2915.182373046875,974.0399169921875,1408.922119140625,807.29833984375,1844.1904296875,1375.3284912109375,394.8427734375,2450.71142578125,3657.97119140625,1624.958251953125,12706.388671875
2025-08-14,1367.4774169921875,2901.836669921875,979.35205078125,1415.3677978515625,811.9151611328125,1850.5108642578125,1395.6700439453125,392.3160095214844,2436.469482421875,3641.432861328125,1626.5438232421875,12807.375
2025-08-18,1375.3409423828125,2891.17919921875,985.5003662109375,1422.606689453125,812.9957275390625,1868.781005859375,1384.19775390625,387.4054870605469,2522.412841796875,3599.938232421875,1617.9224853515625,13928.119140625
2025-08-19,1413.564208984375,2895.979736328125,979.35205078125,1424.29248046875,815.697021484375,1885.964599609375,1388.2469482421875,390.0752868652344,2558.4599609375,3578.052001953125,1611.877685546875,14108.3095703125
2025-08-20,1406.4969482421875,2975.095703125,977.9256591796875,1418.64013671875,814.272705078125,1904.4322509765625,1442.427001953125,387.1671142578125,2622.303466796875,3557.55224609375,1618.31884765625,14079.59765625
2025-08-21,1418.24267578125,2978.93603515625,979.4012451171875,1433.911376953125,811.0802612304688,1905.9136962890625,1442.619873046875,386.69036865234375,2600.891357421875,3577.65576171875,1625.3544921875,14138.01171875
2025-08-22,1402.71435546875,2932.273193359375,966.317626953125,1424.3917236328125,801.7975463867188,1909.2713623046875,1434.0396728515625,379.7774963378906,2583.11328125,3561.018310546875,1626.940185546875,14206.3251953125
2025-08-25,1406.0987548828125,3015.42138671875,966.0717163085938,1421.2183837890625,801.9940185546875,1906.70361328125,1477.0367431640625,380.7787170410156,2584.782958984375,3568.247802734375,1641.7052001953125,14308.30078125
2025-08-26,1378.5262451171875,3031.35986328125,957.5625,1404.7572021484375,793.5462646484375,1881.0267333984375,1474.6265869140625,384.59271240234375,2644.697998046875,3507.04541015625,1585.8157958984375,14567.6962890625
2025-08-28,1379.521728515625,2970.390625,942.2162475585938,1387.4034423828125,787.750732421875,1857.7200927734375,1446.1868896484375,382.2566223144531,2607.17724609375,3525.66357421875,1571.3477783203125,14605.318359375
2025-08-29,1350.9537353515625,2961.749267578125,936.1171264648438,1386.1143798828125,788.291015625,1865.324462890625,1416.782958984375,390.695068359375,2612.4814453125,3566.16796875,1580.0682373046875,14643.9306640625
2025-09-01,1347.6689453125,2988.53759765625,935.1333618164062,1399.2039794921875,791.7781372070312,1876.977783203125,1445.5120849609375,386.9764404296875,2602.364501953125,3563.593017578125,1549.150634765625,14738.9755859375
2025-09-02,1360.2109375,2987.48095703125,929.1326904296875,1382.54443359375,789.666259765625,1863.7442626953125,1444.837158203125,387.8345947265625,2629.37548828125,3540.3203125,1551.0333251953125,14694.4228515625
2025-09-03,1366.2828369140625,2974.039306640625,938.9207763671875,1385.321044921875,797.7701416015625,1860.4853515625,1425.9415283203125,392.60205078125,2617.294189453125,3565.969970703125,1564.4111328125,14778.578125
2025-09-04,1353.0440673828125,2972.310546875,945.610107421875,1393.75,795.06884765625,1857.0289306640625,1410.4202880859375,396.5590515136719,2619.16064453125,3557.849365234375,1567.9786376953125,14516.212890625
2025-09-05,1368.671875,2926.80029296875,947.7251586914062,1391.0726318359375,792.318359375,1871.74365234375,1392.681396484375,388.40667724609375,2586.551025390625,3519.2265625,1579.17626953125,14746.896484375
2025-09-08,1372.15576171875,2898.668212890625,950.2828369140625,1390.973388671875,794.4794311523438,1864.238037109375,1381.402099609375,388.5973815917969,2577.219970703125,3495.458740234375,1566.6904296875,15106.287109375
2025-09-09,1369.8662109375,2927.856201171875,949.4467163085938,1391.9649658203125,794.528564453125,1870.1634521484375,1450.2359619140625,390.9811096191406,2594.998291015625,3490.903076171875,1577.2935791015625,15212.22265625
2025-09-10,1370.66259765625,2986.041015625,950.1845092773438,1392.163330078125,803.7130126953125,1867.8922119140625,1477.518798828125,393.8415832519531,2596.471435546875,3515.661376953125,1578.978271484375,14957.7783203125
2025-09-11,1376.9337158203125,2999.675048828125,952.0535278320312,1389.882568359375,809.0665283203125,1889.2236328125,1455.4417724609375,395.74859619140625,2575.353759765625,3505.4609375,1595.130615234375,14944.9072265625
2025-09-12,1388.579833984375,3008.508056640625,951.5617065429688,1405.847900390625,808.96826171875,1878.952880859375,1470.7703857421875,394.509033203125,2534.59228515625,3545.173095703125,1601.96826171875,15172.62109375
2025-09-15,1392.8599853515625,2987.865234375,951.3157348632812,1407.5338134765625,810.1470336914062,1880.829345703125,1454.1885986328125,393.460205078125,2535.083251953125,3551.510986328125,1587.500244140625,15113.216796875
2025-09-16,1398.8323974609375,3020.318359375,951.1190185546875,1409.71533203125,816.82666015625,1915.394287109375,1456.9844970703125,393.8892822265625,2534.985107421875,3632.32177734375,1595.92333984375,15418.154296875
2025-09-17,1407.2933349609375,3046.337646484375,950.7747192382812,1407.33544921875,841.973388671875,1917.1719970703125,1467.685546875,390.2659606933594,2523.984130859375,3649.8505859375,1605.53564453125,15643.8876953125
2025-09-18,1408.4876708984375,3050.08203125,961.0055541992188,1409.814453125,839.222900390625,1916.974365234375,1485.2313232421875,392.4113464355469,2540.780029296875,3650.345703125,1633.6785888671875,15659.728515625
2025-09-19,1400.9227294921875,3042.881591796875,951.168212890625,1390.4775390625,847.081298828125,1938.009765625,1484.845703125,391.5531921386719,2514.064208984375,3639.84814453125,1641.0115966796875,15706.26171875
2025-09-22,1384.199951171875,2951.283935546875,948.5121459960938,1389.783447265625,840.1069946289062,1931.88671875,1445.6083984375,388.0252990722656,2526.439697265625,3609.2470703125,1629.1202392578125,15658.73828125
2025-09-23,1383.40380859375,2940.338134765625,941.6260375976562,1382.6436767578125,855.1851806640625,1914.604248046875,1443.6802978515625,384.4496765136719,2477.3291015625,3622.220458984375,1616.43603515625,15936.9443359375
2025-09-24,1376.635009765625,2914.4140625,935.5761108398438,1371.1405029296875,850.8631591796875,1907.0986328125,1440.884521484375,382.3519592285156,2504.143798828125,3638.263916015625,1612.3731689453125,16087.43359375
2025-09-25,1366.0838623046875,2839.523193359375,934.3955688476562,1364.29833984375,845.902587890625,1911.542724609375,1431.436767578125,381.49383544921875,2493.142822265625,3609.14794921875,1612.6705322265625,16107.234375
2025-09-26,1371.2598876953125,2783.547119140625,929.6737060546875,1348.233642578125,841.7769165039062,1892.7789306640625,1396.8270263671875,386.26129150390625,2467.1142578125,3693.425048828125,1572.3387451171875,16124.0654296875
2025-09-29,1366.48193359375,2780.666748046875,934.8382568359375,1336.829833984375,855.3325805664062,1878.557861328125,1389.982177734375,388.3113098144531,2453.461669921875,3652.722412109375,1574.915283203125,15825.068359375
2025-09-30,1357.722412109375,2773.2734375,935.5269165039062,1336.730712890625,857.0025024414062,1855.0537109375,1389.982177734375,382.8763732910156,2469.66796875,3623.60693359375,1579.8701171875,15869.62109375
2025-10-01,1362.4007568359375,2798.045166015625,949.5450439453125,1360.530029296875,848.80029296875,1844.387939453125,1393.83837890625,386.7380676269531,2491.080322265625,3634.797607421875,1621.3907470703125,15806.2568359375
2025-10-03,1357.125244140625,2786.2353515625,949.4467163085938,1353.786865234375,851.9436645507812,1873.126220703125,1394.609619140625,385.4985046386719,2499.625244140625,3696.990234375,1616.43603515625,15648.837890625
2025-10-06,1368.671875,2869.287841796875,957.6116333007812,1352.001953125,858.5741577148438,1879.4466552734375,1422.9530029296875,382.11358642578125,2496.58056640625,3700.8525390625,1639.7232666015625,15838.9287109375
2025-10-07,1378.4267578125,2855.173583984375,966.514404296875,1364.3974609375,849.3897094726562,1905.0247802734375,1406.0819091796875,381.2077941894531,2472.418212890625,3693.623046875,1638.1378173828125,15947.8349609375
2025-10-08,1361.1068115234375,2906.541015625,962.7762451171875,1358.8443603515625,843.0538940429688,1919.3446044921875,1441.2701416015625,381.16009521484375,2455.62255859375,3693.72216796875,1616.83251953125,15852.7900390625
2025-10-09,1371.458984375,2939.666015625,961.2022094726562,1364.69482421875,846.835693359375,1917.86328125,1455.0562744140625,381.3031005859375,2472.811279296875,3732.740966796875,1643.489013671875,15826.05859375
2025-10-10,1375.3409423828125,2907.59765625,964.9404296875,1368.7607421875,865.0573120117188,1915.789306640625,1460.4549560546875,384.0682678222656,2483.909912109375,3747.397705078125,1655.7767333984375,16103.2744140625
2025-10-13,1368.671875,2887.338134765625,961.1038818359375,1367.8681640625,867.3165893554688,1930.6029052734375,1439.5347900390625,380.683349609375,2448.452392578125,3733.0380859375,1653.2994384765625,16160.697265625
2025-10-14,1369.5677490234375,2842.307861328125,961.25146484375,1372.52880859375,861.4227905273438,1922.406005859375,1436.353515625,378.3472595214844,2457.783447265625,3708.081787109375,1639.426025390625,16099.3134765625
2025-10-15,1367.97509765625,2862.063720703125,962.3335571289062,1386.7093505859375,870.4107666015625,1944.0338134765625,1421.41064453125,381.3031005859375,2474.186279296875,3791.665283203125,1640.11962890625,16050.80078125
2025-10-16,1391.8646240234375,2862.93115234375,978.1715698242188,1405.451416015625,871.2457275390625,1942.947509765625,1418.61474609375,386.3089904785156,2515.93017578125,3824.4453125,1643.9844970703125,16135.9462890625
2025-10-17,1410.279541015625,2854.73974609375,986.2381591796875,1424.5899658203125,873.4067993164062,1986.9931640625,1389.307373046875,392.9834289550781,2557.37939453125,3802.261962890625,1663.9024658203125,16237.921875
2025-10-20,1460.04931640625,2905.81689453125,986.6316528320312,1378.6771240234375,891.431884765625,2026.0023193359375,1408.395751953125,393.8415832519531,2548.244873046875,3835.23974609375,1673.3165283203125,16260.693359375
2025-10-21,1458.4566650390625,2897.62548828125,991.3043823242188,1370.4464111328125,891.775634765625,2018.1016845703125,1419.482421875,393.6509094238281,2545.5927734375,3850.58984375,1675.1993408203125,16232.9716796875
2025-10-23,1441.7340087890625,2961.712890625,992.386474609375,1352.2994384765625,895.41015625,1982.9442138671875,1473.566162109375,396.60675048828125,2555.31689453125,3880.794921875,1674.604736328125,16230.0009765625
2025-10-24,1444.9193115234375,2952.075439453125,978.5650634765625,1366.182373046875,888.4849853515625,2004.0782470703125,1470.57763671875,397.4172058105469,2471.632568359375,3867.128173828125,1683.622314453125,16112.1845703125
2025-10-27,1477.2696533203125,2972.988525390625,986.6316528320312,1366.083251953125,906.411865234375,2054.246826171875,1472.633056640625,401.0881652832031,2467.1142578125,3885.845703125,1678.271240234375,16225.05078125
2025-10-28,1480.056884765625,2946.9677734375,987.2218627929688,1351.7044677734375,913.779052734375,2064.22119140625,1468.4241943359375,398.466064453125,2452.676025390625,3934.37158203125,1671.73095703125,16148.81640625
2025-10-29,1497.277099609375,2946.678955078125,991.451904296875,1358.9434814453125,923.11083984375,2074.4921875,1478.408203125,401.9940185546875,2443.836181640625,3919.81396484375,1700.369384765625,15977.537109375
2025-10-30,1481.6494140625,2925.187744140625,981.9097900390625,1351.0103759765625,917.8064575195312,2040.618408203125,1462.1597900390625,399.2765197753906,2425.665283203125,3948.929443359375,1687.9825439453125,16044.8603515625
2025-10-31,1479.5592041015625,2947.064208984375,971.2362670898438,1334.0533447265625,920.4095458984375,2028.9649658203125,1450.9034423828125,400.8021545410156,2421.63818359375,3991.909423828125,1675.3974609375,16025.0595703125
2025-11-03,1477.866943359375,2907.359130859375,976.499267578125,1335.14404296875,932.8847045898438,2048.22265625,1454.0355224609375,394.69976806640625,2416.23583984375,3941.9970703125,1690.9554443359375,15495.37890625
2025-11-04,1466.3203125,2881.72412109375,969.2196655273438,1325.7235107421875,940.644775390625,2087.0341796875,1436.808349609375,389.88458251953125,2402.1904296875,3886.439697265625,1674.703857421875,15221.1337890625
2025-11-06,1489.2144775390625,2901.6728515625,968.6294555664062,1309.3614501953125,943.739013671875,2068.86279296875,1435.6336669921875,388.5496826171875,2392.662841796875,3844.053955078125,1670.6409912109375,15298.357421875
2025-11-07,1471.19775390625,2883.265869140625,966.317626953125,1331.7724609375,938.92578125,1976.327392578125,1445.5198974609375,385.2601318359375,2389.693115234375,3844.945068359375,1676.0911865234375,15325.08984375
2025-11-10,1482.44580078125,2915.4541015625,968.4818725585938,1336.730712890625,934.3090209960938,1994.6962890625,1481.4425048828125,386.69036865234375,2384.54541015625,3880.596923828125,1682.433349609375,15428.0556640625
2025-11-11,1486.5269775390625,2936.46337890625,975.564697265625,1346.944580078125,936.4209594726562,2016.9166259765625,1497.88671875,387.929931640625,2403.05712890625,3916.74365234375,1700.567626953125,15489.4384765625
2025-11-12,1504.5435791015625,3018.18701171875,973.4005126953125,1347.53955078125,940.2028198242188,2048.025146484375,1518.8333740234375,388.07293701171875,2400.08740234375,3916.34765625,1716.4228515625,15539.931640625
2025-11-13,1503.9464111328125,2993.03369140625,970.596923828125,1374.3138427734375,937.1085815429688,2065.801513671875,1509.14306640625,386.83343505859375,2383.357666015625,3963.7841796875,1721.6749267578125,15592.404296875
2025-11-14,1511.9095458984375,2993.322998046875,973.4988403320312,1361.521728515625,950.7133178710938,2074.5908203125,1470.9691162109375,389.1694641113281,2403.255126953125,3965.665771484375,1741.196533203125,15528.05078125
2025-11-17,1511.3123779296875,2989.66064453125,980.3357543945312,1367.4715576171875,956.1159057617188,2085.94775390625,1475.66748046875,388.1683044433594,2400.582275390625,3988.740478515625,1747.93505859375,15720.1220703125
2025-11-18,1512.4072265625,2975.108642578125,976.302490234375,1361.9183349609375,955.2318725585938,2122.488037109375,1454.91650390625,386.9764404296875,2379.793701171875,3960.912353515625,1742.8812255859375,15771.60546875
2025-11-19,1511.9095458984375,3033.51025390625,978.41748046875,1371.5372314453125,965.3494873046875,2132.956298828125,1508.4578857421875,384.78338623046875,2417.015380859375,3980.718994140625,1767.9521484375,15611.2158203125
2025-11-20,1541.9705810546875,3030.715576171875,992.4356689453125,1371.4381103515625,964.1707153320312,2131.474853515625,1503.955322265625,386.59503173828125,2403.947998046875,3998.3466796875,1761.3128662109375,15643.8876953125
2025-11-21,1539.4820556640625,3036.30517578125,981.8114013671875,1358.0509033203125,955.3792114257812,2135.820068359375,1512.2752685546875,388.8834228515625,2409.19482421875,3985.967529296875,1763.5919189453125,15818.1376953125
2025-11-24,1528.831298828125,3027.24609375,982.8934936523438,1356.960205078125,953.4146118164062,2125.35205078125,1515.2117919921875,384.78338623046875,2399.790283203125,3974.47998046875,1764.68212890625,15799.326171875
2025-11-25,1532.61376953125,3006.04443359375,973.6956176757812,1346.4488525390625,966.1844482421875,2134.73388671875,1498.1802978515625,382.1612548828125,2389.792236328125,3958.040283203125,1760.71826171875,15731.0126953125
2025-11-26,1562.6748046875,3048.15869140625,987.5662231445312,1363.5050048828125,966.4791870117188,2100.366455078125,1524.902099609375,383.5915222167969,2400.7802734375,4022.708740234375,1788.56396484375,15995.357421875
2025-11-27,1556.2047119140625,3022.81298828125,993.0750732421875,1380.5611572265625,955.624755859375,2089.3056640625,1533.2220458984375,385.4985046386719,2427.013427734375,4041.822021484375,1793.9150390625,15744.873046875
2025-11-28,1560.285888671875,3023.68017578125,991.2059936523438,1377.189697265625,961.6658935546875,2075.479736328125,1527.055419921875,385.4508361816406,2441.763671875,4030.2353515625,1815.022216796875,15741.9033203125
2025-12-01,1558.892333984375,3019.72900390625,985.7954711914062,1378.478759765625,955.870361328125,2063.7275390625,1530.872802734375,385.4508361816406,2439.6845703125,4033.80029296875,1791.041259765625,15936.9443359375
2025-12-02,1539.1834716796875,3021.94580078125,973.6956176757812,1361.521728515625,950.1730346679688,2077.849853515625,1527.9364013671875,382.3043212890625,2452.850830078125,3991.513427734375,1783.2127685546875,16077.5322265625
2025-12-03,1531.718017578125,3064.638427734375,984.2214965820312,1379.8670654296875,934.2107543945312,2060.073486328125,1545.261474609375,381.875244140625,2423.350830078125,3949.424560546875,1790.3475341796875,15922.09375
2025-12-04,1528.53271484375,3112.0537109375,980.9752197265625,1375.1070556640625,931.31298828125,2077.65234375,1563.7611083984375,384.3066101074219,2437.40771484375,3945.067138671875,1801.8427734375,15834.96875
2025-12-05,1533.5096435546875,3120.727294921875,986.9759521484375,1380.858642578125,954.2987060546875,2082.590087890625,1581.9671630859375,386.1182861328125,2315.052490234375,3999.138916015625,1788.9603271484375,16120.10546875
2025-12-08,1535.898681640625,3119.0888671875,986.7791748046875,1377.98291015625,939.466064453125,2060.27099609375,1576.681640625,383.5915222167969,2290.699951171875,3958.040283203125,1779.942626953125,16026.0498046875
2025-12-09,1522.3612060546875,3091.911865234375,980.8768310546875,1363.7032470703125,942.3638305664062,2063.7275390625,1565.1314697265625,382.399658203125,2283.275634765625,3958.832763671875,1759.9254150390625,15860.7099609375
2025-12-10,1529.8267822265625,3073.504638671875,973.6956176757812,1352.2001953125,942.7567749023438,2041.3095703125,1551.2322998046875,384.4019775390625,2278.52392578125,3952.692626953125,1769.3394775390625,15859.7197265625
2025-12-11,1537.889404296875,3076.10693359375,984.0247802734375,1348.63037109375,946.1947631835938,2027.68115234375,1564.1527099609375,384.1636047363281,2282.384765625,3965.170654296875,1790.843017578125,16086.443359375
2025-12-12,1549.3365478515625,3103.669189453125,985.2052612304688,1354.5802001953125,946.0965576171875,2057.505615234375,1564.348388671875,381.49383544921875,2237.837890625,4034.69189453125,1777.26708984375,16357.71875
2025-12-15,1549.037841796875,3113.017333984375,979.89306640625,1353.786865234375,950.1239624023438,2043.97607421875,1572.766357421875,383.5915222167969,2270.406494140625,4052.7158203125,1780.83447265625,16251.7822265625
2025-12-16,1535.201904296875,3088.827880859375,978.1223754882812,1354.5802001953125,944.1319580078125,2075.87451171875,1559.1607666015625,383.0194091796875,2258.13134765625,4024.491455078125,1765.1776123046875,16191.388671875
2025-12-17,1537.292236328125,3101.067138671875,967.989990234375,1341.0938720703125,958.5716552734375,2081.800048828125,1568.0679931640625,381.2077941894531,2252.686767578125,4023.104736328125,1776.672607421875,16234.951171875
2025-12-18,1537.292236328125,3161.78173828125,963.7599487304688,1345.4571533203125,960.2415771484375,2065.9990234375,1592.3427734375,381.7798767089844,2242.6884765625,3992.107666015625,1730.097900390625,16166.6376953125
2025-12-19,1557.8968505859375,3162.938232421875,969.465576171875,1342.7796630859375,962.94287109375,2071.6279296875,1603.9906005859375,382.399658203125,2257.04248046875,4034.097412109375,1729.10693359375,16250.79296875
2025-12-22,1568.1495361328125,3204.281982421875,971.6298217773438,1357.059326171875,957.0491333007812,2120.907958984375,1653.8125,383.9729309082031,2266.44677734375,4033.008056640625,1753.7816162109375,16483.455078125
2025-12-23,1563.4710693359375,3189.922607421875,980.3849487304688,1351.605224609375,954.691650390625,2096.5146484375,1632.9637451171875,388.40667724609375,2279.414794921875,4019.539794921875,1740.0074462890625,16420.091796875
2025-12-24,1551.0286865234375,3198.595947265625,980.9752197265625,1348.43212890625,951.7938842773438,2097.304931640625,1628.16748046875,387.6915588378906,2259.22021484375,4014.39013671875,1721.278564453125,16536.91796875
2025-12-26,1552.0240478515625,3161.010986328125,975.9581909179688,1339.110595703125,949.1907348632812,2079.232177734375,1621.0220947265625,385.3554992675781,2262.387939453125,4008.15087890625,1703.936767578125,16430.982421875
2025-12-29,1538.4866943359375,3133.544677734375,975.564697265625,1332.070068359375,947.962890625,2055.728271484375,1609.863525390625,383.8775634765625,2270.20849609375,3999.634033203125,1701.65771484375,16377.51953125
2025-12-30,1532.71337890625,3129.01513671875,974.7777709960938,1331.276611328125,956.2141723632812,2073.701904296875,1587.2528076171875,381.9705810546875,2267.1396484375,4012.805419921875,1704.6304931640625,16481.4765625
2025-12-31,1563.172607421875,3089.887939453125,975.0728759765625,1331.67333984375,964.8092651367188,2079.429931640625,1581.1842041015625,384.25897216796875,2292.580810546875,4044.000732421875,1704.135009765625,16530.978515625
2026-01-01,1568.3485107421875,3110.31884765625,975.023681640625,1326.8143310546875,967.3140869140625,2084.170166015625,1595.2791748046875,346.9295959472656,2299.609375,4100.35009765625,1705.5223388671875,16541.869140625
2026-01-02,1584.9718017578125,3132.7734375,985.3035888671875,1344.06884765625,981.2626953125,2080.121337890625,1605.6546630859375,333.77130126953125,2324.357666015625,4123.1279296875,1712.35986328125,16791.36328125
2026-01-05,1570.8370361328125,3099.428955078125,961.5957641601562,1360.0341796875,987.7457885742188,2078.83740234375,1572.374755859375,333.4376220703125,2360.09423828125,4110.25341796875,1713.2518310546875,16984.423828125
2026-01-06,1500.6614990234375,3137.688720703125,946.544677734375,1399.4022216796875,1000.8594360351562,2079.133544921875,1578.0518798828125,326.5248107910156,2400.285400390625,4100.54833984375,1744.2684326171875,17120.0625
2026-01-07,1497.277099609375,3176.044921875,933.608642578125,1415.7642822265625,989.3175048828125,2058.2958984375,1604.2843017578125,325.3805847167969,2375.239990234375,4116.7900390625,1766.4656982421875,16641.865234375
2026-01-08,1463.831787109375,3087.671630859375,931.296875,1423.00341796875,980.3294677734375,2040.618408203125,1579.128662109375,325.0468444824219,2362.66796875,3989.43359375,1744.763916015625,16498.306640625
2026-01-09,1468.51025390625,3091.43017578125,923.72216796875,1392.56005859375,982.7852172851562,2001.905517578125,1579.91162109375,321.47125244140625,2348.7099609375,3986.2646484375,1714.2427978515625,16336.927734375
2026-01-12,1476.373779296875,3122.076416015625,921.7055053710938,1401.286376953125,997.1758422851562,2018.595458984375,1562.09716796875,322.6631164550781,2381.9716796875,3980.124755859375,1720.2874755859375,16417.12109375
2026-01-13,1446.11376953125,3149.4462890625,922.0989990234375,1424.9866943359375,1010.2402954101562,2001.7080078125,1565.1314697265625,319.13519287109375,2365.439697265625,3849.797607421875,1713.053466796875,16262.6728515625
2026-01-14,1452.086181640625,3076.68505859375,910.3926391601562,1406.5421142578125,1010.14208984375,1997.3626708984375,1565.91455078125,319.182861328125,2329.80224609375,3828.40673828125,1685.3070068359375,15991.3974609375
2026-01-16,1451.1903076171875,3146.54931640625,915.95068359375,1399.0057373046875,1023.8451538085938,1991.3385009765625,1654.00830078125,313.8909606933594,2336.6328125,3819.097412109375,1653.794921875,15701.310546875
2026-01-19,1407.0941162109375,3104.258056640625,912.8027954101562,1369.05810546875,1020.0142211914062,1985.01806640625,1645.59033203125,317.7049255371094,2389.593994140625,3832.367919921875,1660.236083984375,16015.1591796875
2026-01-20,1387.5843505859375,3044.10791015625,916.049072265625,1364.29833984375,1018.0496215820312,1971.1920166015625,1623.7628173828125,311.12579345703125,2355.14453125,3773.6416015625,1599.193603515625,15721.1123046875
2026-01-21,1398.1356201171875,3064.027099609375,905.3755493164062,1337.7222900390625,1010.4368286132812,1971.290771484375,1619.358154296875,309.64788818359375,2344.15625,3730.067138671875,1598.3017578125,15613.1962890625
2026-01-22,1396.0452880859375,3091.305419921875,903.75244140625,1334.2515869140625,1029.7879638671875,1977.31494140625,1628.265380859375,309.7432556152344,2366.52880859375,3757.10302734375,1619.408935546875,15608.24609375
2026-01-23,1379.720703125,3103.178466796875,901.1947021484375,1332.169189453125,1011.271728515625,1960.032470703125,1635.4107666015625,308.36065673828125,2385.238525390625,3707.586669921875,1617.1297607421875,15315.1884765625
2026-01-27,1374.146484375,3098.762939453125,911.3272094726562,1350.0186767578125,1034.5030517578125,1948.873046875,1647.05859375,303.83154296875,2376.724853515625,3751.1611328125,1624.06640625,15093.416015625
2026-01-28,1390.2718505859375,3140.073486328125,917.524658203125,1356.2659912109375,1044.6697998046875,1933.3680419921875,1631.2017822265625,306.2153015136719,2354.451416015625,3757.301025390625,1596.0224609375,14729.0751953125
2026-01-29,1384.59814453125,3085.41796875,920.2791137695312,1372.0330810546875,1047.3218994140625,1943.44140625,1624.35009765625,303.7839050292969,2328.911376953125,3894.857421875,1574.915283203125,14357.8037109375
2026-01-30,1388.9779052734375,3065.302734375,914.1307983398438,1343.672119140625,1058.078125,1944.2313232421875,1606.241943359375,307.1687927246094,2349.10595703125,3894.263427734375,1580.861083984375,14453.83984375
2026-02-02,1384.0009765625,3110.1455078125,912.9994506835938,1341.4906005859375,1010.4859008789062,1940.972412109375,1594.8875732421875,300.06524658203125,2333.56396484375,3883.369873046875,1613.166015625,14240.9775390625
2026-02-03,1430.4859619140625,3164.80078125,933.2643432617188,1378.08203125,1045.3572998046875,1972.4759521484375,1620.9241943359375,301.924560546875,2344.750244140625,3999.733154296875,1686.6943359375,14635.01953125
2026-02-04,1450.095458984375,2942.84375,937.5927124023438,1396.625732421875,1049.2864990234375,2000.6217041015625,1503.2701416015625,305.5264587402344,2347.1259765625,4047.566162109375,1688.9736328125,14921.146484375
2026-02-05,1436.757080078125,2935.38623046875,934.248046875,1384.8251953125,1054.49267578125,1967.6368408203125,1488.00048828125,301.9732666015625,2330.693115234375,4023.996337890625,1698.1494140625,14909.265625
2026-02-06,1444.123046875,2886.422119140625,925.7879638671875,1394.344970703125,1047.5184326171875,2013.0650634765625,1475.177978515625,317.1595153808594,2399.790283203125,4028.749755859375,1690.6690673828125,14847.8818359375
2026-02-09,1454.873291015625,2892.8984375,922.0006103515625,1384.626953125,1125.708984375,2012.8675537109375,1465.4876708984375,314.23907470703125,2410.481689453125,4073.809814453125,1700.1441650390625,14829.0712890625
2026-02-10,1451.7874755859375,2928.61572265625,917.2295532226562,1394.7415771484375,1123.8426513671875,1986.302001953125,1466.0750732421875,312.876220703125,2428.89453125,4128.673828125,1703.3359375,14995.400390625
2026-02-11,1461.9405517578125,2855.21875,912.0157470703125,1394.344970703125,1161.9556884765625,1987.0919189453125,1440.7236328125,309.80975341796875,2438.1005859375,4130.06005859375,1706.627197265625,15258.755859375
2026-02-12,1442.231689453125,2698.514404296875,905.6215209960938,1418.045166015625,1171.2874755859375,1989.462158203125,1356.64306640625,309.0309753417969,2385.436279296875,4145.41015625,1710.4173583984375,15173.6103515625
2026-02-13,1413.0665283203125,2641.700439453125,889.1932373046875,1402.77392578125,1177.377685546875,1979.783935546875,1340.1009521484375,305.4291076660156,2281.988525390625,4133.5263671875,1693.062744140625,15085.49609375
2026-02-16,1430.4859619140625,2655.830322265625,910.7368774414062,1399.7989501953125,1186.70947265625,2004.177001953125,1336.6751708984375,309.5177307128906,2295.649658203125,4160.859375,1696.054931640625,14901.3447265625
2026-02-17,1416.450927734375,2666.427490234375,910.6385498046875,1395.7332763671875,1191.9156494140625,1995.1900634765625,1361.73291015625,316.8188171386719,2289.01708984375,4238.40185546875,1712.611572265625,15028.072265625
2026-02-18,1434.666748046875,2644.349609375,909.6548461914062,1396.4273681640625,1197.3182373046875,1996.6715087890625,1344.603515625,323.6331787109375,2300.1044921875,4284.05615234375,1719.8924560546875,15013.2216796875
2026-02-19,1403.0130615234375,2627.66845703125,900.702880859375,1377.189697265625,1184.3519287109375,1963.884033203125,1341.471435546875,317.3542175292969,2256.349365234375,4239.09521484375,1708.9212646484375,14754.81640625
2026-02-20,1412.8675537109375,2635.81298828125,897.0138549804688,1382.8419189453125,1194.5677490234375,1952.8232421875,1324.5377197265625,318.32769775390625,2291.195068359375,4338.22705078125,1719.8924560546875,14828.0810546875
2026-02-23,1421.4278564453125,2626.0986328125,908.5726928710938,1387.7010498046875,1206.0606689453125,1972.4759521484375,1299.3822021484375,316.7701416015625,2321.78369140625,4375.3642578125,1727.7718505859375,14922.13671875
2026-02-24,1422.2242431640625,2525.423095703125,895.6858520507812,1373.2230224609375,1201.640380859375,1916.8756103515625,1248.4835205078125,314.9205322265625,2334.85107421875,4218.00146484375,1727.273193359375,14777.587890625
2026-02-25,1392.063720703125,2579.980224609375,892.8330078125,1388.791748046875,1178.85107421875,1889.6187744140625,1262.7742919921875,311.2699890136719,2350.98681640625,4256.9208984375,1759.58837890625,14920.15625
2026-02-26,1400.3255615234375,2598.03515625,883.9794311523438,1393.155029296875,1188.084716796875,1905.6173095703125,1261.7955322265625,309.8584289550781,2359.30224609375,4245.037109375,1781.0322265625,15061.734375
2026-02-27,1387.48486328125,2587.92822265625,873.3060302734375,1367.3724365234375,1180.4227294921875,1855.942626953125,1272.5625,305.2830810546875,2314.557373046875,4236.91650390625,1732.4595947265625,14709.2744140625
2026-03-02,1351.75,2564.4765625,865.0918579101562,1362.5133056640625,1168.831787109375,1849.9183349609375,1261.5997314453125,306.548583984375,2297.233642578125,4027.36328125,1747.9190673828125,14244.9375
2026-03-04,1338.8099365234375,2539.2587890625,854.5167846679688,1353.9852294921875,1153.704345703125,1882.2119140625,1279.7078857421875,303.6768493652344,2238.53076171875,3845.044189453125,1745.92431640625,14017.224609375
2026-03-05,1383.005615234375,2530.427490234375,863.4686889648438,1346.2503662109375,1148.79296875,1883.2982177734375,1278.141845703125,303.23876953125,2232.294189453125,3999.634033203125,1779.8353271484375,14271.6689453125
2026-03-06,1398.334716796875,2509.625244140625,843.10546875,1302.419921875,1122.7620849609375,1847.5482177734375,1280.686767578125,301.48651123046875,2203.2890625,3911.593994140625,1794.6964111328125,14018.21484375
2026-03-09,1417.4462890625,2479.99169921875,827.0215454101562,1267.7125244140625,1079.050048828125,1843.4990234375,1287.14697265625,297.8846435546875,2172.50244140625,3804.93603515625,1802.675537109375,13373.6875
2026-03-10,1402.3162841796875,2465.9599609375,835.629150390625,1300.9324951171875,1092.5074462890625,1827.4017333984375,1268.1578369140625,300.8537292480469,2168.146484375,3838.5078125,1808.0614013671875,13729.1181640625
2026-03-11,1383.8017578125,2418.6640625,820.38134765625,1283.777099609375,1071.781005859375,1784.5411376953125,1249.2667236328125,300.8050842285156,2139.636474609375,3801.667724609375,1821.127197265625,13362.796875
2026-03-12,1385.7926025390625,2396.5859375,819.2008666992188,1255.9119873046875,1065.9854736328125,1778.9119873046875,1238.9891357421875,296.0350341796875,2115.383056640625,3683.521728515625,1820.52880859375,12881.62890625
2026-03-13,1374.3455810546875,2365.284423828125,803.7071533203125,1244.3099365234375,1028.4619140625,1780.98583984375,1221.8597412109375,293.455322265625,2138.250732421875,3405.73486328125,1796.890625,12465.8056640625
2026-03-16,1388.6793212890625,2364.0087890625,826.9231567382812,1262.258544921875,1047.8131103515625,1766.5673828125,1223.3280029296875,300.0749816894531,2153.79248046875,3435.8408203125,1778.5386962890625,12630.154296875
2026-03-17,1391.167724609375,2346.837158203125,831.5958251953125,1277.9263916015625,1045.8485107421875,1804.2926025390625,1206.785888671875,296.76513671875,2136.46875,3508.531005859375,1789.70947265625,12843.0166015625
2026-03-18,1401.6195068359375,2395.01611328125,829.333251953125,1278.521484375,1050.8582763671875,1832.339599609375,1240.261474609375,295.986328125,2113.79931640625,3573.001220703125,1773.651611328125,12918.26171875
2026-03-19,1378.4267578125,2311.806640625,785.2130126953125,1239.6490478515625,1030.3282470703125,1804.2926025390625,1194.9422607421875,290.0968017578125,2056.383544921875,3401.278564453125,1739.8402099609375,12473.7255859375
2026-03-20,1407.8905029296875,2345.7578125,767.7518310546875,1234.9884033203125,1039.26708984375,1823.1551513671875,1229.2987060546875,291.9950866699219,2061.72900390625,3401.57568359375,1772.4547119140625,12475.7060546875
2026-03-23,1401.3209228515625,2339.085205078125,732.04248046875,1212.4781494140625,1013.6292724609375,1773.5791015625,1230.1796875,282.7470397949219,2031.5361328125,3310.0693359375,1753.8035888671875,12232.15234375
2026-03-24,1405.302490234375,2353.803955078125,752.454833984375,1240.7398681640625,1012.5487670898438,1779.7020263671875,1251.224365234375,283.52581787109375,2064.005859375,3482.782470703125,1748.717041015625,12340.068359375
2026-03-25,1406.596435546875,2332.80517578125,769.5717163085938,1249.1688232421875,1041.821044921875,1812.0943603515625,1252.00732421875,287.8578186035156,2113.304443359375,3614.000732421875,1790.7069091796875,12584.6123046875
2026-03-27,1341.8956298828125,2344.97265625,743.8963623046875,1223.4854736328125,1001.4487915039062,1820.9825439453125,1242.806396484375,286.88433837890625,2053.512451171875,3529.625,1788.91162109375,12265.8134765625
2026-03-30,1337.7149658203125,2314.652099609375,719.6473999023438,1195.8187255859375,962.058837890625,1760.2469482421875,1224.1109619140625,280.0699768066406,2034.505859375,3470.205322265625,1752.606689453125,12183.638671875
2026-04-01,1362.8984375,2363.02734375,730.17333984375,1202.561767578125,999.7789306640625,1759.7530517578125,1248.6793212890625,283.9638977050781,2043.91015625,3572.60498046875,1723.9818115234375,12384.62109375
2026-04-02,1344.2845458984375,2404.730224609375,738.6826171875,1205.635986328125,1000.3683471679688,1767.4560546875,1273.247802734375,285.0834045410156,2044.5042724609375,3578.151123046875,1689.1729736328125,12505.4072265625
2026-04-06,1298.6953125,2427.4951171875,758.45556640625,1221.10546875,1014.4642333984375,1770.5177001953125,1278.5333251953125,287.0303649902344,2063.807861328125,3691.642333984375,1690.17041015625,12561.8408203125
2026-04-07,1298.5958251953125,2492.1591796875,759.4392700195312,1235.0875244140625,1012.1558227539062,1807.5516357421875,1311.0301513671875,290.5348815917969,2089.34814453125,3687.284912109375,1713.5091552734375,12670.7470703125
2026-04-08,1341.5970458984375,2511.195068359375,802.82177734375,1298.2550048828125,1042.656005859375,1838.4625244140625,1317.68603515625,294.4288024902344,2123.995849609375,3967.1513671875,1710.1180419921875,13466.7529296875
2026-04-09,1323.87890625,2540.436279296875,784.72119140625,1270.58837890625,1022.5189819335938,1836.2899169921875,1303.395263671875,294.9642028808594,2111.720458984375,3858.512451171875,1712.611572265625,13453.8818359375
2026-04-10,1343.9859619140625,2476.94970703125,797.1161499023438,1310.848876953125,1047.8131103515625,1846.758056640625,1265.12353515625,296.1810607910156,2133.59814453125,3921.59619140625,1650.57421875,13572.6884765625
2026-04-13,1309.0474853515625,2426.2197265625,781.7699584960938,1339.8046875,1044.7188720703125,1847.64697265625,1249.756103515625,290.72955322265625,2105.781005859375,3916.050537109375,1647.881103515625,12945.982421875
2026-04-15,1337.9140625,2506.975830078125,796.72265625,1336.829833984375,1052.528076171875,1832.6357421875,1277.6524658203125,294.0393981933594,2135.875,4036.87060546875,1692.1651611328125,13156.865234375
2026-04-16,1337.1177978515625,2528.56298828125,782.5077514648438,1334.2515869140625,1048.255126953125,1817.7235107421875,1291.2579345703125,295.35357666015625,2117.561279296875,4079.949462890625,1688.67431640625,13202.4072265625
2026-04-17,1358.7178955078125,2533.07666015625,786.8853759765625,1335.540771484375,1061.1231689453125,1823.9451904296875,1290.7685546875,298.6634216308594,2218.237060546875,4056.47900390625,1671.120361328125,13319.234375
2026-04-20,1357.0257568359375,2531.212646484375,782.5077514648438,1344.862060546875,1088.2344970703125,1823.1551513671875,1284.7977294921875,296.9111633300781,2209.03076171875,4011.815185546875,1664.23828125,13316.263671875
2026-04-21,1347.07177734375,2561.532958984375,798.5425415039062,1376.79296875,1092.1636962890625,1831.944580078125,1285.385009765625,301.4378356933594,2287.43310546875,4035.97900390625,1660.84716796875,13327.154296875
2026-04-22,1355.8311767578125,2490.883544921875,786.8853759765625,1356.166748046875,1083.76513671875,1806.2677001953125,1241.729736328125,297.39788818359375,2344.9482421875,3982.20458984375,1665.435302734375,13204.3876953125
2026-04-23,1337.21728515625,2474.496826171875,771.5883178710938,1336.730712890625,1074.875244140625,1818.3160400390625,1214.32275390625,297.20318603515625,2342.572265625,4014.88525390625,1675.708251953125,13029.1474609375
2026-04-24,1321.6890869140625,2351.939453125,772.0802001953125,1315.1129150390625,1081.60400390625,1791.9478759765625,1130.144287109375,293.6013488769531,2303.8662109375,3975.47021484375,1616.164306640625,12918.26171875
2026-04-27,1359.51416015625,2401.6884765625,776.9496459960938,1303.114013671875,1092.1636962890625,1797.478271484375,1145.5118408203125,295.7916564941406,2304.856201171875,4014.39013671875,1728.96875,13090.53125
2026-04-28,1382.5078125,2398.8427734375,769.817626953125,1281.1988525390625,1071.9775390625,1820.8837890625,1127.697265625,296.3757629394531,2266.44677734375,3998.643798828125,1742.732666015625,12763.8125
2026-04-29,1418.83984375,2428.280029296875,766.3253784179688,1270.290771484375,1067.655517578125,1864.6331787109375,1142.7711181640625,307.86279296875,2291.095947265625,4056.47900390625,1774.050537109375,13125.18359375
2026-04-30,1424.215087890625,2427.4951171875,759.1441650390625,1252.8380126953125,1049.5321044921875,1863.349365234375,1156.768310546875,306.548583984375,2228.2353515625,3975.173095703125,1803.5732421875,13181.6162109375
2026-05-04,1456.3663330078125,2385.6943359375,766.7189331054688,1260.1761474609375,1049.4830322265625,1804.3912353515625,1143.652099609375,302.8493957519531,2286.04736328125,4061.13330078125,1818.7333984375,13444.9716796875
2026-05-05,1456.864013671875,2381.76953125,759.734375,1240.839111328125,1041.133544921875,1783.65234375,1153.1466064453125,303.19012451171875,2303.965087890625,4015.28125,1816.04052734375,13292.5029296875
2026-05-06,1431.2823486328125,2389.71728515625,783.58984375,1268.8033447265625,1076.5943603515625,1810.9091796875,1142.4774169921875,302.4599914550781,2293.768798828125,3969.726318359375,1845.3636474609375,13585.5595703125
2026-05-07,1429.590087890625,2356.35498046875,783.0979614257812,1268.3074951171875,1072.6651611328125,1803.8974609375,1138.07275390625,299.24749755859375,2249.32080078125,3984.0859375,1829.60498046875,13633.08203125
2026-05-08,1428.5947265625,2349.486083984375,768.145263671875,1254.226318359375,1001.2523193359375,1811.6993408203125,1154.2232666015625,299.29620361328125,2264.664794921875,3936.05517578125,1843.0697021484375,13589.51953125
2026-05-11,1381.81103515625,2348.014404296875,751.2251586914062,1255.8128662109375,956.3615112304688,1737.9278564453125,1152.0699462890625,297.7386169433594,2283.968505859375,3902.0869140625,1867.8048095703125,13348.935546875
2026-05-12,1357.722412109375,2257.151611328125,738.2399291992188,1229.93115234375,957.3438110351562,1734.965087890625,1116.1473388671875,292.7252197265625,2239.2236328125,3819.196533203125,1840.8753662109375,13041.0283203125
2026-05-13,1352.54638671875,2230.167236328125,737.4037475585938,1225.2703857421875,952.9234619140625,1766.9622802734375,1099.3115234375,296.3757629394531,2244.47021484375,3877.923095703125,1820.0301513671875,12972.71484375
2026-05-14,1355.5325927734375,2203.8701171875,757.0291748046875,1235.5833740234375,962.5499877929688,1860.09033203125,1071.8067626953125,299.0528259277344,2226.057373046875,3902.284912109375,1858.32958984375,12944.9931640625
2026-05-15,1330.24951171875,2221.532470703125,755.0125122070312,1234.095947265625,963.2000122070312,1881.7181396484375,1095.2984619140625,301.2431640625,2249.32080078125,3871.188720703125,1873.2904052734375,13089.541015625
2026-05-18,1329.7518310546875,2240.3720703125,756.143798828125,1240.6407470703125,939.4000244140625,1914.01171875,1118.3006591796875,301.924560546875,2231.502197265625,3879.903564453125,1900.818359375,12886.5791015625
2026-05-19,1316.6124267578125,2283.448974609375,750.044677734375,1230.4268798828125,948.7999877929688,1889.7174072265625,1171.5484619140625,302.0705871582031,2210.41650390625,3883.07275390625,1877.3797607421875,12827.17578125
2026-05-20,1353.442138671875,2283.7431640625,747.1427001953125,1226.9561767578125,950.9000244140625,1881.224365234375,1168.4161376953125,299.3935241699219,2187.05419921875,3872.872314453125,1875.385009765625,12873.708984375
2026-05-21,1343.388671875,2283.546875,746.7984008789062,1232.41015625,950.9000244140625,1861.8680419921875,1156.180908203125,299.8802490234375,2157.059326171875,3890.5,1886.3563232421875,12880.638671875
2026-05-22,1348.26611328125,2273.83251953125,754.3239135742188,1253.73046875,949.2000122070312,1848.1407470703125,1149.622802734375,293.6986999511719,2181.411865234375,3926.60009765625,1839.7783203125,12857.8681640625
2026-05-25,1360.7086181640625,2295.61328125,774.0476684570312,1281.0006103515625,969.5999755859375,1851.49853515625,1143.75,295.8890075683594,2174.383056640625,4033.39990234375,1835.7886962890625,13039.0478515625
2026-05-26,1350.0579833984375,2263.78759765625,766.22705078125,1268.4066162109375,968.5,1823.9451904296875,1142.966796875,293.6499938964844,2187.153076171875,4037.800048828125,1835.98828125,13076.669921875
2026-05-27,1344.2845458984375,2271.744140625,746.3065185546875,1262.0601806640625,967.7999877929688,1829.1793212890625,1135.3321533203125,291.95001220703125,2176.263916015625,4047.5,1839.4791259765625,13231.119140625
2026-05-29,1315.119384765625,2246.58203125,732.4359130859375,1245.896484375,964.4000244140625,1806.2677001953125,1136.3109130859375,286.8999938964844,2131.816162109375,4076.5,1794.4969482421875,12996.4755859375
2026-06-01,1313.9249267578125,2284.8720703125,730.6160278320312,1229.3360595703125,954.0999755859375,1788.0963134765625,1177.02978515625,279.6499938964844,2063.31298828125,4010.800048828125,1791.8040771484375,12817.275390625
2026-06-02,1308.5498046875,2433.556884765625,736.0757446289062,1216.3455810546875,956.6500244140625,1791.651611328125,1243.8831787109375,283.25,2072.6181640625,4000.89990234375,1785.2213134765625,12892.51953125
2026-06-03,1307.15625,2229.475830078125,741.3878784179688,1231.6168212890625,970.4500122070312,1801.4285888671875,1196.7039794921875,277.0,2069.549560546875,3953.199951171875,1783.824951171875,12914.30078125
2026-06-04,1297.699951171875,2228.77978515625,741.9288940429688,1241.2357177734375,979.25,1796.293212890625,1175.855224609375,280.29998779296875,2058.462158203125,3942.10009765625,1775.4468994140625,12934.1025390625
2026-06-05,1291.0,2186.9091796875,734.8952026367188,1251.548828125,977.7000122070312,1775.8504638671875,1172.1357421875,280.70001220703125,2100.138427734375,3953.199951171875,1777.5413818359375,12920.2412109375
2026-06-08,1263.300048828125,2139.668212890625,726.6319580078125,1239.748291015625,981.9500122070312,1790.7628173828125,1162.4453125,279.45001220703125,2088.853271484375,3875.5,1784.1241455078125,12783.61328125
2026-06-09,1269.199951171875,2139.2705078125,726.3367919921875,1264.3409423828125,1002.7000122070312,1776.6405029296875,1155.300048828125,280.0,2111.32470703125,3900.60009765625,1774.3497314453125,12989.544921875
2026-06-10,1258.800048828125,2142.154541015625,734.698486328125,1282.488037109375,1003.25,1753.1363525390625,1145.300048828125,283.6499938964844,2147.655029296875,3917.5,1781.73046875,12943.0126953125
2026-06-11,1263.0,2123.95458984375,732.485107421875,1305.9898681640625,1000.7000122070312,1760.4443359375,1114.5999755859375,282.3999938964844,2118.254150390625,3862.0,1789.510009765625,12967.763671875
2026-06-12,1293.0,2149.61376953125,759.8819580078125,1329.5909423828125,1017.1500244140625,1799.8485107421875,1116.4000244140625,285.1000061035156,2146.962158203125,4049.300048828125,1802.9747314453125,13233.099609375
2026-06-15,1307.0,2150.21044921875,764.7022094726562,1316.501220703125,1020.8499755859375,1818.3160400390625,1134.9000244140625,287.8999938964844,2134.39013671875,4169.7998046875,1801.2791748046875,13667.734375
2026-06-16,1328.800048828125,2187.0087890625,772.1294555664062,1323.145263671875,1015.2999877929688,1829.9693603515625,1143.5999755859375,291.6499938964844,2177.748779296875,4186.39990234375,1795.9930419921875,13554.8681640625
2026-06-17,1332.699951171875,2210.8779296875,774.2935791015625,1325.6243896484375,1026.5,1852.38720703125,1157.699951171875,290.75,2175.47216796875,4207.7001953125,1815.6416015625,13494.474609375
2026-06-18,1328.0999755859375,2191.285400390625,786.0,1331.078369140625,1042.699951171875,1851.49853515625,1127.5,291.1499938964844,2196.16162109375,4190.0,1820.0301513671875,13349.92578125
2026-06-19,1309.5,2113.412353515625,779.7999877929688,1335.2431640625,1035.0999755859375,1887.051025390625,1051.4000244140625,292.5,2172.50244140625,4209.39990234375,1833.4947509765625,13261.810546875
2026-06-22,1326.5,2116.197021484375,786.4000244140625,1341.0938720703125,1040.75,1892.7789306640625,1065.4000244140625,291.25,2162.89990234375,4201.2998046875,1858.030517578125,13287.552734375
2026-06-23,1309.5,2048.368896484375,774.6500244140625,1327.11181640625,1024.199951171875,1877.96533203125,1029.300048828125,290.0,2160.10009765625,4179.39990234375,1863.1170654296875,13317.25390625
2026-06-24,1313.5999755859375,2097.49951171875,793.2000122070312,1362.11669921875,1034.5999755859375,1853.9674072265625,1056.5999755859375,290.3500061035156,2157.800048828125,4181.7001953125,1869.5003662109375,13116.2724609375
2026-06-25,1318.0999755859375,2083.27734375,796.2999877929688,1375.9005126953125,1045.4000244140625,1827.6978759765625,1041.199951171875,290.0,2174.199951171875,4216.39990234375,1857.9307861328125,13608.3310546875
2026-06-29,1301.0,2086.4599609375,798.9000244140625,1375.9996337890625,1036.0999755859375,1818.21728515625,1036.699951171875,290.70001220703125,2151.300048828125,4165.2001953125,1869.8994140625,13278.6416015625
2026-06-30,1293.9000244140625,2020.422119140625,797.9500122070312,1363.7032470703125,1026.9000244140625,1828.9818115234375,1000.4000244140625,286.95001220703125,2118.199951171875,4143.39990234375,1857.6314697265625,13974.65234375
2026-07-01,1308.0,1971.788818359375,796.1500244140625,1368.264892578125,1047.4000244140625,1847.7457275390625,985.2999877929688,290.29998779296875,2182.0,4092.60009765625,1861.32177734375,14251.8681640625
2026-07-02,1303.5,2056.82275390625,795.9000244140625,1388.2960205078125,1051.5999755859375,1851.6959228515625,1040.9000244140625,289.8999938964844,2210.60009765625,4059.39990234375,1866.1092529296875,14205.3349609375
2026-07-03,1304.0,2082.083984375,801.0499877929688,1399.6007080078125,1040.0,1886.656005859375,1047.199951171875,289.95001220703125,2201.199951171875,4026.60009765625,1899.8209228515625,14223.15625
2026-07-06,1321.300048828125,2046.3798828125,829.8499755859375,1414.9710693359375,1037.699951171875,1901.7657470703125,1042.199951171875,288.25,2202.0,4041.0,1907.800048828125,14312.26171875
2026-07-07,1308.4000244140625,2084.669921875,829.2999877929688,1402.873046875,1038.0999755859375,1901.8646240234375,1071.800048828125,288.75,2208.800048828125,3991.89990234375,1903.4000244140625,14393.4462890625
2026-07-08,1275.9000244140625,2046.2803955078125,810.2999877929688,1369.05810546875,1016.9000244140625,1864.6331787109375,1069.300048828125,280.6499938964844,2135.800048828125,3892.10009765625,1888.199951171875,13812.2822265625
2026-07-09,1279.800048828125,2038.323974609375,817.5499877929688,1369.1572265625,1022.0999755859375,1907.0986328125,1050.800048828125,282.04998779296875,2144.5,3886.0,1938.699951171875,13591.5
2026-07-10,1307.800048828125,2057.717529296875,824.9500122070312,1389.48583984375,1036.0,1896.53173828125,1068.0,281.75,2150.60009765625,3945.800048828125,1935.5,13716.2470703125
2026-07-13,1296.9000244140625,2169.604248046875,817.9500122070312,1397.716552734375,1037.0,1878.1629638671875,1102.5999755859375,279.6499938964844,2130.60009765625,3928.5,1921.4000244140625,13558.828125
2026-07-14,1293.0,2188.60009765625,809.4000244140625,1395.9315185546875,1015.4000244140625,1912.431640625,1092.9000244140625,275.54998779296875,2120.199951171875,3848.699951171875,1942.5999755859375,13354.8759765625
2026-07-15,1295.5,2189.199951171875,815.4500122070312,1404.3604736328125,1030.0999755859375,1894.4578857421875,1076.300048828125,276.6499938964844,2102.60009765625,3783.89990234375,1951.5,13447.94140625
2026-07-16,1296.5999755859375,2201.0,808.2999877929688,1406.34375,1031.199951171875,1897.914306640625,1082.4000244140625,279.3500061035156,2098.39990234375,3775.60009765625,1950.0999755859375,13645.953125
2026-07-17,1327.199951171875,2269.0,819.5999755859375,1432.2257080078125,1044.300048828125,1885.075927734375,1096.5,280.70001220703125,2143.800048828125,3814.5,1932.5999755859375,13665.75390625
2026-07-20,1323.0999755859375,2251.10009765625,777.5999755859375,1447.99267578125,1060.0,1915.98681640625,1087.0999755859375,282.70001220703125,2139.699951171875,3838.800048828125,1956.4000244140625,13379.6279296875
2026-07-21,1303.699951171875,2221.10009765625,761.4500122070312,1450.868408203125,1044.4000244140625,1924.1837158203125,1073.5,281.0,2142.5,3846.60009765625,1961.9000244140625,13461.802734375
2026-07-22,1288.5999755859375,2208.300048828125,753.1500244140625,1428.6556396484375,1025.0,1924.7762451171875,1052.0999755859375,280.79998779296875,2154.60009765625,3817.39990234375,1943.0,13410.3193359375
2026-07-23,1272.199951171875,2242.89990234375,747.25,1422.606689453125,1012.5999755859375,1907.0,1047.4000244140625,281.29998779296875,2161.800048828125,3792.39990234375,1954.0,13269.7314453125
2026-07-24,1278.0,2254.300048828125,742.7999877929688,1420.9208984375,1015.0,1898.199951171875,1040.9000244140625,283.45001220703125,2145.0,3785.60009765625,1941.0999755859375,13308.34375
2026-07-27,1280.0,2295.60009765625,739.5499877929688,1433.6138916015625,1020.5999755859375,1905.300048828125,1079.199951171875,285.8500061035156,2174.60009765625,3806.0,1973.699951171875,13593.48046875
2026-07-28,1267.699951171875,2398.0,735.4000244140625,1418.8385009765625,1013.2000122070312,1901.800048828125,1105.699951171875,284.6499938964844,2022.699951171875,3832.0,1976.699951171875,13664.763671875
2026-07-29,1275.9000244140625,2446.60009765625,748.2000122070312,1425.879150390625,1013.7000122070312,1950.199951171875,1155.5999755859375,286.25,2117.800048828125,3931.39990234375,1989.9000244140625,13809.3125
2026-07-30,1292.9000244140625,2431.800048828125,753.9500122070312,1421.91259765625,1025.300048828125,1956.800048828125,1155.0999755859375,285.04998779296875,2107.89990234375,3937.699951171875,2001.0999755859375,14046.92578125
2026-07-31,1307.800048828125,2365.60009765625,748.1500244140625,1423.4000244140625,1027.4000244140625,1972.0,1130.0999755859375,281.0,2101.300048828125,3938.89990234375,1990.5,14092.46875
2026-08-03,1319.0,2473.699951171875,753.0,1460.0,1045.0,1970.5,1180.0,287.0,2138.0,4025.0,1963.5,14009.3037109375
2026-08-04,1290.9000244140625,2460.0,742.0,1454.5999755859375,1042.699951171875,1970.0999755859375,1167.5,289.0,2096.5,3990.0,1964.0,14027.125
2026-08-05,1280.0,2413.0,735.0,1450.0999755859375,1055.0,1978.0,1174.0,286.95001220703125,2085.300048828125,4057.0,1940.0,14048.90625
2026-08-06,1325.0,2373.0,734.2999877929688,1457.5,1085.0,1948.0,1165.0,285.8999938964844,2079.5,4061.800048828125,1951.0,13940.0
2026-08-07,1334.800048828125,2452.699951171875,731.0,1421.0,1097.199951171875,1959.9000244140625,1175.0999755859375,286.1000061035156,2096.0,4056.0,1945.0,14037.0
2026-08-10,1327.300048828125,2425.699951171875,731.0,1431.800048828125,1071.0,1943.0,1183.0,282.6499938964844,2087.199951171875,4080.0,1944.4000244140625,14097.0
2026-08-11,1323.9000244140625,2445.699951171875,729.0,1429.5999755859375,1066.0,1915.199951171875,1190.699951171875,279.0,2064.89990234375,4037.39990234375,1942.0,13990.0
2026-08-12,1329.0,2349.699951171875,729.0,1431.699951171875,1082.0,1945.0,1176.0999755859375,276.1499938964844,2063.0,4020.0,1944.0,13875.0
2026-08-13,1317.0,2375.0,725.0,1406.800048828125,1083.0,1939.0999755859375,1175.0,278.5,2092.0,4070.699951171875,1932.0,13905.0
2026-08-14,1310.0,2361.0,727.0,1417.0,1067.699951171875,1992.0999755859375,1169.199951171875,278.20001220703125,2077.0,4057.0,1930.0,13834.0
2026-08-17,1316.0,2313.199951171875,729.0,1415.300048828125,1061.199951171875,1969.300048828125,1139.9000244140625,273.04998779296875,2055.0,4086.699951171875,1882.0,13760.0
2026-08-18,1322.0,2280.0,723.0,1412.0,1053.0,1934.199951171875,1115.0,270.0,2035.0,4064.300048828125,1875.0999755859375,13691.0
2026-08-19,1311.0,2289.0,720.0,1402.0,1048.5999755859375,1922.0,1119.800048828125,267.04998779296875,2020.699951171875,4041.300048828125,1900.0,13690.0
2026-08-20,1313.199951171875,2298.0,725.0499877929688,1411.9000244140625,1048.0,1941.699951171875,1130.0,271.6499938964844,2028.0,4081.0,1904.0,13809.0
2026-08-21,1316.0,2302.0,726.9500122070312,1420.0,1048.699951171875,1946.0,1121.0,269.3999938964844,2015.0,4093.0,1902.4000244140625,13565.0
2026-08-24,1309.800048828125,2284.10009765625,729.0,1415.0,1039.5,1935.0,1130.0,269.70001220703125,2030.0,4090.0,1910.0,13620.0
2026-08-25,1317.0,2296.199951171875,727.5,1422.699951171875,1048.0,1947.0,1144.0,271.3999938964844,2024.199951171875,4119.0,1922.0,13678.0
2026-08-26,1298.0,2270.0,727.2000122070312,1430.0,1052.0,1902.0999755859375,1120.0,270.25,2021.0,4038.10009765625,1899.5,13520.0
2026-08-27,1282.199951171875,2248.39990234375,711.0,1443.0,1042.9000244140625,1878.300048828125,1110.800048828125,269.0,2009.0,4027.0,1913.300048828125,13440.0
2026-08-28,1287.0,2342.0,720.2999877929688,1422.800048828125,1047.5,1882.4000244140625,1144.0,266.0,2010.4000244140625,4045.800048828125,1920.0,13376.0
2026-08-31,1277.0,2399.300048828125,709.0,1454.0,1060.0,1811.9000244140625,1133.800048828125,255.5,1967.4000244140625,4044.89990234375,1984.800048828125,13547.0
2026-09-01,1309.0,2369.0,711.9000244140625,1438.0,1034.5,1877.199951171875,1156.0,266.6000061035156,1994.800048828125,3980.10009765625,1929.0,12950.0
2026-09-02,1313.0999755859375,2348.0,700.7999877929688,1426.5,1020.9000244140625,1862.800048828125,1140.0,266.29998779296875,1975.0,3981.0,1931.699951171875,12849.0
2026-09-03,1302.5,2320.10009765625,706.6500244140625,1430.0,1023.4000244140625,1869.0,1130.300048828125,263.0,1962.0,3975.0,1916.0,12857.0
2026-09-04,1322.0,2304.0,712.0999755859375,1423.199951171875,1016.0999755859375,1840.0,1130.0,264.1000061035156,1973.4000244140625,3964.10009765625,1899.0,12694.0
2026-09-07,1309.5,2270.0,710.5,1427.5,1005.9000244140625,1854.0,1087.5,263.5,1960.0,3999.0,1895.0,12760.0
2026-09-08,1294.9000244140625,2255.5,703.0,1399.4000244140625,1008.0,1844.0,1082.0,263.5,1980.0,3946.10009765625,1885.9000244140625,12641.0
2026-09-09,1279.0,2208.0,687.0999755859375,1389.0999755859375,1000.5,1814.699951171875,1035.0,260.79998779296875,1945.0,3922.60009765625,1864.9000244140625,12618.0
2026-09-10,1274.0,2204.10009765625,693.7999877929688,1384.5,1009.7000122070312,1839.0,1036.5,259.29998779296875,1942.300048828125,3955.0,1861.0,12590.0
2026-09-11,1257.5,2200.800048828125,708.25,1379.300048828125,995.7000122070312,1831.0999755859375,1037.699951171875,259.8500061035156,1927.0,3930.699951171875,1840.0,12400.0
2026-09-15,1235.300048828125,2251.0,716.5499877929688,1350.4000244140625,968.0,1830.4000244140625,1077.0,258.0,1938.0999755859375,3850.699951171875,1835.0,12231.0
2026-09-16,1240.0,2188.800048828125,721.5,1358.800048828125,991.4000244140625,1835.0,1060.0,264.1499938964844,1962.0,3807.699951171875,1853.5,12166.0
2026-09-17,1243.9000244140625,2190.0,713.0,1347.5999755859375,988.7000122070312,1836.0,1058.5999755859375,266.20001220703125,1942.199951171875,3836.199951171875,1867.300048828125,12338.0
2026-09-18,1226.4000244140625,2105.0,731.0,1338.9000244140625,996.2000122070312,1893.300048828125,1051.4000244140625,262.29998779296875,1932.0,3885.0,1837.300048828125,12103.0
2026-09-21,1247.4000244140625,2128.699951171875,739.5,1345.0,996.0,1830.199951171875,1038.5,267.0,1947.0,3904.800048828125,1868.9000244140625,12153.0
2026-09-22,1240.4000244140625,2105.0,738.5999755859375,1339.5999755859375,987.0,1817.199951171875,1029.4000244140625,265.79998779296875,1933.800048828125,3866.39990234375,1846.4000244140625,12190.0
2026-09-23,1248.0,2089.60009765625,737.25,1340.0,994.0999755859375,1833.199951171875,1020.5,270.1499938964844,1950.0,3929.89990234375,1865.0,12230.0
2026-09-24,1219.199951171875,2087.0,728.9000244140625,1334.5,978.5,1795.800048828125,1014.5,268.0,1933.5,3858.39990234375,1849.9000244140625,11990.0
2026-09-25,1226.0,2082.0,735.5999755859375,1326.800048828125,983.0,1785.4000244140625,1000.2000122070312,269.0,1942.9000244140625,3876.199951171875,1852.199951171875,12065.0
2026-09-28,1197.5999755859375,2070.699951171875,719.0499877929688,1302.0,962.0,1771.4000244140625,1003.2000122070312,265.20001220703125,1896.0,3766.39990234375,1838.0,12008.0
2026-09-29,1182.0,2032.4000244140625,722.7000122070312,1292.199951171875,964.7000122070312,1771.199951171875,1015.4000244140625,265.1000061035156,1863.800048828125,3749.10009765625,1865.0,11877.0
2026-09-30,1187.0,2050.60009765625,708.7000122070312,1321.699951171875,959.5,1757.0,994.0999755859375,262.75,1879.0999755859375,3760.0,1816.5999755859375,11967.0
2026-10-01,1167.699951171875,2075.0,721.2000122070312,1310.5999755859375,954.0999755859375,1741.0999755859375,1035.0,255.89999389648438,1836.0,3693.39990234375,1801.0,11386.0
