Date,RELIANCE.NS,TCS.NS,HDFCBANK.NS,ICICIBANK.NS,SBIN.NS,BHARTIARTL.NS,INFY.NS,ITC.NS,HINDUNILVR.NS,LT.NS,SUNPHARMA.NS,MARUTI.NS
2020-01-02,0.017024512443263307,-0.0045907280266802575,0.006374149860608691,0.0071727269914134695,0.014501408502883617,0.004191496215458557,-0.0029180133675720255,0.007349765965480648,0.0007745703590273934,0.02698601180614113,0.0014968220129056853,0.002482280633410827
2020-01-03,0.0012048826315222971,0.01992949176879355,-0.014260747919039196,-0.003237100831823936,-0.01650453971346255,-0.0002197253731105464,0.015380577837432519,-0.005628541394573805,-0.005469478601205391,-0.007619175330632055,0.022186290657749685,-0.010314026400150555
2020-01-06,-0.02319220493808649,-9.10095619793827e-05,-0.021641404795987196,-0.02440375187423649,-0.04405170555002358,-0.011975462632794698,-0.00958441963467982,-0.014255597951057908,-0.00622574809689358,-0.013707449032778762,-0.010458920782932646,-0.029203557810993153
2020-01-07,0.01538455078170653,0.002454132686287913,0.01583455911424103,-0.005326293346155309,-0.0018807579014208375,-0.010118891165825317,-0.014820280853706902,0.00106327307936116,0.002740717183064234,0.002847887545881722,0.014660850585505703,0.004430352823233896
2020-01-08,-0.007510186526580087,0.022395057396735085,-0.0026177017455814022,0.005832919851752605,0.00439695098203341,0.030891918593507928,-0.013325962477425124,-0.004886556208840154,0.004503819624976035,-0.02192342508940015,-0.014112828440535297,-0.005428572351311223
2020-01-09,0.023031408153818766,-0.01813543112463889,0.011214554392193543,0.03869184495723332,0.03252039111265348,0.002724155624126867,0.013018412261139423,0.006831872415347773,0.0029542379571905197,0.019046941930610073,-0.0005681594266802037,0.027390791114286106
2020-01-10,-0.00022605433361566618,-0.0003612638963590431,0.008887726555777187,-0.011074356309155209,0.006208310458553301,-0.006737610826830109,0.01456959983721795,0.009330014177488355,0.00979301910472996,0.006420237366952408,0.008525748250750365,0.014194884755723836
2020-01-13,-0.0025522548903605946,-0.010481222568195947,0.0025727026737458747,-0.0030543796187478822,-0.004514637915398634,0.026039310612408162,0.04795777320301142,0.0052521295288945335,0.020905837690665896,0.007624851537628485,0.0022541902103654365,0.00302865210709502
2020-01-14,-0.009263499862462443,0.0075558689384522815,0.0027216622555281678,-0.001856556356758965,-0.008314474358088186,0.0009597373597123315,0.0027148415402746817,0.01671880619873578,0.006992939064052406,-0.006443338590654379,0.003148856696584934,0.004637617136445726
2020-01-15,-0.0036288615075490416,0.009062612682720683,-0.0040714123739075125,-0.003720374260488435,-0.011432941460272517,-0.0031958964471970885,-0.01044328700032826,-0.0034942180822113977,0.006396843268406727,-0.0018853412268464709,0.0068385885314103945,0.013016491792269935
2020-01-16,0.009220103630708687,0.005343776209255413,0.002647433330116522,0.0028941194055351893,-0.002929919413717008,0.012931463952743583,-0.0007164690499174009,-0.006807027893799278,0.013652311854699617,-0.0032484824572022175,0.0,-0.0027129325982651054
2020-01-17,0.028025164573555195,-0.008799486380359545,-0.007377714181412864,-0.009494611547454124,-0.016393422135592917,0.05518053223668362,0.0011083996922405248,-0.0033228207974412838,0.0053921692017333545,-0.011445599091028935,0.012359401946555826,0.0077050941784753135
2020-01-20,-0.030771676941780624,-0.021968184220131137,-0.018190491506836604,0.005262724470457725,-0.012578520461060005,0.017298257568068465,0.0007813055978509453,0.008126686537720973,0.0012376526168875746,0.004140345564643155,-0.011328567398439793,-0.009381393219155654
2020-01-21,0.0010116670887163615,0.0003225144300904592,-0.008407010909236678,-0.00710486516122788,-0.0009555138650841899,0.005995606306227863,-0.007742740437163165,-0.014262100950750423,-0.003611521145398755,-0.005535859606405791,-0.004561026251657441,-0.019725938034800827
2020-01-22,-0.0003586850253112228,0.016512553274432795,-0.002812654767078704,-0.015441145675021417,0.007810164709286749,0.0053737276648462284,0.010098327978952604,-0.0016775709530824079,-0.0018000896028077529,-0.0062580257097254455,-0.002458789888592272,-0.0228752800443478
2020-01-23,-0.004239079355847997,-0.004972886740847948,0.0032234840170368706,0.009276201082640378,0.022299474489569926,0.017784178762393354,0.018371792612916327,-0.000630202732692875,0.0025344340157560374,0.02943909952023871,0.00795430465275726,0.0016116782423727383
2020-01-24,-0.0034711795681668933,-0.0034460636875579542,-0.00024089766742863006,0.011654331939439544,0.002629930220643173,0.001145959481939629,-0.002039714195757658,0.0010509399153872945,0.00816770627253205,0.02019068813815106,-0.0045571889900013485,-0.002609478069516502
2020-01-27,-0.009858321590908936,-0.006480609182413666,-0.0251897144648483,0.006368908169971155,-0.024224470429667022,-0.018788736611758727,-0.00594057423233163,-0.01490648672669792,-0.005955528683220135,-0.007798837094711741,0.001339960447197086,0.002854766980145973
2020-01-28,-0.0230992784409616,0.006684453060416651,0.008242536993904315,-0.01684521778229575,-0.0034791029147029917,-0.04500401099386242,-0.00012861101779537698,-0.0164109014559648,-0.0003637716292685944,-0.0014458506486594302,0.010035671326363627,-0.02122738974361138
2020-01-29,0.005503636013290736,-0.013348666216134508,0.010341655825941265,-0.0030290618980302053,0.004284535377897081,-0.002035681110537535,0.01503860459150963,0.02556868106140109,0.006599874332257727,0.014146143899520736,-0.006182299585385187,0.0018936548094343753
2020-01-30,-0.02439429217243816,-0.007774311435241099,-0.007929599757793282,0.010634138949187966,-0.018170292333846705,-0.0009178097086846027,-0.01139687902208597,-0.01098665125101772,-0.007762012579774935,0.003295014468372326,-0.01777389599391377,0.0014479964420361924
2020-01-31,-0.022233861645423292,-0.0275039445207107,0.00020377282119365958,-0.012307319785482385,0.02494358931678864,0.013577041110160781,-0.006084264106606341,0.004699979060318604,-0.011588261199879546,-0.000656818832167172,-0.017643037778857673,-0.015234154751459394
2020-02-03,-0.018524270619163508,0.011279006008946713,-0.02731783622182371,-0.019214228722929327,-0.06390342267603488,0.027394428181040542,-0.011018716171192766,-0.11715942199313711,0.07113181810314884,-0.060359237609170835,-0.038567825025311864,0.01414627057679807
2020-02-04,0.029520011190920847,0.002497089414795761,0.03101937984964409,0.029580014453210124,0.027339950802139246,0.017351240180124794,0.026648337567611202,0.03877676471292646,-0.01071614195091286,0.0039637686117441895,0.01939880560519147,0.02685657142992559
2020-02-05,0.015493550816079171,0.018408356626024025,0.012075102342750998,0.015636765182005963,0.01551019465802228,0.027847363618483945,-0.00418860146636979,0.0037095705763094955,0.002180510901984789,0.014166823762443492,0.0014096893540085365,-0.02204280123091973
2020-02-06,0.006420338417855831,-0.008478751939750562,-0.003896664089240609,0.004637262631565164,0.03520894910136896,0.025218024555245577,-0.016824878576556235,-0.013398153173515781,-0.0018055376052493743,0.005763156058338659,0.010322632058130443,-0.0027411608384398933
2020-02-07,-0.016565854983117245,0.0038526579505762104,0.001935876418383442,-0.009508779635330367,-0.0043485727026639776,-0.013441972050478923,0.007713723948388873,-0.0007023026111889763,0.0016462307460645142,-0.014116564498527051,0.0003483305438014561,-0.007099521069043102
2020-02-10,0.0013601054660159484,0.011888333676357998,-0.0015294670784901099,-0.004660407474256334,-0.00639510474709748,-0.0013902095783336899,-0.005274745341990683,-0.013355043899042185,-0.00030085594844075914,-0.010546606240675716,-0.02437343224177635,-0.011309920860789635
2020-02-11,0.011946293333144897,-0.003954832589490365,0.00024188696337001936,0.010862589117697885,0.01836741662343866,-0.008167862472713283,0.000452850560535234,0.009736185977283318,-0.0030795509261561937,0.0012447732274600831,-0.004163619112783845,0.020434108524796102
2020-02-12,0.012080388865526759,0.008056965104695557,0.006770880304201254,0.017693378518252034,-0.012794824602653132,0.0099196507862791,0.009695527598997167,0.0021166261301428513,0.05003118287899566,0.008081651081178975,-0.009437256365402158,0.0013577641314059807
2020-02-13,0.002618471429081559,0.009766371154781073,-0.006084874831111198,-0.015110073277917913,0.022642027656321062,0.0006486319389673589,0.014339717236165894,-0.005397932740571987,0.010197351977564661,-0.003892705116338546,0.010492006995723724,-0.00543076911962892
2020-02-14,0.009123978831342638,-0.003535589327812505,-0.017762200035712716,0.008872241371076228,-0.0245840248258673,0.04639307156693073,-0.007321080481781039,-0.019820643763100554,-0.012415722494049986,0.0022441153545722514,-0.0009548223135350531,-0.013026317681433919
2020-02-17,-0.006285309660801541,0.008721651908462746,-0.0018042787827216022,-0.007695071006087573,-0.016280297002441046,-0.00026547994081627113,0.0038146902623019674,-0.013962283781702833,-0.001086168127860998,-0.011543049423438312,-0.017206042333487992,-0.001019581874557307
2020-02-18,-0.007339912303069074,0.005673421746664076,-0.0032042315791127596,-0.0007384855300898163,0.01066180816096507,-0.02938830685268934,0.010386852934774371,-0.0046387223702906155,-0.008079727065604447,0.004803739822587305,0.0006120879007229796,-0.018192518702642047
2020-02-19,0.024805921326096048,-0.008755516077936898,0.011497870908623309,0.006651751992150956,0.008817653799203073,-0.008846417322449285,0.003510391659997225,0.013980915600937616,0.02584589083596267,-0.0038480352467731294,-0.012480099833166114,-0.0036129116628665914
2020-02-20,-0.011869996878211553,-0.018007047954289424,-0.008230175023862474,0.0040383392254008665,0.022787503958444866,0.004048638391319415,-0.00430997124630883,0.0036284043299270596,-0.019152300258535204,-0.0006243337322220377,0.0034691773774533363,0.0001480004948719582
2020-02-24,-0.027591802488431516,-0.019218286898732506,-0.005874398273524983,-0.03135285521510811,-0.014344567210068937,-0.028775674918878003,-0.0014430882908895715,-0.02145101180298481,-0.014722640122103225,-0.01632055150830014,-0.017532952361146603,-0.042500358805832694
2020-02-25,-0.019758351465700486,0.019287685177889813,-0.007975469621850029,0.002075901063448793,0.011921153823899022,0.010096271398863488,0.003204202629981001,-0.005911155077299557,0.008329124231434726,-0.014011088196165145,-0.022496007267398088,-0.008631516155566565
2020-02-26,-0.017226665051229384,-0.01509632266560057,-0.0008750357867479686,-0.01365459763137089,0.004284139565567058,0.0013076861287550923,-0.019601550156349012,-0.01585720336284957,0.0011639257196547348,-0.024878243248312226,-0.03651325102855907,-0.02801442920081465
2020-02-27,-0.0041308174579643975,-0.008523604464886758,0.00016692349725699884,-0.01594433118159233,-0.0190433249569254,-0.008023153429773333,-0.00626014536360886,-0.0052872711650702175,0.008384728955398213,-0.0006606585652123576,0.03682952015032548,0.008813296515152613
2020-02-28,-0.0415511052075479,-0.050035453137662556,-0.01817491318259279,-0.035121698166270976,-0.05885993582087745,-0.015329446906186095,-0.05933029673918,0.0,-0.03556621404529825,-0.018837412176597068,-0.04015449601466514,-0.0010652616164488204
2020-03-02,-0.00940791661818019,0.0005749264871142135,0.0016556860517544791,0.017797922610516492,-0.051485081401951516,-0.00983770856084798,0.012778620186718825,-0.011389279908653904,-0.007035052463426061,-0.02244119183334592,-0.009117800582516655,0.00032624081827936635
2020-03-03,0.020286418675148354,0.01743858931749709,0.0018651905073199249,0.0170914899027923,0.00852463733241704,0.004726623249585504,0.008029121883893486,-0.007424607212941581,0.0033338786898375883,0.017572514153769703,0.06508807425442664,0.01605377682327558
2020-03-04,-0.0023457104151543007,0.023082293430913392,-0.027881428270533304,-0.01243320501096401,-0.01569788486227508,-0.007776546627095815,0.01572953458005788,-0.03275734515665951,0.004246259495021443,-0.003936281155012433,0.0302374560008678,-0.00026618370936182245
2020-03-05,-0.021310815750807954,0.020089190243775423,0.002176369767333153,-0.007573633223312393,0.011216295557607614,0.019641970273895026,-0.005469600620069182,0.0029335285728322447,0.019372032828239183,0.004929177602905455,-0.0013564072956073758,-0.00288203913600793
2020-03-06,-0.030622142019482435,-0.004047048095968675,-0.014287559276422224,-0.03597612389358318,-0.06239166735523394,-0.014708645030826695,-0.020739496962038473,-0.03350178730298947,-0.01311995003189459,-0.019916196705343725,-0.00987894510856413,0.01256693648829632
2020-03-09,-0.12340666294684022,-0.06808563424923098,-0.02431952026109141,-0.058805353114030234,-0.0630314347481028,-0.04411059879942347,-0.04668772578599012,-0.025034328276018925,-0.030791713532932863,-0.04914161261901495,-0.018832590122185744,-0.03798513219376298
2020-03-11,0.035363270082461096,-0.009455671696178225,0.005870299462650275,0.017258257433095725,-0.03294529953611569,-0.00493692324418793,-0.026190458530812477,-0.008747317137162147,0.015790523511757915,0.013612381343572899,-0.018812710273210187,-0.00883715034282917
2020-03-12,-0.07849679566965362,-0.09410357202131014,-0.0830491827767652,-0.08590136184810859,-0.13259900901521549,-0.05842455702261795,-0.0798835346497534,-0.11300884288846857,-0.04596274330275285,-0.08988760298290521,-0.08071012083822815,-0.08186233005904964
2020-03-13,0.03979308680566063,0.02059505962628161,0.04748858634926023,0.05062836087944733,0.13828783175755044,0.05785568769853988,0.017664823629989668,0.04139936531513966,-0.01106540130598177,0.034331736513543154,0.08286371277233928,0.034634989560142104
2020-03-16,-0.08106399131540942,-0.06084273254723416,-0.065713206474588,-0.0990608439952545,-0.07706608250069047,-0.054996438042611895,-0.09216168761125088,-0.092449952903366,-0.04490478375295348,-0.07870064001932131,-0.040733968973655554,-0.06137603156926763
2020-03-17,-0.007580925483820167,-0.02263590979631591,-0.024412256566071378,-0.08848343268352932,-0.036713621945185904,-0.021729730624478805,-0.04835796415617177,0.012903219205193883,0.032004885913827774,-0.012336332305713404,0.004341232799038641,0.02257206444121085
2020-03-18,-0.03918648274393499,-0.002171319452657028,-0.10070758863298168,-0.03321989714325524,0.00023231595533301785,-0.06410821977673853,-0.03721063401207969,0.010392388237632,-0.040043824840908515,-0.05455956535864215,-0.019991929988746437,-0.044843512572424915
2020-03-19,-0.05245222945486039,-0.0036839376206432295,0.021268063989972275,-0.04647237100323365,-0.053671061625858996,0.04511799095975033,0.0210556553645056,0.07398788220873898,-0.04444346871133664,-0.06793449027365639,-0.006478171627437246,-0.0995954374877781
2020-03-20,0.10924041094713943,0.09845104519265258,-0.014181257120654545,0.02111956336423515,0.030444571676285337,0.04024741765688811,0.07267884401133928,0.08433708262629591,0.116085582535014,0.025619856085244974,0.013457223775194871,0.053874340462269465
2020-03-23,-0.1315388340530267,-0.07107272072287862,-0.12606887404501854,-0.1784785056211876,-0.13462004220233514,-0.11952879303488839,-0.10039302058145116,-0.12079748589143657,-0.08870685334769102,-0.16265765868420523,-0.11156725847517446,-0.16909158523578383
2020-03-24,0.06713415660370226,0.02003345194899775,-0.004990020383734528,0.0440140724747462,0.008810597598636782,-0.008101092800770981,0.12033434677270827,-0.029812119439302953,0.08458571009943272,-0.008612601200659431,0.03281942348542377,0.06305178927228905
2020-03-25,0.14718033336607217,0.027683851410223337,0.11599589205693572,0.06880279431234504,0.03657213767408751,0.06199720712182333,0.02780619307115262,-0.015698165271632036,0.02973585312980176,0.08172037512699237,0.03729665622804279,0.11579298689191031
2020-03-26,-0.014830089751204145,0.023224576252821816,0.0517653445266999,0.042126872812512595,0.015007870464111006,0.09694712898678182,0.06070583413060748,0.06141862333133363,0.05112187468570317,0.09435181919570046,-0.02689464593934121,-0.025559624014639848
2020-03-27,-0.0005627564020691533,0.018733024412878274,0.003717735602279726,0.029068851016008423,0.016601861453648503,-0.04620782815762958,0.01508560173569018,0.04347794973061392,-0.024762051962632592,-0.0011335544550825638,-0.0001477072105032784,-0.04754005097275582
2020-03-30,-0.032986125179903625,-0.02521231091472853,-0.08049095537055762,-0.07782839321752066,-0.04618531982544638,-0.03987089457530402,-0.039834738585327156,-0.02450965134865657,0.02046224759911852,-0.045875287499932194,-0.016408104041964244,-0.068369278384939
2020-03-31,0.08083848384944914,0.026764070157682784,0.03637359082551761,0.033024758949423694,0.05323706312388832,0.022851320215089732,0.02361615719957677,0.07851761078420805,0.052257827522743217,0.012333305376514447,0.058911855504945265,-0.009275606983481177
2020-04-01,-0.029899009142354882,-0.06426258331371226,-0.03741736077987534,-0.03891892943778752,-0.05232421056700598,-0.044341255600909624,-0.060327492392447835,-0.030867805000102777,-0.05170745695512857,-0.042238773965399545,-0.02483678080866558,-0.009782514666114128
2020-04-03,-0.0027766078369683145,-0.03192390075952489,-0.0190443051996666,-0.07874023075487468,-0.05923335608968561,0.006170663825297629,-0.0283675857699367,0.06911047485879962,-0.011722057679378062,0.00038740662827563277,0.09430958478747886,-0.055306311904832484
2020-04-07,0.11940230153523457,0.07314729828321131,0.10106299280094011,0.1376244450976336,0.06210816323143864,0.10909319524517902,0.0910022305242646,0.02051720738813767,0.13499820655994887,0.03485438737936586,0.11012083673110307,0.13514892796392575
2020-04-08,-0.01156631544734299,-0.039291420377876474,-0.008034930680018482,-0.021925776948354625,-0.01824029363512092,-0.018183904464598943,-0.011580670105522106,-0.015973254966975325,0.006524005466755467,0.006798575022540776,0.04636403912044629,0.03172189420357152
2020-04-09,0.023319274615700047,0.0355916569237229,0.04066830769130991,0.07446313630216062,0.025956451551771842,0.05859424482083808,0.0073621160097414595,0.036943420135878924,-0.03600396602263156,0.007062212339997709,0.040645909931240176,0.13378807900033607
2020-04-13,-0.025246758849893136,-0.003906705851233538,-0.03210642801985153,-0.035161984434081583,-0.02263666473644599,0.048086767751241544,0.0018076881665487488,-0.019703105073932137,-0.010875801617518333,0.0647761141052543,0.017383501705599436,-0.008166613576790382
2020-04-15,-0.03304892156053629,-0.013698989004051199,-0.03579610347718465,-0.009980446742706817,-0.0062669816763033515,-0.0033189522797182347,0.002588518957519881,0.04267606627052589,0.0601337028238107,0.016985417667405578,-0.02844150942521151,-0.03574569153425444
2020-04-16,0.01582817993453789,-0.011007619752459896,0.019054847628446225,0.044753324923458626,0.033726273519679495,-0.019686647642955024,-0.023785344243452022,-0.01584349203386537,-0.020683159213641722,0.03578947943485877,0.03227941766264375,0.007164932567019111
2020-04-17,0.04790028895493692,0.05253337476951758,0.03472582467113705,0.09809957347768816,0.025198924067601824,0.003996451904666021,0.007854543847159556,0.009390704906939051,-0.020976136313348603,0.02330925592697719,-0.014233234492886826,0.07293194363110667
2020-04-20,0.01617626012633,0.006892815814671049,0.0379544856462386,-0.03794444166730915,-0.0038810405450304675,-0.024181535292334688,0.039045714879949234,-0.03934066479792775,-0.020314523690894037,-0.018544271003723467,0.035659481921307856,-0.031543815764815464
2020-04-21,-0.005185471950679643,-0.04453858282242096,-0.024554163195626866,-0.08151110685254148,-0.04025960885163582,0.020803585362722643,-0.03076677675086581,-0.006087485795826741,-0.008196093236050528,-0.0494212376582025,-0.0005281827281640172,-0.06194489201563824
2020-04-22,0.10203253761685627,0.018329497527723726,0.007540828176950232,0.012354960763070855,0.0213801690960691,0.0017982204328503837,0.013660610679586682,0.014755199139821373,0.029667232914347696,-0.020394018145493686,0.0025364246245920263,0.03594194581134258
2020-04-23,0.0053535144984862,0.061458102384712276,0.02837605060200521,0.05060272184987813,-0.010598842023805122,-0.010769826896457002,0.05834712027660349,-0.00932797240250438,-0.028770470352588284,-0.014074674069640691,0.00653522472703183,-0.004728859955614673
2020-04-24,0.0336276606413104,-0.03178476971656041,-0.01769726358335766,-0.051282042035761255,-0.03722539047336515,-0.0035282441368970074,-0.0313559172654857,-0.002769104808504008,-0.014843397711388873,0.012610159645534802,0.01696493405984789,-0.021468730063089247
2020-04-27,0.008997669764297056,0.009925419846384953,-0.00890148762913745,0.03897253567595027,0.006397724953646655,-0.00040473037455024397,0.010030473343186408,-0.0011108491136966325,0.016359165628101913,0.004757960231285718,0.008959176568352767,0.0021207816536437107
2020-04-28,-0.001119065158295074,0.01222356887998588,0.0018285992414057706,0.03434897164266082,0.018794862204729812,-0.017002286788794008,-0.005868390553708136,-0.0022243484567247007,-0.013143954006981762,0.002221694362883886,-0.03255773143989993,-0.0007219630906509789
2020-04-29,-0.0008401671696568469,0.0250664851333684,0.04906586948644831,0.02945670165052494,0.03147055255700293,0.021311698999085138,0.023989743943472197,0.015046099515990896,-0.02541533141177399,0.021233054203642077,0.007806674757988796,0.003117031834334316
2020-04-30,0.02736595130290742,0.05709334179147274,0.0252789522648198,0.026184446120686378,0.0021041393096086214,0.036895129517550584,0.057571430655393385,-0.0005488734918090987,-0.016466774601411327,0.025361211491080837,-0.027635158418248595,0.0572858426548255
2020-05-04,-0.02100958936270092,-0.04169876702645359,-0.07865838280583404,-0.11074588670558705,-0.0611549102899418,0.03538802797336427,-0.0584205070783661,-0.043944043036396985,-0.05118457088932982,-0.05225330841041387,0.002153023309076074,-0.0881728131097248
2020-05-05,0.017732856616631265,0.00119162487601443,-0.012513422116241069,-0.02129857891190312,-0.04724630762030657,-0.008357058339261925,0.0,-0.0008618111910060344,-0.01975845707540924,-0.01616400375519267,-0.019658488659624718,-0.011552511900714046
2020-05-06,6.85030102849371e-05,-0.015082195495728645,0.03834535136657591,0.031887583486785775,0.004107949564100988,0.033992904212500896,-0.011577923946875845,-0.05750450306943922,-0.015331911335232151,0.0004778292952449803,-0.004163866914328906,0.0027742073428400627
2020-05-07,0.031627268561073674,-0.006277728174136965,-0.022611993888332238,-0.013620154663787076,-0.0020454732846765245,-0.032875374747750596,-0.0014267451064070569,-0.017693642527881637,-0.009028904196798027,-0.017257765803188163,-0.004841512727301822,-0.019397994314924394
2020-05-08,0.036398376824839485,0.0009252153879935054,0.004378276395534009,0.0028210402585953087,-0.02401172319326672,0.0037876891013166603,0.013910886988476312,-0.017080546679095976,0.04889449430013393,-0.008385649292509068,0.037151557977483485,-0.02003468988887913
2020-05-11,0.009604168774787869,0.02212946031366858,-0.014261814290835173,-0.05196940862055932,-0.007200866100075642,0.011602564990019548,0.012904357728670268,0.0012637401049075958,-0.019837964161827926,0.006924556837038187,-0.01098072999998334,0.06094564187919094
2020-05-12,-0.06186583791302769,0.007337284023076984,-0.015560167013885073,0.0032797883045729836,0.008764011902963054,0.04410679865213929,0.006955820017293668,0.04165343654537246,-0.017797810618624288,-0.00827648206838083,0.00010772738779007973,0.0027340621431863887
2020-05-13,0.021216873537422742,7.701591167830202e-05,0.028950105910059643,0.05245940290005824,0.043139576450765826,-0.006966204289408973,0.00945223911311377,0.002120675181143117,-0.007854582161831547,0.059032856018335966,-0.024897543940055722,0.017126915805588228
2020-05-14,-0.0404292985635516,-0.02426071336202451,-0.03659786622016148,-0.03150397541156813,-0.03532444968239501,-0.02895935800257543,-0.051861925950334786,-0.009673469884376784,0.005160782836793665,0.010140242317289383,0.007958444628426875,0.015478175560083018
2020-05-15,0.016330949347004076,-0.004967669818565668,-0.006210102076821267,-0.014355537340617563,-0.009228966189593013,0.02639626323400024,-0.008888521840130115,0.00518919382021954,0.012985914862525094,-0.008317489674965928,-0.016120211278269125,-0.0026690745529680537
2020-05-18,-0.012779355343877086,0.027841118961914546,-0.05798571939372765,-0.0749923484741516,-0.06670682488762913,-0.028966022192922103,0.017783280474514607,0.0006071456910434758,-0.013212961378019195,-0.059058497132334464,-0.017610484233092416,-0.07439630374550343
2020-05-19,-0.022106477696508198,0.0015675349879651357,-0.0071715201153242925,0.006030137040913486,-0.016097644524758592,0.11290790342887158,0.0070790275160945715,0.03641891789053675,-0.014811226681712641,-0.0209011650677714,0.002269274847217728,0.017867023200625498
2020-05-20,0.017602533916801333,0.0025400626164877593,0.03184264628298217,0.017815518750537107,0.003926670854087266,-0.007932687791564308,0.0014210922080775124,0.029282676620693948,0.007744690933166876,0.04853411612650893,0.03180906016656393,0.018032478861317758
2020-05-21,0.005265935770225161,0.01924661264203853,0.0028584163360088066,-0.004089664688095573,-0.009452448087588827,0.0008415133832406774,0.003957977674786228,0.07510665988524079,-0.010020834869878703,-0.017365443883184617,0.02347764611311609,0.03232862627085753
2020-05-22,-0.00673035253330323,0.014639401008114783,-0.024082376975501862,-0.043856791054160404,-0.007239278077532441,-0.002270240997657713,0.029975989282892357,-0.013760206499352945,0.008625399074002837,-0.005850107983836672,0.006324249207849464,0.016672893522007293
2020-05-26,-0.00523903649380264,-0.03828524104942277,0.01615324234619142,0.0056692439932983785,0.003646089490622284,-0.05723208658076784,-0.01704334931099294,0.028709310535563803,-0.005080596139938609,0.012075594165916304,-0.021836292660115997,0.021784719732045987
2020-05-27,0.01509784014453186,0.03206372937849977,0.060124328649805436,0.08934058866833672,0.04755610609313887,0.006884082055918173,0.03658815000070903,0.002347614985303892,0.010263931642142232,0.030646147294910664,-0.017967937853896943,-0.00033342293229288167
2020-05-28,0.01847050830671293,-0.0004987715573449014,0.04603544447821628,0.025090287472918638,-0.00252204855304361,-0.0006213902930385373,0.0027641839690908387,-0.007806420573974848,0.005930624998420564,0.06422984993747516,0.018185798265364816,0.04270256704466879
2020-05-29,-0.005331962975625326,-0.015940732823106152,0.0067705833154714234,0.01560338521643967,0.01959540299067175,-0.018036578206337528,-0.009886844527351446,0.03514285417530316,0.02358277598501446,0.029541746810946012,0.03299928707799493,0.02604998931852176
2020-06-01,0.03820670319423192,0.036960832742086946,0.03782915930153807,0.02199132995765618,0.05424674370706084,0.011672031840514796,0.012373250644684086,0.0162149829168734,0.024886444437369315,-0.004397886361143799,-0.018660977961244773,0.03258004472260745
2020-06-02,0.010096310135784492,0.0009291413710605934,0.013516764285641747,0.026971086482811435,0.0011760165875858153,-0.0016991138979930431,0.012222024472500426,-0.016454982708112298,-0.0005457069714065454,0.018639317584399073,0.01654481819067133,-0.01786445458003827
2020-06-03,0.0038746407007472783,0.002449727724907813,0.021228955812523154,0.024253794387340655,0.027312962903816018,-0.01155711983362695,-0.009249913376218388,-0.002788307114684252,0.006216180654071479,0.016764319732069266,0.006446871715864555,-0.011616837529886626
2020-06-04,0.024746008753013138,0.0221879121084525,-0.020102713725699273,-0.025220534447172094,-0.004859978317745428,0.037705078462637376,0.008837752073301397,0.01753952301557682,4.7364448386710833e-05,-0.03183183767326592,0.03927335239939911,0.011771099769037008
2020-06-05,0.001202664374731377,-0.020702335886261802,0.03159609016146825,0.02687927082057473,0.07900025631973229,0.02078794956472252,-0.0059344989765908185,-0.0007494290563614392,-0.015561701917081727,0.026378020330327656,-0.0012125332924690646,0.00984146875467351
2020-06-08,-0.007713198900540119,0.011473209738244616,-0.01688674481402841,0.007278798877038195,-0.005324862223750504,0.0013689704530082114,0.024589494979098125,-0.011750076139864896,0.01154426094249894,0.00638577041651911,-0.010622086351091076,-0.001983844264791701
2020-06-09,-0.02061165093395345,0.00014479340282136377,-0.028152342001744435,-0.031267255879601,-0.012580293538079657,-0.029650567169825615,-0.004508490241751595,0.004300480663736117,-0.00246222922150785,-0.008373708551650094,0.024028584135955988,-0.012642224917149059
2020-06-10,0.022769589914714228,0.017711826806428688,0.004608498253899418,0.012767092154244652,0.017619907389406775,-0.0012328348780111797,-0.002438750634155995,0.002770639977498268,0.006218640464514813,-0.0070806018564119055,-0.00319526006037818,0.0023488406083878033
2020-06-11,-0.021912810125454096,-0.01949013372718389,-0.023441092644344796,-0.03328609772227964,-0.05620664309901868,-0.02689112112576242,-0.016623526148994427,-0.024114373208390605,-0.005991571085815162,-0.017009134119505998,-0.05108671526309183,-0.04395128099528134
2020-06-12,0.033231610940102074,-0.013614585244330901,0.01460882460490276,0.00864467380790268,0.0112899705030729,0.014949565338827853,-0.01690453919839574,-0.0018017806392737201,0.00016606838221866482,-0.004352850005680975,0.013617602082970581,0.024990020067032992
2020-06-15,0.016207107492287598,-0.004707075678679229,-0.03347745188447804,-0.03805928301507955,-0.03042147919019267,-0.016782674010149434,-0.006502285829738441,-0.03455393119984018,-0.010890826420201005,-0.028605299875611223,0.011872489922469809,-0.015462733783775495
2020-06-16,0.0019509828079049552,0.007833039147057352,0.04269090261587172,0.035789886006415195,-0.004605606201285917,-0.010532054914753508,0.01985299017851938,-0.011752228880906435,-0.0038142412525596914,-0.0053893769563504446,-0.004940219187950956,0.004830511118235181
2020-06-17,-0.0014527289405713573,0.0009777196280145173,-0.011258059139599985,-0.0029159834190960465,0.00028898751161121616,0.03404282533392844,0.003493941299539838,-0.020540301563663488,0.0009150505407198306,-0.011451899864240778,0.00465443268661736,0.040710933424726425
2020-06-18,0.02510292455438301,-0.0047369181765889445,0.04156251438197889,0.02939017952678369,0.03873961532156933,-0.004525460087677291,0.01456688871553502,0.02980144564711784,-0.006207173510106356,0.01339293868587954,-0.002882706942767821,-0.0020606806856181548
2020-06-19,0.06250380264271982,0.003189173754303054,0.013137649927655204,0.03352276435507662,0.0269969184612322,0.020680940158211536,-0.011696151576219616,-0.013665776961638065,0.020181706651838383,0.0017285394616144423,0.007950463297869304,0.032015727929640914
2020-06-22,-0.007530949289030531,-0.008143442292266823,-0.00445130361326429,0.010307911408375281,0.01734413175047056,0.014934680746565787,-0.0026223617450765735,0.005161462947768758,0.0038467932778654124,0.010298320273685935,0.010448663780235456,-0.00022899104047247043
2020-06-23,-0.014460490142218507,0.0036245496845708214,0.01317121103469776,0.02339813350975195,0.025306505738167617,-0.003872534281770257,0.02408715665681216,0.0045945411392405155,0.026251905751749183,0.06628464065563344,0.014699933208771387,-0.001611317865691575
2020-06-24,0.00403860415122681,0.003390239803144457,-0.009402275181285447,-0.07457130325586625,-0.04078984787719042,-0.0370593817143795,-0.009019680268776309,0.032284305251919276,-0.011897322685904155,-0.012453514831254342,-0.03207108302359418,-0.022279712221890624
2020-06-25,-0.005758497967092047,-0.012780557385256075,-0.003631858029790269,0.008330961311454832,0.0035211906623835443,0.0029604781216827636,-0.019113628031423024,0.05342697602366586,0.02011440666454556,-0.013029058258042125,0.006709309447723966,0.0012074848726095766
2020-06-26,0.013824911745792479,0.05096500515810476,0.02692574193562347,-0.0054129319859398395,-0.0035088353839934916,0.002504369606231238,0.06809416168871851,-0.03414143727019303,-0.008720069394324015,0.020252372538229757,-0.015790127664053966,-0.0012841479094752861
2020-06-29,-0.010621967627353568,-0.008117783736669826,0.018552808284278743,-0.017187223145425312,-0.02898153953485194,0.011955825629769157,-0.021986065071641026,0.010502036696482975,0.013345791880518654,-0.026605676065420525,0.004271300451466065,-0.013241059898280061
2020-06-30,-0.011055292695768881,-0.009278420659219355,-0.00947914036979447,0.02433687799055817,-0.004463193492802553,-0.012784318437790376,0.005739664196770411,-0.013181197297089109,-0.001351244876951485,0.007527217766589711,-0.01877581702646225,0.028105146089671074
2020-07-01,0.019658332678642587,0.004754727362937805,0.017591584398618743,0.03585148348390543,0.03558420835601028,0.0005358441017018212,-0.0055031041967043,0.0423837112548231,-0.004403472094162919,-0.02050553366892338,-0.010149231297450934,-0.006029103791987511
2020-07-02,0.017215361984187938,0.031117809543488084,0.004425536376446271,-0.0032962140342694957,0.0035173801999124343,-0.003034785243323568,0.03374765795465895,0.014539330448239074,-0.008592919635552976,0.01839225495869301,0.010360032271216957,0.025046897676324953
2020-07-03,0.015650260499668,0.019701760836811966,-0.014182105425127323,-0.005098567600831161,-0.004044367121270653,0.04118536877565959,0.008062433590170892,0.008258343036483762,0.010200936664269022,0.0031341018877191207,0.00813955980339598,-0.00274855192598511
2020-07-06,0.035740374746335624,0.02889104905005424,0.02704959823926356,0.0023545996797131874,0.01813774767772869,-0.00834140969456898,0.0017046674847067678,0.014166505753568037,-0.005566527656240772,0.0073602872936522346,0.007025119672726676,0.03228196136135364
2020-07-07,-0.015309403033108349,0.002960317855672301,0.0019494686976235798,0.039242828565567045,0.002924731275206982,-0.016389097168330258,0.039463272579518316,-0.027777925479155807,-0.0034464332785816287,-0.00798999381458787,-0.001978144805044102,0.01684467939056611
2020-07-08,-0.013957107104976552,-0.02246795916210509,0.004705042776887991,-0.018880490433469066,0.01749730226752355,-0.0103146961563787,-0.02449166261508906,0.010553608507002377,0.014808530354756488,-0.0024904123582997206,0.006781339527087926,-0.029285016316657142
2020-07-09,0.014599539301554554,-0.006557095326140128,0.013149002043580715,0.0037945530540162142,0.037519514958748834,0.01309461252925992,0.009035908529527958,-0.004330268583644381,-0.0046660733168348845,0.003930908028189517,-0.0011399383588887035,-0.006956774950834244
2020-07-10,0.029491669133306253,0.008165464617118534,-0.01764518452939534,-0.02700144269794824,-0.017579055269416943,0.01063915059613918,0.0001916931561329882,-0.005628138140153394,0.022037365418036137,-0.013545681355560335,0.024795073761581188,-0.0077802870331317164
2020-07-13,0.030323975133382808,-0.001057246792957045,-0.022486774838958445,-0.018731877525049345,-0.014826233159734303,0.02105452630915794,0.019441084835756017,0.01646530145072944,0.018639343355061122,-0.004291107223876045,0.01174324076396549,0.005574584532391347
2020-07-14,-0.009302402943715649,-0.021644170930439355,-0.019810163414504478,-0.022765911324392984,-0.03450950983307688,0.004345602370717128,-0.01731365039739896,-0.008352360786575197,-0.013464164797624356,-0.016430445125323767,-0.015209101989454243,-0.036250704934781885
2020-07-15,-0.03808023810580263,0.028522945214322748,-0.0053831128936797645,0.0007236720217844717,-0.012093610108930397,-0.04369211036175369,0.060899946353525136,0.014292806040506534,0.0180780936430609,-0.0007668059773118241,0.006096282789984198,0.005119635370920639
2020-07-16,-0.00032538719756480816,0.0026242757033556607,0.008925745815996367,-0.0033257110877862317,0.01332969523907912,-0.0015081613589259524,0.09633551158650033,-0.02440845072739628,0.005582340203084124,0.009811330203039592,0.00929106746249575,0.01276436934628955
2020-07-17,0.03705104857271224,-0.015214334716765476,0.03378635512014827,0.026548597401235385,0.010469808606536901,0.007107807938566912,-0.008616682317572621,0.001031906798506732,0.020411785503383406,0.004776548599265018,0.007804710966659911,0.007514571212748455
2020-07-20,0.004289334753090346,0.003248821361668597,0.03149894749070192,0.026003465006207316,0.013549490185582824,0.01588018284826176,0.03449019648256102,-0.006957006232120699,-0.001541882087763402,-0.006428624874604161,-0.03931682072453602,-0.008784613948867093
2020-07-21,0.02690252701071638,0.007767781342569169,0.004854202228826043,0.043526082612243444,0.019134933090263706,-0.013894974622584044,0.002622309098679221,-0.002335354437507431,-0.0055556957539915075,0.02006323596522641,-0.013538747641499316,0.04488299251333672
2020-07-22,0.016459120866940458,-0.015325584191746011,-0.010715406386991089,0.0060719698866043,-0.012345670459336988,0.002465886800832484,-0.02012271317171821,0.02236665332617216,-0.0299828678014068,-0.01828263035850841,-0.006181202491923887,-0.020788426535237714
2020-07-23,0.026846259395053806,-0.009014270873309083,0.003595834484837912,0.029257451311054394,0.03255209520689717,-0.003426187587320273,-0.010840128693184181,0.02111426586067222,-0.016522173873102064,-0.004723673409004592,0.0035842244802450907,0.010419122463477093
2020-07-24,0.042934269562317384,-0.006355949571337227,-0.009996681873490898,-0.026641249394142807,-0.03177806719535714,-0.013663640763540652,0.01641063118218633,-0.005480812778037469,-0.0009268527355302814,-0.013256153682547844,0.02016812802629775,-0.0107567653252707
2020-07-27,0.004682740060448332,0.022898010971456273,-0.0353854692541935,-0.06102672413627863,-0.025006582225902685,8.933268369704095e-05,0.027740145301570207,-0.016031911720541747,0.005521797840985387,-0.0006635450659413511,-0.02079904093463647,0.007099065219373868
2020-07-28,0.009971259462219662,0.04665107049821304,0.006623428375412299,-0.017852052084675774,0.012289693207439667,0.009115395384304836,0.015182837029225738,-0.005091815053975934,0.009475718402954358,0.010732464250549967,0.014931654184446863,0.03963065479938965
2020-07-29,-0.03721812016668202,-0.014590111089390678,-0.02029172030465065,-0.002982265905772108,0.009237194356167544,0.0028337156509599115,-0.009035800119654436,0.006652985682854329,-0.005016553017281211,0.009250240081785766,0.021549856229493125,-0.015542382260113952
2020-07-30,0.0058187484621265995,0.0015155220424469817,-0.013103502973963121,-0.01737627241667672,-0.024320073481820192,-0.02384312785114384,0.007650740897979569,-0.017030965779464502,-0.011792228479764688,-0.014859759758693913,0.034381355451898576,0.012974577420068245
2020-07-31,-0.019797518125046154,0.0008338530469711447,-0.016989376940005574,0.005362955097104161,0.026266485758930314,0.0038899732062800396,0.004732534083084383,0.004137561422293157,0.006512896617147934,0.005725194909052211,0.042651412025294544,-0.00042287488795222927
2020-08-03,-0.02810698026743297,-0.011944453199676852,-0.029821914596155796,-0.010236460033958505,0.004178604384826201,-0.013517171432569919,-0.009420263055870959,-0.00798352594732743,-0.0024435025160546298,0.00268213217151958,-0.02313352326975815,-0.015576139070041073
2020-08-04,0.07048279076329567,-0.001974380430438405,0.0395708422400165,0.022578311839073884,-0.0033809006826601706,0.003014565735274699,-0.0073677850137569,0.005451742889126754,-0.0030391623585388494,0.009116628179729469,0.018386778078711474,0.03142639820818083
2020-08-05,-0.011229356898231568,0.004356204705544098,-0.013536211855415203,0.003418946757711705,-0.0007829627447329957,0.018123830215852177,-0.005421589260023785,-0.004389315534119365,-0.0014787416382107121,0.01036854929979758,-0.00018924499967232222,0.026309274761336487
2020-08-06,0.0035973906326283167,0.021509281457521956,0.012797408847913916,0.01859725771960874,-0.0026118036077042994,-0.002962529758895993,0.027680566605437384,0.01322621162298887,0.011802128455514538,-0.0038888981858006266,0.006429097223254576,0.004520276246087196
2020-08-07,0.005787039457271437,-0.005524107946389578,0.003026871486082605,-0.0022299403596055534,-0.0015710799967132427,0.009904518740903034,-0.02054892660391805,0.0035830519759025847,-0.004458620638096433,-0.007048653796077553,-0.011836491047427455,0.01880027174321941
2020-08-10,-0.01239253038533128,-0.0054675730943145595,0.006514281052621751,0.015644557641565804,0.016522562724862633,-0.00347716665540887,0.00047305292380284136,0.014282184519475383,-0.0017193688654912886,0.04849001271096376,0.034033732709955355,-0.010495638607246116
2020-08-11,0.006580728510804157,-0.0012705843078534285,0.015228696988351942,0.01045249813707727,0.006449898534626408,-0.013867858962164803,-0.00304821722000026,0.0211215626191823,0.0017673424375503899,0.0019270785743963348,-0.0051486078572500205,0.006097889589703698
2020-08-12,-0.0029057455366703344,-0.009890439595633738,-0.002765741917515996,-0.0013611063471522522,0.04229695360605357,-0.006169380207343367,0.006853246515026612,0.005663592581949484,-0.007033942975098517,-0.01263134783335873,-0.01644938225492787,0.012196900757686535
2020-08-13,-0.002608491210929098,-0.0012847198261153325,-0.004371468534706935,0.003271142252621262,-0.006886486828461491,-0.022548881227703044,-0.003926789004870868,-0.013467127490381037,0.0016171746741702187,0.043116702927375794,-0.02132862404393432,0.00919746212531769
2020-08-14,-0.003887793121076233,-0.0054559826235189846,-0.023228338493791245,-0.0180682665025218,-0.026745875410824627,-0.012608505232625355,0.0025231819173292536,-0.025068218323787583,-0.011257074342912232,-0.00797424035951444,0.020257293460349768,-0.021309673414849684
2020-08-17,-0.010620563955963669,0.00501768296481675,-0.0016434323591090205,-0.003320207810795228,-0.017302836914066644,-0.013620915929602906,0.004089635328587082,0.011965266056906954,0.010189288985347877,0.01831509850954438,-0.005646020438230814,0.027351771024674454
2020-08-18,0.013005868088252326,0.007255432079902313,0.022996961308375363,0.02595758615508248,0.010357422712085507,0.00939780518541733,0.010496039441312943,-0.001006054832095593,0.008332992765101688,0.003746905500332298,-0.004447850063343917,0.018423900391820958
2020-08-19,0.00613628824296919,-0.005793288136898944,0.009559746353147602,0.013259416672457114,0.009994796803528772,0.018145376857821915,-0.008526552956108713,-0.0005038941437457423,-0.009370334808316616,0.004529445050549752,0.0007620285091438639,0.01410106573734038
2020-08-20,-0.016185370745805616,-0.0016617242962454482,-0.007125454414920407,-0.017892859698178776,-0.011672160111270036,-0.01922164143198679,-0.0043260239089971675,-0.013353595347629588,-0.003601585487589709,-0.013229599657107793,-0.005900313664592427,-0.0022316297072932922
2020-08-21,-0.0072483174562107955,-0.0018869068171792902,0.02516557307294498,0.009245351453832207,0.01874191914603429,-0.010084697608313542,-0.006648289974458765,0.0051074193122597755,0.007480517607261872,-0.0016068655337847515,0.019241764605337774,-0.00024383271084060798
2020-08-24,0.006676747480548917,-0.00022214050614977054,0.02892254863072985,0.024787803895701455,0.015373121030458181,0.012782401184699532,-0.0014754975276700666,-0.0005082711896712278,-0.0034743205009180045,-0.0028164738916273135,0.002066416878939936,0.01570348319357806
2020-08-25,-0.006513220760565375,-0.002424327028516471,0.0023721445072997227,0.01577502040810863,0.03226590378601513,0.003321306189291384,-0.009816272668363157,-0.006609015994067935,-0.006972251955091657,-0.01104541130990977,-0.015653124552058806,0.003875727093886283
2020-08-26,0.026511731130083094,0.0048381516649214085,-0.0011163388671728836,0.0077650169039256145,0.00913698507260663,-0.02676630890108178,0.013537940507945212,-0.0023028761537775555,0.001698105378159509,-0.011678883773470372,9.547474415105839e-05,-0.014247517625477935
2020-08-27,-0.012492404285134762,-0.0022633320493884446,-0.005677423617046817,0.007319861325611798,0.02763865475905014,-0.006511210335596318,-0.003944003255922368,-0.00359082307022085,-0.005291261439596018,0.006862963943065292,0.01351987210322636,0.012748421424907175
2020-08-28,0.002629629482502116,-0.004380698555907725,0.002158286602460313,0.044620060533816286,0.042661940459532754,0.024063445923115045,-0.012459747428889112,0.0066924783531230325,-0.008888885297545612,0.00640630701346212,0.044152302514035124,0.0008593597023516253
2020-08-31,-0.016752080254776147,0.008353226283616122,0.0012108852957428695,-0.03685619513528671,-0.05714936027813311,-0.019772728601348266,-0.007110498568538071,-0.022756381491702005,-0.01607864352253463,-0.037582059736730566,-0.06387775472171742,-0.03718258462267254
2020-09-01,0.0031479061598351787,-0.00482849640505878,0.01026135042795251,-0.00924998165534141,0.028773522089476256,0.06460724943525431,-0.015560972875561463,-0.004709387996587822,0.0209223345558065,0.01084722317000053,0.0023067086657559965,0.009605260346655431
2020-09-02,0.019619104892025785,0.008368846115082373,0.006076679730459,0.0037089647299599626,-0.0084822827274742,0.007871948629249337,0.010775030618313641,0.006046119884545176,-0.009252145838407388,0.00036637170717712664,-0.013328182489136364,0.0021865568778256517
2020-09-03,-0.007565096512692326,0.015164536014091512,-0.0028657776660632184,-0.024592192462582818,-0.014335227481946933,-0.022795481378942384,0.012499997094393311,0.0013066558301855213,-0.001167452341212627,0.005860424009662024,0.017395555194753554,0.021941287167655643
2020-09-04,-0.016500119664907498,-0.00465296429715889,-0.010257202759257233,-0.026649325256193124,-0.030729453303349863,-0.027602271564532876,-0.017529794927211628,-0.025574282810265414,-0.0067782041582272745,-0.019403849374021953,-0.02101451825214007,0.01661339737773959
2020-09-07,0.002599586417597166,0.016711818920498,-0.007861992247797045,0.002281601015335477,0.006292221663775521,-0.014718465561159855,0.006418976285096134,0.01285491721484533,0.017861838887413883,-0.010981488730898215,0.0015611281989365011,0.00264947156922557
2020-09-08,0.011739881410341546,0.009088488781057169,0.001755802477117152,0.0061596949815507784,-0.01851853801271397,-0.03365982487964814,0.015404447528545084,-0.00502389591784147,-0.009410211885627628,-0.016574519320402548,-0.02211394407046441,0.002059886383978915
2020-09-09,0.0257461970789854,-0.008751345861803927,-0.014337710062323428,-0.021559873584833467,-0.04508689004883648,0.012346851018509852,-0.01229631336974546,-0.023119868958054735,-0.00466768297177389,-0.007854221580003373,0.014744007351651378,-0.0012112811194360251
2020-09-10,0.0706270718745372,0.0015038259993243042,-0.005426123881032585,0.00843305091883173,0.016935973001975135,-0.013683692903007194,0.013257824366643467,0.005984872972899735,0.0007737152033076011,0.012589238100215727,-0.0026506575356194384,0.0022730238877179954
2020-09-11,0.0024848600028004597,0.01842439636457227,-0.010911995260078244,-0.0005393851129880112,0.022962481521129563,-0.01146076244205596,0.006010390348646588,-0.005138013677060904,0.01187965406301661,-0.003854677209872426,-0.004724938675899959,-0.0052615954691576095
2020-09-14,-0.007414416618068076,0.04940794173160623,-0.019190841351480747,-0.018353542707204462,-0.020720282334423246,-0.03569610025986392,0.034577543799085175,-0.0032617737838597227,-0.01655675250788291,-0.01667754924366094,-0.019286017045912263,-0.009001073479212196
2020-09-15,0.007079008818955401,0.0,0.011862582542093048,0.02158357909802966,0.008312363227145125,0.024151048205687253,0.004139494147522127,-0.008453786258170837,0.00044743133104852006,0.008701950276939208,0.021379626140729524,-0.01066793687054024
2020-09-16,0.002458201764059531,0.004656461247193766,0.021625552064680198,0.008478107037096949,-0.009742617588928026,-0.007826190272907652,0.019644684044609617,-0.0063253677183285895,0.008966986077005856,0.013022606961644145,0.023894303490620272,0.0007302560726203389
2020-09-17,-0.011098890576338838,-0.016800227915404586,-0.009189492455512038,-0.015212190608436704,-0.013875020257921977,-0.005708333408553812,0.00923387648642282,-0.011348007485493694,-0.007137815639274847,-0.01681484330919758,-0.01253630331342137,0.003953001423138813
2020-09-18,0.0030232615598928536,-0.00448992746105592,-0.024270907373436068,0.0014904012519922905,-0.014581622676460348,0.03246339855238389,-0.0087536060860266,0.002799414493170005,-0.013861553404116544,-0.006179036537232507,0.022167933377064797,-0.01709045066294468
2020-09-21,-0.021620208311290634,0.0062860022330029075,-0.007566425856300074,-0.05100781709501012,-0.035306409345232215,-0.05419070829034889,0.0077332244388952365,-0.018704584602397767,-0.029017845085366978,-0.02092818368624405,-0.03764207529158603,-0.04850130454011281
2020-09-22,-0.01981521940732145,0.02338462455477419,-0.013246934042506653,0.010550322870746198,0.0021529265566719857,0.006841422604370928,-0.002376523130284247,-0.008819122261061851,-0.00539801359775427,-0.028746307913016134,0.010324632110735754,-0.028127654846178185
2020-09-23,0.008886695624604979,-0.02199817840706897,0.011444756862577288,-0.0071953471847941985,-0.01288944687725524,-0.07888320579078678,0.012158854743668845,-0.009759261311692469,0.012704764334901864,0.004786916179844614,-0.011693154943017814,0.009432399776707623
2020-09-24,-0.02223415211301827,-0.054793175885067935,-0.016089655366964162,-0.0459002617949954,-0.04053315117215883,-0.033425578234747566,-0.04349084023134231,-0.03449262979564871,0.004067975189480544,-0.011503440092782036,-0.034002713665709505,-0.031316678151197874
2020-09-25,0.009398499503645352,0.03861042024855421,0.013198753321811418,0.03857614298094392,0.0331726024080905,0.0485333505412624,0.0369590592968112,0.02521766682944837,0.008806963162826476,0.045315417664173685,0.007925115617574363,0.03175757201386853
2020-09-28,0.006608669268032719,0.001651687362822285,0.009770080325064878,0.041158695739469175,0.027716859363916546,0.00909808509413046,-0.001038254893699908,0.014934075556158666,-0.007575575126957945,0.015293836663635041,0.041764608139074566,0.031595758775506466
2020-09-29,0.012994799432075155,0.025594326503515896,0.007920860737593127,-0.016391123347027192,-0.011748997728616373,-0.018144940255739983,-0.0013856133161727069,-0.022504273843839906,-0.014588308029943597,-0.008196306584030255,-0.0077436361771971995,0.005930204770126624
2020-09-30,-0.004766001861489788,0.001567299999301941,0.015104993691174462,-0.006441758959779609,0.0018913660821384681,-0.033631677848855124,-0.0007431175416396929,0.013577063458988015,0.017238899281143416,0.006868081799775494,-0.011261501660836726,0.00010378817687817232
2020-10-01,-0.004072837790008221,0.012498440294472335,0.02628394703638004,0.0407329642787726,0.02642941038396529,0.027081571301209362,0.00932310889211685,-0.004950265317086533,0.012933543362166677,0.001330923938779982,0.012888410940355977,0.007837254440528296
2020-10-05,-0.005864540734441315,0.07226233417003036,0.006685352879097328,0.010563327479181872,-0.008145059213150008,-0.01827229654079643,0.03051128199557729,-0.00936491123908334,0.007661041603521435,-0.006479749472077967,0.031958939901325145,0.003317994024536697
2020-10-06,-0.000836123110233733,0.003141131584101675,0.026697025366294813,0.02010186146193038,0.015099398965575439,0.005418854989603927,0.006722695845204241,0.0038405135765724463,0.002297595040227529,-0.004849970730262831,-0.003918891298934302,0.010786248985209301
2020-10-07,0.021331517341803385,0.007976541878575993,0.015863853332241717,0.005386392055337197,-0.0046974250094169445,-0.01007612686164816,0.010229672941385992,-0.002354138302649078,0.01108270107049103,-0.00526537715980413,-0.017848655425978133,0.02241594942855385
2020-10-08,-0.008084307106628219,0.03280385676445152,0.02542497734029059,0.012674677619944008,0.004195126851804565,0.00473417979604962,0.02545584673918211,-0.013864599621740359,0.01002643186368446,-0.0077148401456220705,0.02413268490313758,0.0046758286152619455
2020-10-09,-0.002590153214598101,-0.004512124008982488,0.03503110355797445,0.036129040098562326,0.03550921532022144,0.001767075673033025,0.011977963113922074,0.0041878577975222875,-0.009788242653930634,0.031099211464298282,-0.02136966711952104,-0.002464837024435229
2020-10-12,0.001611833294017817,0.00606128589647259,-0.016132401712924627,0.006351181563385655,0.00201712998399195,-0.02387120473336346,0.022858503844303657,0.025916260095210975,-0.000584019562100746,-0.0029720536444678425,0.001949729625015717,0.010513518369585695
2020-10-13,0.019512474371466526,-0.0012192228249461312,-0.012524111297175677,-0.019304601839141733,-0.015098104935815648,0.0006023136574175858,0.022701118622984184,-0.011904982243730045,-9.359619031312771e-05,-0.010267711314115413,-0.020918586593754562,-0.014537639134819202
2020-10-14,0.002981491556907301,-0.0017586260329850445,0.010888968811046063,0.026624541235505284,0.022227811866675662,-0.004936061020048399,-0.01796507382768131,-0.013811278026663487,0.009330387544065566,0.02091588463410332,-0.001888129487940926,-0.004343888462816636
2020-10-15,-0.03540983424361366,-0.024558567213034954,-0.03487412678158186,-0.03883957009109529,-0.03599097606324031,-0.03399893042818025,-0.02528583192716216,-0.01638872710676398,-0.0025949593402589954,-0.028846155932858664,-0.023695792533785176,-0.015673229518754606
2020-10-16,-0.013913547523464742,0.008282819858859813,0.025743019113368737,0.01304347472268308,0.016074719134129056,0.006137294458610665,0.017369938804041363,0.003938243031514466,-0.0009288688941212486,0.0059631196080154325,-0.006934498759294416,0.0003336363110379992
2020-10-19,0.00018390688581182424,-0.01872774480065076,0.0035018234977404195,0.053016763689843316,0.04108175929232827,-0.00983438774905454,-0.001419183049658601,0.015389465746401765,0.012670845013561971,0.009842151931773735,-0.006674758696017746,-0.006229134161844674
2020-10-20,-0.009328187207268801,0.01012336362432742,0.016949798279407124,-0.005993719368763362,-0.004656827004942299,0.01835546222591522,0.010302777915022654,-0.004754813858939944,-0.002157951890352061,0.015948606517937947,0.005582533303876591,-0.0010727834574012496
2020-10-21,-0.014518292855804082,-0.023220252245096495,0.018587348259500036,0.013748134495309428,0.003447400160331515,0.03456807070979262,0.009538480517265358,0.0011942300193410471,-0.004578687753368782,0.0077946658154042225,0.007916152591817438,0.002520233930755289
2020-10-22,-0.008307592426986088,-0.0015883991954767085,-0.010748332217853096,-0.017606466560537992,-0.0022084893607229317,0.0278042423771383,-0.016806778223483865,0.005368417024703254,0.00748899585414331,0.01281849106599342,-0.009486164857423374,-0.0073304474083593085
2020-10-23,0.0028953445675690137,0.00585869781000814,0.0020272368254303785,0.009808764388830937,-0.0024594004329538954,0.008707727572490942,0.004878903127257583,0.013052435136767793,-0.016289115166851942,0.005286763131049588,-0.0021624050474906564,0.04282439775924329
2020-10-26,-0.03972931668718849,0.000521168815529327,-0.02014887707183477,-0.029979604454937747,-0.030078992802339388,-0.0008057221846772267,-0.008953256005962973,-0.012884264115120114,0.010681681375049212,0.011155314818418915,-0.020639840061737136,-0.0068208980546057285
2020-10-27,0.0026612739192757306,-0.021594243335430807,0.018333363807435,0.013598700463551383,-0.01042205327424428,-0.0016126695822509252,-0.019416561430827928,-0.008009475004989497,0.004591919201356598,0.031730977847094666,-0.008535242704711954,0.014685153657864047
2020-10-28,-0.011329513978805661,-0.003022613483044778,-0.0190576707666682,-0.033906642946008314,-0.02157719858111251,0.04269063951742913,-0.013109064392419323,-0.010167538730906145,0.0007630616884564123,0.0009165981942982349,-0.01498569808621042,0.0038624518029171107
2020-10-29,0.0076809530731005715,0.003984946119579114,-0.018518564649860125,0.009721058063875576,-0.00918869360201735,-0.0023237466634948856,-0.0015791817771068084,-0.009969780743582901,-0.019520711362059018,-0.04919359336617446,-0.015213615809665071,-0.00951135125892022
2020-10-30,0.013616838158397204,0.012231497538749858,-0.00307429432425832,-0.018254460118028337,0.0029146570223963497,-0.03782173576902903,-0.013257546801265452,0.008544342625090628,-0.023938694558051976,-0.005350575896245324,0.020598336210063684,-0.0214324092434246
2020-11-02,-0.0861766778088805,-0.022609629669987252,0.026783866120850597,0.06329588303349465,0.03593138873548951,0.054524635563511836,0.011031375321816528,0.009077205390316978,0.0003378039596346749,-0.00021503189010541046,0.0078366230430722,-0.013897794274257746
2020-11-03,-0.014407835303957617,0.011134478964196282,0.026907861934395427,0.06324108834170916,0.04437643510861733,-0.006121656083744376,-0.00909245483135046,0.020090084157164956,-0.007866530563879315,0.019853585859812783,0.03451225751665721,0.006551765963556777
2020-11-04,0.033938524581777596,0.007423400654639201,0.007572523078018145,-0.015320535848125427,0.010989008278406542,-0.003409585853648145,0.029551359863729365,-0.001763737805352661,0.0021160441480909675,0.010863096828535923,0.039229801597856495,0.005887020241679419
2020-11-05,0.021848371709431103,0.012268233799291872,0.009384381099081907,0.003317816167561327,0.05628016504695266,0.009380853835302627,0.009187049255236168,0.02915191906919179,0.02053351401063841,0.019418007761619505,0.01555544317456059,0.019952504923879122
2020-11-06,0.037928356365491744,0.008098422760896895,0.03029472559630264,0.00980602945495046,0.002515493254880985,-0.01618182974638327,0.007925685176635167,-0.004578304914171993,-0.0039004647671686543,0.002765940168165004,-0.006536673091745104,-0.026110996565119615
2020-11-09,0.010620241737305358,0.007073236639686398,0.025159610732653936,0.0449414141782869,0.001368602522421991,0.04867740512799945,0.021388608643327034,-0.006610819729431561,0.018336728620655274,0.005308343973118079,0.001964026288922005,-0.0051320864349047035
2020-11-10,0.0165064984025598,-0.02824035203380315,0.03961068527050382,0.045709821301780584,0.05558089523400911,-0.011445587732585638,-0.040033554704638874,0.03211799377105873,0.0018992550367828986,0.07024892420111417,-0.03773395287885062,-0.011451970118940502
2020-11-11,-0.04190358320498877,0.014417130902227404,-0.0026549774835009643,0.005580295197458174,0.01078980318877587,0.026157838221306795,0.028825396264799963,0.03896861135517238,-0.0025508652701936585,0.024910522233493326,0.03086161391443043,0.009406202327804536
2020-11-12,-0.008612055509979455,-0.006231757836382412,-0.013130104381803842,-0.020244558642148913,-0.03159703982032824,0.0026118174458933385,-0.004231567145097537,0.014570711274927595,0.028599654543299158,0.012978561147198198,0.006323615553241346,-0.0029896471059306373
2020-11-13,0.008282885721979882,-0.0053163084630968305,-0.00940420667860653,0.018565103884377043,0.011684288246835761,-0.008544380250496642,0.005770459440307629,-0.004787151555169511,-0.0030791481836928147,-0.020219978610702682,-0.00157106519710426,-0.004036885312220795
2020-11-17,-0.0015778600508445928,0.003462820151299395,0.036539563645226814,0.001750613638770382,0.04685132192576735,0.018497122193682713,-0.00044483413987350673,0.0013362274554613585,-0.0035465853807296055,0.027960163641410407,0.019569467380702532,0.02528919518062822
2020-11-18,-0.0030352640572536282,-0.01477862587625245,0.00017756945277080938,0.023129157179541115,0.0491256267262854,-0.012692187140093125,-0.01170232722794673,-0.01761407634304024,-0.02089440074937965,0.06221667024180566,-0.010416886257668234,0.010434720696004707
2020-11-19,-0.007070296019054068,0.0039024081638028285,-0.024384355383872514,-0.03797860239755957,-0.048611138482648864,-0.020589445467611878,-0.01242615785893153,0.02091804418584675,-0.0006331975912328147,-0.012106573963223788,-0.01101352983346704,-0.012899930600669629
2020-11-20,-0.03732603610063179,0.008855036338212052,0.021319323620105024,0.0030288283687407436,0.012513149293893244,0.03233380300822919,0.006017674492861946,0.02022348958815834,-0.004927948591148978,-0.0017190652709992982,-0.00808128751940751,0.00036631092311534275
2020-11-23,0.0269544513448714,0.02405793013731361,-0.006447494116389785,-0.02488554269797072,-0.016683909566112765,-0.013334672298934924,0.03308088198993753,-0.004433858423467774,0.004315427214329315,-0.00569653071104248,0.019076075161698958,0.00314378692101025
2020-11-24,0.006843631952634821,-0.0008074384683380842,0.0312633924302157,0.021249394370379537,0.02157517419030497,-0.0062860387926129135,0.00017549067634314852,0.02462666011948289,0.013125915807515431,0.008571310229834594,0.014234199929952673,0.02442138966629326
2020-11-25,-0.008273656036099086,-0.007622953116661058,-0.024614210217798527,-0.011501385539948061,-0.0034857227241161803,-0.021402291215422697,-0.021402440172311077,-0.008693440891883952,-0.009966030504174661,-0.017173101689443748,-0.026819245712766615,-0.014346752739180069
2020-11-26,0.002464376375867161,0.007144871930936825,0.01700176370137263,0.00550022193133981,0.010082296273095315,0.009265287255484367,-0.0021960107878046253,0.004900687797341208,0.008591359244128682,0.002553898169042945,0.010865385188244536,-0.008709294513596588
2020-11-27,-0.011676734209932205,-0.015052029616257179,0.009953310682452976,-0.0041026514399146174,-0.004889010457040599,-0.010994888792995261,-0.01185769216819521,-0.005903452829798872,-0.007427175177332046,0.0031728049667070213,-9.784818284075403e-05,0.005940613144082008
2020-12-01,0.013006447269191979,0.017595687457041986,-0.005239847023526312,0.024822986086729504,0.015557917838991742,0.034970363709638574,0.03440903878228174,0.0038728820291795696,-0.0024085429713516238,-0.005746430064751729,0.05413853705060134,0.009366190513280914
2020-12-02,0.0016625453518146482,0.008343249183281332,-0.01838414910309971,-0.009585620133324646,-0.0044345554897679,0.011367165783484623,0.0026806251824755822,0.007973364665723626,0.002930157875606243,-0.001971438412075477,0.00982702169123617,0.014757143954357455
2020-12-03,0.003012945763592345,-0.014584351349494984,-0.021145006743007677,0.0029138693904635637,0.0378618256365284,-0.010311402002189385,-0.012665666305598733,0.0012758772555407916,-0.005399291523193739,0.010235645045188813,0.006609331966153542,0.07390556097510825
2020-12-04,-0.008808226547181941,0.006680458084965979,0.006099204247715928,0.04192185852842023,0.028092126442025078,0.02886030528382033,0.007279702810446542,0.010193595212471651,0.026530386527941374,0.021641500274474312,0.03793902684706274,0.008276128762180424
2020-12-07,0.005881543886167462,0.003720825686661655,-0.009634837566647736,0.016731405155620882,0.02314985393898983,0.030784665995980287,0.007799675564959863,0.024974804603606238,0.03294119438258858,0.017572795852047296,0.023284489991951318,-0.007657167591840652
2020-12-08,0.0181544209301443,0.021770386891798887,0.0029514800171006605,-0.004016120834197223,0.008531216633468341,-0.010511783898922378,0.008613840012314578,-0.0034457817609199193,0.0017065909333509044,0.0014535284016050642,-0.023355884280128913,0.0024924512756909767
2020-12-09,0.016652088427690837,0.00482587516569466,0.02245157477815285,0.0060976029542771926,-0.0057005191943401146,-0.001092145272015177,0.01894505507193478,0.014571510774987972,0.014247834499322654,0.008195098886425,0.0014948726370338505,-0.006885573102289655
2020-12-10,-0.0098423871726796,-0.00942803756647026,-0.015171980141477914,-0.008895361188204665,-0.0029592906519967377,0.004174539350356055,-0.006339427528803454,0.0355405347203801,0.025412122143856575,0.007917199966519961,-0.007637545509162846,0.0034699270872109444
2020-12-11,-0.0005979213037460296,-0.00025135748829907545,-0.002200938021974741,0.016766893569805763,0.01075871412312468,-0.0014847772550361515,-0.0038965395298167227,0.016925144134979364,0.010338644195510449,0.003318325265496469,0.005130540122141092,-0.00031675171581047046
2020-12-14,-0.007228968948280179,0.005065597062493543,-0.007701610668374603,0.020079527219538207,0.006423332677321758,-0.0026763815933915636,0.0011606613504397956,-0.0018493248438880006,-0.0016843756680613442,0.0463452141196421,0.014346207748760609,-0.004751982737483562
2020-12-15,-0.008512073082282745,-0.012921421999034677,0.013956172850998927,-0.014739515477468546,-0.012946959430752525,0.002286055738728532,-0.008543962641079483,-0.01088466479577821,-0.02138563832254259,-0.0027207570845707574,-0.007982395601061176,0.008893225866556609
2020-12-16,0.0011142483306652018,0.019065334765455688,0.013943743098397965,-0.010809709556963698,-0.004618475656714582,0.023800047454180406,0.009613893959870445,0.002107341934525886,0.01030129758018461,0.017652756441344453,0.008658939375511654,0.004005049732951349
2020-12-17,0.004578672566038611,0.008528105293291732,0.02204590181351107,-0.004000260536953237,-0.0063102707248618994,-0.002130973965550953,-0.0055762384477533455,-0.004439339575203927,-0.01222302122467056,0.00831858905586258,-0.009105051949569676,-0.013127924780303668
2020-12-18,0.0029966285204936494,0.008033461884043414,-0.021119580274386318,0.013224858946973672,0.014008298460843616,-0.008639088569308506,0.02639759333278091,0.00680579104530854,0.007839239867790004,0.0021506577774572655,0.006388443567916013,-0.017448695796982827
2020-12-21,-0.02603514810179386,-0.01427818711675477,-0.02742039299134924,-0.04379774874817821,-0.06170585483137947,-0.038676207095901916,-0.010506271102467823,-0.0538460703217315,-0.011784970151982876,-0.03644055564993065,-0.03904360360848114,-0.024293022187631963
2020-12-22,-0.0015464581632242957,0.018562990397995582,0.0003276556860811741,0.011728984976068668,0.010797132318459024,0.019148572068987457,0.036694417152555836,0.0022174076212704286,0.002189716589406032,0.022553519191992333,0.028504296196970147,0.0026165652361329617
2020-12-23,0.003691915728186723,0.012619596075785777,0.0018572841346087277,0.006596112165134338,0.02155754843765445,0.013791664364954714,0.026669269784751704,0.02138624319598259,0.025681540908701006,0.00166321209997089,0.011085681966074956,0.007376105173773295
2020-12-24,0.025876423951520566,0.0002062869757948338,0.015592511533651043,0.019757610159709893,0.014638798846778212,0.01991333870057832,-0.013566875027487102,0.0040916097316703315,0.01345804674637252,-0.0020557419614040118,0.027584390828853556,-0.0005234163908622858
2020-12-28,0.004588307854224816,0.006891449053288312,0.011273256559773293,0.012754394098900113,0.03129106204701637,0.008312241701846412,0.003438481259698367,0.004314500569037705,-0.005557271693192201,0.02154963929567466,-0.00592772472844072,0.0049624132166821155
2020-12-29,-0.00661405627196221,0.0003755913991505544,0.010156795425056098,0.016727657506375948,0.009811031462823694,-0.002588126766214338,0.008062524657130199,0.009785190016414536,-0.0019255307277746825,-0.003528736211152017,0.006218540860569277,-0.004096013893921224
2020-12-30,0.002738637850106196,-0.007234386997417852,0.0037136580201602154,-9.477077146657908e-05,-0.003598449373092838,-0.007880742993011891,-0.0027993367523025947,-0.0018909448272904639,0.009352881641820465,0.005603817106291098,-0.011174887394028166,0.021543474655349115
2020-12-31,-0.005111485021018325,-0.01600030332882918,0.0026526625351406263,0.011914988518410663,-0.007042199145707029,-0.012496516940074476,0.007218533986535158,-0.01018226165143954,-0.004653946644373352,-0.003444288482986946,0.014297773269932756,0.004820803875568824
2021-01-01,0.0011082389082450739,0.022879867915269303,-0.007832585474704556,-0.01411075634519876,0.016184635011774695,0.010692667429275993,0.0037026399500208473,0.023205639055629446,-0.003277126249914497,0.007300374612540184,0.006584042953177605,0.005451249331525965
2021-01-04,0.0016854207802563526,0.03797520084119044,-0.006350764256744079,0.00796202673741675,0.005905526874452338,0.0037852954982195985,0.02205588476874132,-0.0021042902930844543,0.0163137002057816,0.013569944060134898,0.013669003553407943,0.0014301878077376262
2021-01-05,-0.012431810344130767,0.017618292624445475,0.007556564363981222,0.010438363137408313,0.002490940428397481,-0.005994962960360506,0.004308110389500408,-0.009137532681401495,0.00991149855629092,-0.006313717182464429,-0.0015720413993078886,-0.0060825614554428364
2021-01-06,-0.02637195069526932,-0.013417432338681756,-0.004310733905569575,0.01758938640824126,0.01171223875981009,0.021984382383992918,-0.00904330603734571,-0.028612083923446052,-0.013568402831699022,0.005894433967085888,0.00306552471759991,-0.0035072851499655666
2021-01-07,-0.0016194356008375488,-0.0061280806396829535,-0.0030267227552759346,-0.010243281127885417,0.009296543252166112,0.03797824472789424,-0.015560436024579571,-0.012658263102208966,-0.02004288866199644,0.01898776221633236,-0.0056167567737844815,-0.00819951784603723
2021-01-08,0.01179901115327131,0.02904887147848645,0.010873556996120914,0.0017557737424029884,-0.005908770936088881,-0.009169985841887773,0.03957546422236158,-0.006410324863267647,0.009434826313810651,0.025729334275776283,0.03140041883316114,0.05932425577143419
2021-01-11,-0.01884984351764718,0.017799249097444125,0.013830129519113,0.004888859512266919,-0.012237784877469071,0.01277186845306999,0.04885283772289428,0.004962840293514015,0.0158499369129399,-0.017038111243553145,0.0003222956055595194,0.02718071425911628
2021-01-12,0.031519401332945174,-0.0005034110360483401,0.02035898557452387,0.006058386272362215,0.03539831341254773,0.033994282244616425,-0.0032334579048272083,0.019506144589909624,-0.021901454385347408,-0.00014807998281929358,-0.0182774113912596,-0.005429638676828219
2021-01-13,-0.009325287569892482,-0.005008421354056547,-0.0069882808584937894,0.015510906628796839,0.048888851541983414,0.02209450264424162,0.011226529251343376,0.023250209995384408,-0.0014939275541646646,0.0020001938123810348,-0.012055698510090807,-0.005886558700652245
2021-01-14,0.011244121977045385,0.03100296780868783,-0.001291969407504201,-0.0057501607526943,0.0014667421566059158,0.003977519915730365,-0.01200296619685548,0.013727853204379414,0.011043794779607374,0.017818867302620944,0.007886321875815616,0.0011794280737891238
2021-01-15,-0.011807661022855132,-0.0053373730696743005,-0.0014298463249693416,-0.01861552944586331,-0.011065930727828133,0.03806740321719215,-0.018642909019039866,0.01727763895609491,-0.01976194075442972,-0.01630817603594248,-0.004530045566482732,-0.015301747938621713
2021-01-18,0.024000517061782523,-0.0035877298693086646,0.011215935020788326,-0.01814000132666682,-0.030936077296977116,-0.026051511876867828,-0.024462016183227298,0.008721675585066535,-0.007889665140929925,-0.013366449937275648,-0.03781251915069084,-0.024187621136566695
2021-01-19,0.016356250842650688,0.012089835052439435,0.01399104476319879,0.024945990211484803,0.014093732186728047,0.009114923038575418,0.003506111238699594,-0.0040957707870780125,0.013096844423105658,0.025298481756647728,0.025969665693982735,0.011742370577184857
2021-01-20,0.018994324162788567,0.014751354729093613,-0.007879753074180429,0.008326545841944366,0.013228297766203267,0.006500081193912655,0.017316627958960717,-0.00548314452340426,-0.0030466460507938553,0.009344151366490472,-0.003101091067859718,0.02806529462658669
2021-01-21,0.021755016124296755,-0.01056283843146999,-0.011528158938406308,0.0030853371643841943,-0.025450257478380034,-0.024826122800782113,0.00018656882168466282,-0.018148377048589404,0.004966071552364726,-0.008208925076965468,-0.019841913363270902,-0.008373326351876043
2021-01-22,-0.023720973674209445,0.008934706477757404,-0.021189332242710246,-0.03419591536619038,-0.03781577762166344,-0.007740524918648073,0.0008587544095626232,-0.01403835199868142,0.01761251736858971,-0.0067090012504485985,-0.013209773300689842,-0.0034543705177439987
2021-01-25,-0.0529859949292838,-0.0035723784734956743,0.013369705631601336,0.007961941287605079,-0.00969350061803087,0.006760727407229661,-0.01174642025153938,-0.013763686963462751,-0.00404678220929644,-0.0005872488981693014,0.019471490373513367,-0.008367622781926265
2021-01-27,-0.023699189597418346,-0.009191065025839107,-0.0364014444618187,-0.029179545819584818,-0.018864544062410227,-0.01713291914552051,-0.018187313355206403,0.013714988660967764,-0.0034589271815862466,-0.0010651691131300378,-0.02830829744532859,-0.013857111165252012
2021-01-28,-0.00973610804158398,-0.019778932207236588,-0.027064452152567253,0.011295028848396615,0.02430636774727124,0.00017516332964717662,-0.019062246659650506,-0.019225923563011782,-0.03801282167026687,-0.010662953560477417,-0.009564966684699971,-0.035878950440428437
2021-01-29,-0.018438161695202293,-0.026653465458747916,0.013890506205352704,0.01656426788485077,-0.0008854190267902906,-0.030303026883539252,-0.029109885945318714,-0.016215158369071836,-0.015866766724837,-0.007916206199454434,0.0387171554923027,-0.05031948074791903
2021-02-01,0.028963942987325186,0.008999086136917134,0.062027974946745834,0.12439475927719768,0.1013825374309163,0.046152514170029635,0.017634414749178262,0.062484802763874026,-0.006758097450275002,0.08552478169861466,0.006738419969134046,0.026801519070963842
2021-02-02,0.016092494150726555,0.020418380392036584,0.05674615939697958,0.022441133432011595,0.07209513969758108,0.034878746364259694,0.008208429091223657,0.01041894513289332,-0.008071951098499563,0.04924613807814082,0.03270356839932065,0.03444692944569794
2021-02-03,0.0025182995049701784,-0.0010615554619215484,0.009131523080157189,0.008099275630706115,0.008555923464588444,0.015850532376457727,0.010540651497334741,-0.0066452536417248576,0.0010760085385708162,0.0054926270952913026,0.032406451621141974,-0.008556882283527467
2021-02-04,-0.0032889672505548306,-0.0036251528132766886,0.0027304243193031486,0.009560346363160166,0.057002697290412296,-0.013550083600167517,-0.004125436652822945,0.060899704141677224,0.005710504008775041,0.0008177533461135589,0.003655113169354296,0.0066936654405365115
2021-02-05,-0.00028587760418830044,-0.009565572850067428,0.011715549695655803,-0.022520985899201595,0.1070120357819313,-0.03246776719246647,-0.0056669893799177196,0.019134579717420053,0.010665156158675915,-0.00869397982377862,0.005146484449217947,-0.019090281305824575
2021-02-08,0.014398981343612505,0.01778080751879263,0.004788549074714599,0.02515670613562304,0.010048256297986446,0.027878145279519817,0.02472308170659887,-0.005333815029027744,-0.014496236105851046,0.0232773231391028,-0.00015745297688818383,0.010735207864621454
2021-02-09,0.0024085565188225466,-0.011574309307757047,0.004111352559581505,0.005956241717404609,-0.005666834146351829,0.0027625072128478756,0.0015340900322620143,-0.01758899476545972,-0.00912089775878655,0.009440511851156241,-0.008821412235317738,0.006924226573008507
2021-02-10,0.009278282952857486,0.011457626266995424,-0.018674291518081643,-0.0018946155279899735,-0.006458832257387193,-0.014608923077684244,-0.006931894854650733,-0.006332030390248544,0.00868597098912316,-0.008681872534077262,0.005612635946975253,-0.0007012489301467806
2021-02-11,0.04122987976524839,-0.0022718914974286797,-0.005942673070652216,-0.0023729662248948014,-0.005353772967442216,0.013385341169073861,-0.00296958624442456,-0.004834009157861585,0.012301275222820651,-0.014392938264689903,0.02639121622896279,0.005989441342848956
2021-02-12,-0.006858973422834702,-0.0047407582140919224,0.006105430747154639,0.026876927285575558,0.007689463789738449,-0.019812756669516318,0.013267426538995819,-0.03974381610537725,-0.009478361550184777,-0.005978467096322104,-0.025634914435411993,-0.012892365772138592
2021-02-15,-0.0044084102837339545,-0.015967656122683804,0.021903428971308703,0.040688805805074946,0.03510100417534279,0.012708065800407509,-0.00011454019035739282,0.005288349695905303,-0.01175540614743098,0.010714233570752851,0.0005580044783883853,0.0037193854046384534
2021-02-16,0.013234359169924215,-0.009889315351416017,0.0062168469071159915,-0.02314709548270133,-0.011303512974963459,0.00042090889628232375,-0.014698628518863499,-0.001600982160030573,-0.008622170621375269,0.007673980271783343,0.005816793197023218,0.013216239191765844
2021-02-17,0.011531916106257478,-0.01148346381392884,-0.024682738295820128,-0.0015190527297372913,0.023362645741951793,-0.0001683361082036594,-0.007052142666352346,-0.0022908383689590472,-0.014662282448906216,-0.0007098961093702227,-0.015685649718803263,-0.02518497927753427
2021-02-18,-0.007464262398985122,-0.005124819621895815,-0.020296155644763503,-0.019319819221518708,0.008378969813646497,-0.00808290387019106,0.008702209136285832,0.00505147268551176,-0.007879336200379283,-0.01533896116774125,-0.00837049020577818,-0.0007529434162234505
2021-02-19,0.006093673603446481,0.004742316867158536,-0.009779417547152502,-0.03195543368631515,-0.037692871350332946,-0.013071891135964187,-0.0008898201418977569,-0.01325094037772312,0.015953594222900325,-0.010363292019380799,-0.014203452290316387,-0.02328086782697758
2021-02-22,-0.03470656597495825,-0.036915763464691165,0.005782613107142787,-0.022754613754968123,-0.025153190960437666,-0.019007509365236208,-0.020212233054827666,-0.017591146848394024,-0.006189416494335354,-0.03751329789409219,-0.019759442986573394,-0.03230236502783412
2021-02-23,0.0076441368496595885,0.007351708730552353,-0.012176971557840255,0.010576286241133825,0.01566106993467198,-0.008328796029162255,0.0009090972202161485,0.00700315233823301,0.005374329245034115,0.023481677661623124,0.014698423807271155,-0.016362287865138714
2021-02-24,0.018557363555844253,-0.010771054360803056,0.050551026779579455,0.04024011174154629,0.02692118157422363,0.013084576734725628,0.006277689891561078,0.0016786271922304419,-0.0001834865772369909,0.02711419967796802,-0.004304046156762609,-0.002517678004744006
2021-02-25,0.04044161116082434,0.016010306349697245,-3.1234553473535875e-05,-0.02043369019224961,0.002461436609077161,0.010821172257680534,0.0001962185298551855,0.001436657605769165,-0.0071367960687525045,-0.01319921372251942,0.013467275617028429,-0.003250418310038583
2021-02-26,-0.027304239401181762,-0.03371940385158356,-0.044820700723016915,-0.04816857298129995,-0.041988878928275075,-0.03945442871768767,-0.016672524280197054,-0.02534072622161887,-0.014445305416755483,-0.042450900278327985,-0.024526251236992147,-0.009263533391688172
2021-03-01,0.00762286007407087,0.010330705396625506,0.015967160802318858,0.01773310100426917,0.01230303850410408,-0.04332192193277207,0.010931137204049701,0.014962021027525418,0.005323311285784671,0.021040065569601696,0.01656572196788253,0.021678768507993107
2021-03-02,0.002045914129901405,0.02809276958537743,0.005965656254963703,0.0035341562577213548,-0.001898959821846402,0.016911065248402135,0.02959732741293597,0.01449975940867243,0.0161192223625386,0.008690514753811218,0.01613047508678278,0.028381993198262512
2021-03-03,0.04563166737352953,0.017546660877373554,0.011892719991552392,0.03538085909709765,0.027523970921684793,0.009423469146039531,0.029935115785856725,0.00023824510253378506,0.007139622178703231,0.00757239074578453,0.01652551878298114,-0.012392422160492855
2021-03-04,-0.011920548508826068,-0.0030728276435320057,-0.02193015733476944,-0.0179560146955956,-0.023206917129458104,-0.012264388238725,-0.00982507300003932,-0.001190751833755943,0.0015502374689444487,-0.022913937386209726,-0.008649087500158359,0.0009685192251065455
2021-03-05,0.0013098169960361616,-0.013657261193751435,-0.014207097682290448,-0.01820374950061099,-0.030329942499703888,-0.012601902794377784,-0.01026023672947729,-0.0054841976908881485,0.0019116186299166227,0.0006494736004478696,-0.01252111150249291,0.01646181128050661
2021-03-08,0.005691538676822372,-0.0003656408274209655,-0.006862687005780521,-0.002297310222607596,0.015508984516378721,-0.013325766629081026,0.014468009013630656,-0.0026371828924531826,-0.012062029080190162,0.035291018594591606,0.005890185499712652,0.0014485245649351608
2021-03-09,-2.3020703944776066e-05,0.014632865306291487,0.02829871783707527,0.028040625646595707,-0.005133430741766087,-0.0075138781261590015,0.007336852395082749,-0.0009616855725307349,0.011013872570955874,-0.004553858983995629,-0.003578526373736235,0.005792380465789115
2021-03-10,-0.004153141691744744,0.006555319407504534,-0.004319927516576616,0.0007997739946197235,0.00025799594138509185,0.00785808623706985,0.016795926981389986,-0.006255822013630841,0.013349938772576397,0.010541598000363805,0.021873832728612985,-0.0040333873589614155
2021-03-12,-0.020325758521369086,-0.004233304359855583,-0.0024425967449278607,-0.02038048218878319,-0.017023513868568374,-0.0031376796533392204,0.004897207313038665,-0.006295300245566682,-0.010368652707735238,-0.006692024061799917,-0.01980822086921674,-0.024188226569857862
2021-03-15,-0.013426364457221784,0.002681359442758602,-0.01501334494225548,-0.015256465078162806,0.0073471848543087415,-0.0025753510314492356,-0.0009092370404870653,0.0012182182957400922,0.002766809789611857,-0.019980193199951257,-0.013200609829572496,-0.0009725539926270788
2021-03-16,-0.003935568886081708,0.014317941961883518,-0.010793855990960721,-0.014167350496459341,-0.013935988664363297,0.012336259263884264,0.0075712540078316515,0.011681520092206688,0.015016922179928338,-0.014793509632388568,-0.00528496014087565,0.008604579692564895
2021-03-17,-0.021541596187612977,0.0009323553233895332,-0.011110035836114363,-0.009160551930687766,-0.02747322094301874,-0.012091481928592884,0.0021676808680795023,0.01323099415204676,-0.007909890126306163,-0.016520744677542498,-0.02913823979258523,-0.01197844386738045
2021-03-18,-0.022502201960305612,-0.024558975755429424,-0.002909050894548071,-0.01849027102266798,-0.0028519849619618176,0.008223407107963432,-0.03597704493001652,0.03347578630804038,-0.0049860408684054836,-0.0066428679205732255,-0.017443340972752686,0.006950087332236787
2021-03-19,0.0362848437165455,0.004512029344083013,0.004359524632126854,0.013912994128073786,0.011032238507817427,0.005216155841064385,0.005497137375565009,0.02435089563100923,0.04372053944407894,-0.011798763139550306,0.006526648766612908,-2.8065913521224672e-05
2021-03-22,-0.009413985905066813,0.026047433760493233,-0.01893154972208866,-0.022500660080398527,-0.011181377814633242,-0.0036795223945043087,0.019599060130232493,0.013680053645936496,0.017798159774210287,-0.007936347958211742,0.021961152290093766,-0.0017291402742622974
2021-03-23,0.012170408005564903,0.004138078351547669,0.021100589287703198,0.022582800197533004,0.015531398945172858,0.0023673320981680845,0.0005473194112057822,-0.016814086290217634,-0.00675658118769773,0.0030713437982681224,-0.0053302048641110655,0.011969806178949494
2021-03-24,-0.01925754482676778,-0.006841386416026607,-0.014231743644695038,-0.03223075175858614,-0.034478135697402434,-0.010580940831706576,-0.012978297786500392,-0.028127719269656182,-0.008000670088247452,-0.025065097663143687,-0.0043378941996551346,-0.016705531505007976
2021-03-25,-0.027279890986648736,-0.01802256445636996,-0.010447737525433598,0.007136519792429574,-0.012922044068150562,-0.030363866297861475,-0.01473676411539393,-0.02014358477750955,-0.035171941793816996,0.0014243214099425305,-0.01631639051598266,-0.039533306879680485
2021-03-26,0.0016069069838253736,0.0006359084949285609,0.019099935397093093,0.0122474570198301,0.005630492073479765,0.029049870131089506,0.0017992423638943933,-0.003308069093469812,0.03614108870489896,0.01983824312529503,0.019887329328992287,-0.0003536954234314438
2021-03-30,0.017371417073195117,0.02991734197850615,0.0418427534529644,0.02229716329616993,0.010078310508674804,-0.0019139243265663408,0.03674612866350713,0.017306589965309094,0.03488052837631117,0.01805752840744157,0.017881344630340967,0.009927150885852276
2021-03-31,-0.012910891822793036,0.006110223638593926,-0.03864978545744946,-0.01580869207997715,0.009700778501659402,-0.008053637302258498,-0.012452288690696589,0.018410656846757467,0.013653234017571458,-0.003266461421665312,0.00016726996802729488,0.0010799415870259566
2021-04-01,0.009360626446026199,-0.004043607655787929,-0.004619484775751026,0.021130579994151244,0.01743074012598944,0.006765760752373229,0.012536194559751301,0.007093812050665171,-0.01332528761583407,0.01811248118957165,0.021662839280766955,0.009432543268280469
2021-04-05,-0.01446703522492332,0.02334918913969064,-0.024987337408625798,-0.03894690117873423,-0.04613508424029311,0.01430492908271419,0.01783143984525104,-0.03408321424600669,-0.010795681101560817,-0.028242888227316354,-0.0031928591121703764,-0.022436745902278954
2021-04-06,-0.004165272021614985,0.00796580080735465,-0.006450171543654348,-0.009365482176953766,-0.008485486952690025,0.007477546749530273,0.000815594299661937,0.0004705495636159185,0.014790151169628896,-0.0019947784882599073,0.019136036957678515,-0.0025484749632975756
2021-04-07,0.009348244600814848,0.002051981923763657,0.004825690783932135,0.020763428998111788,0.022821393633814413,0.017662657388435754,0.013571485152809037,0.0054079309945191945,-0.00126647937664226,0.002248449028186217,0.0009671310166678992,0.016841248249744423
2021-04-08,0.0012482842674388372,0.014046443049803514,-0.009950388824408907,-0.0016446794031914624,-0.008227613100099895,0.0025848565304114057,0.006747331942224877,-0.0025723317933102896,0.0019335152189758897,0.010682699612244662,-0.01094939968580233,-0.0055571512821797064
2021-04-09,-0.011618954662272474,0.0014769564169452298,-0.007712095895373583,-0.018207017706478146,-0.007311623968105696,0.004143544482269945,0.0008333608824533378,-0.0007036007998141303,0.0274283940093345,-0.010605024792256779,0.036630189227088605,3.6556735412585084e-05
2021-04-12,-0.035770960564216914,-0.022785839130157748,-0.03847370893498325,-0.0488343330459029,-0.06841354608433414,-0.04181558205224456,-0.010617142872872076,-0.036602429389209434,-0.005654294834600226,-0.04198427627195023,-0.027326311389211044,-0.044894627743181204
2021-04-13,0.010804928313034479,-0.04389274295316492,0.02435907215874389,0.0409432696336669,0.03694695595469644,0.026222398388021206,-0.020059647451072582,0.016561041067967075,-0.003087171501249153,0.02122446078693141,0.012916737040467696,0.045271846913480074
2021-04-15,0.006470625418655063,0.037016166534453054,0.021244663621013737,0.026043718256291815,0.004985298356135148,0.005968620389987578,-0.026053278703484728,-0.009583167332104736,0.002546463813498212,0.0006915993561336098,0.009404652477460695,-0.025169390557886806
2021-04-16,-0.006274759590539913,-0.007393876406173838,-0.0010140181667643855,-0.01434306955761433,-0.008170544519898182,0.002595759542748821,-0.005144134888751095,0.006047469320603849,-0.0007111552299826629,-0.01127555927773749,0.020213260323574955,0.0005794524399036494
2021-04-19,-0.015734123672051403,-0.010437445616158558,-0.011374326920105426,-0.012699392266861564,-0.025742867311857154,-0.026444724755559035,0.006500488651143943,-0.011300796918184086,-0.009048623865118288,-0.03583131185684596,-0.008358475902990326,-0.020509731206798443
2021-04-20,-0.0002891327815632838,-0.005455754251065259,-0.014868276437353445,-0.0011614541824742641,-0.004982598271723204,0.007123151051625198,-0.008219991339169286,-0.009970791318820726,-0.01608765752598884,0.016063253465263605,0.00702412414467779,0.02071650414593229
2021-04-22,0.0027614262707649218,-0.008188785902388362,0.022351604149679183,0.03595088083368636,0.02169968501643882,0.0012259290897924657,-0.00018482108365114325,0.011545078192636504,-0.020042049072912516,0.003980543985240281,-0.008060201118855082,0.0005190118274929212
2021-04-23,-0.001075297114757734,-0.002981972853783099,-0.005869975475151112,-0.015970433904015424,-0.0005939841675565161,-0.015541055322375485,-0.012804397772426146,-0.0026710272851121486,-0.017728210211693796,-0.010397990091155607,-0.0031253371934214513,0.003909759216463415
2021-04-26,0.017591181579197812,-0.00279810703385186,-0.006611679887154498,0.037108574877757095,0.02333166277113441,0.009471823185895012,0.007310085932410004,-0.0002436210417892104,0.022922617123230182,0.009826791990339645,-0.005094343311653704,-0.0055720302763524465
2021-04-27,0.026214745013368734,0.01006214621452095,0.024131428332153426,0.012942023691443927,0.025413882488676487,0.012794986707391542,0.003684244212216914,0.0004871665698840122,0.008133752722147669,0.033498041029193404,0.007168883580855878,-0.010566515013338496
2021-04-28,0.0043495988364803395,-0.0025223543564472095,0.026482338081053713,0.037745226153672595,0.029315925187775482,0.01871619357618104,0.005561602043946623,0.0004866381284904797,0.011219156700487565,-0.0034404014980912168,0.0064919638726288476,0.0007687145327310851
2021-04-29,0.013393173911324219,-0.002832865552811481,-0.0029117032337275806,0.0001610021132039119,-0.011007162656235803,-0.006338536107546533,0.0002581547005886531,-0.005839242824438817,0.0004363966872633629,-0.012537262481184697,0.0017094782359048377,-0.0012397379940009001
2021-04-30,-0.014599431127480855,-0.02555177673612663,-0.040882884098018324,-0.03371150792403277,-0.016416123194277987,-0.007580639397765432,-0.0014745801003127612,-0.008321295444393084,-0.022366713402528604,-0.013395701413358663,0.015438355811814075,-0.016753945823022698
2021-05-03,-0.01777390225658937,0.00044483060867195334,0.0015222479176928427,-0.0062446668218136825,-0.008203708684762612,0.04117372595157742,-0.0016981981317624184,-0.008143995685404581,0.023047970240894777,0.0015294330835475822,0.007257973563642439,0.022027359078681474
2021-05-04,-0.0216687742120657,0.004198150230536157,-0.018452334641162138,-0.00871392852900077,0.002567007983654168,-0.011452012707602655,-0.01675237937371088,-0.006718025502797653,-0.00014511814432316417,-0.00365001746926763,-0.021313598281694435,-0.013580310557955055
2021-05-05,0.0018262285308079385,0.015066937200244768,0.01026403048550395,0.019017654963281894,0.011095219744835738,0.013575826751278663,0.009101754419616803,0.009018016753567837,-0.005399557208461747,0.0007850396535338255,0.059288455223623915,0.012576404036340527
2021-05-06,0.0056767441323244405,0.005087771091260462,-0.0012120227123492144,0.00895828101000884,0.0004220564123158521,-0.0021430341553186905,0.014983484743425812,0.006703113721364673,-0.0019416262287195174,0.000933759364884601,-0.005853073682176468,0.011615874090933564
2021-05-07,0.0003884614008238252,0.006893777607289264,0.00988647439178969,-0.00180868703404935,0.007593905103032927,0.017449619548831397,-0.0066466478922594385,0.012823766999380926,0.008870173577073759,0.002089716261591157,7.362492906026752e-05,0.00546013610512297
2021-05-10,-0.002873092101495889,0.004021760891105952,0.0036048413107703237,0.010130375266131697,0.0096300723291598,0.007124062280443377,-0.00961159382401211,0.0009739015739920198,0.008999619056093255,0.03895158594045056,0.027595771363543964,0.009092799648346528
2021-05-11,0.003608207181227341,-0.007280212648542839,-0.011480069782082825,-0.005544402435473383,0.008155961160883907,-0.007248296955701727,-0.0066439557589939024,-0.007540830116991137,-0.012659645521106766,-0.008172285629046039,0.014179409527842024,-0.004043390794366886
2021-05-12,-0.010345909928087593,-0.011208559329408008,-0.00288556648307281,-0.02476026378418672,0.008364213068138726,-0.011699471656506866,-0.0027430471234521914,-0.003676544253658598,-0.030452520706396702,0.0012289115861483513,-0.0074142912399918215,0.012008853203672176
2021-05-14,0.012623226592734627,-0.011692110536457134,-0.009038974081403195,0.004287568736346836,-0.019717100637738683,-0.0024032597909384723,-0.007988086781421821,0.0442803523043207,0.02056716305851558,0.02180014387528617,-0.016219556828823256,-0.01190303400829118
2021-05-17,0.011898018420914314,0.005981024225819365,0.038504516737391636,0.04403145262050301,0.06283800547160667,-0.019182728049526476,0.009875542508600343,0.001649157384382871,-0.00025240495548672914,-0.020310745262627772,-0.006218795603028848,-0.0027538194913374614
2021-05-18,0.014079033142597064,0.0062055621863161825,0.025308156164232987,0.015394517288803922,-0.0022187248778514634,-0.024197025808371575,0.007973452727856989,-0.011994502168135912,-0.0008417127466211483,0.022029881357675363,0.00531166264051075,0.013881036560009274
2021-05-19,0.0045775850774523175,-0.002201733310608578,-0.012527950590488945,-0.012239326870187806,0.005624636216681633,-0.015195452552684174,-0.002238752793947807,-0.010949741776895783,-0.006107162878498218,-0.009772119220496034,0.018239856118308584,-0.005168081057438378
2021-05-20,-0.00583355492973614,-0.00713808701325136,-0.017418769117013566,-0.010952176246594614,0.000390215514583403,-0.014293869422143946,0.0017202353718537289,-0.0036099891113906546,-0.00661099354697936,0.004488862484299361,-0.023528569766312013,-0.005615492791103072
2021-05-21,0.008637970151937457,0.006699185235228056,0.045016790431675835,0.038554892612971514,0.043297464728602186,0.019782986394131452,0.011349499576735367,0.009903355304400119,0.007721481189958412,0.00588767051822181,0.005168517154628072,0.01139834928569683
2021-05-24,-0.008439201513184003,0.00032460814568913143,0.00844839528088226,0.007626929936093818,0.027043657322633807,-0.00781614143589937,-0.004761957554673568,0.011719569674554675,-0.010879622428931257,0.01777085803887135,0.0007965980773434467,0.008356955269592126
2021-05-25,-0.011331260899110296,0.015490072262265953,-0.020530265485005694,0.0045570326556865215,0.0007282248750570819,-0.0013287991598213145,0.010051531874181396,-0.0028366538401782826,0.0032101111154343442,0.005335111283754079,0.007453532087985604,0.005850151123100611
2021-05-26,0.003514738252777594,0.014290247024440594,-0.001284630295855571,0.0033830898352198435,0.002910044917526111,-0.0006652223820361458,0.02618238032251785,-0.0014224089395920014,0.004244638055365346,0.015128020548246246,0.01106160646646126,0.01772331535927596
2021-05-27,0.0030710770371507046,0.00680707604182107,0.003791261029794324,-0.0003831923580773777,0.028170745617616788,-0.011317227360169158,0.0035784396526883366,0.0026114169535893517,-0.011724812615472313,0.006755425567734896,-0.00610976213575376,-0.00929737745588044
2021-05-28,0.06006773869067494,-0.011446626209290489,0.014028779298712157,-0.014105011148449864,-0.007408221554088157,0.007310455113956893,0.001996615159929327,0.008287987229812055,-0.002020260474690283,-0.003203372033263041,-0.04253022073496704,0.00015808785904436462
2021-05-31,0.031267889784595715,0.004946706275438695,0.008247749318613051,0.03063522338158986,0.005449628886583069,0.02158149326341552,0.0026619237821277064,0.01737899313046376,0.007903802416952876,-0.007035898964550591,-0.002165118249689013,0.016685636426013284
2021-06-01,0.003980896454438776,-0.0019467965363141326,-0.0027377363206524397,-0.019087027840194004,0.019323679930316695,-0.0037391719648757205,-0.004699521822095987,-0.006232720003343406,0.0077990740497733135,0.0047353115291581815,0.00411508895774837,0.0006844692574836664
2021-06-02,0.01491547911793023,-0.007468909617448283,-0.005093496906229067,-0.0026919552532429503,0.010865711282195267,-0.00638020211569279,-0.0061634633240389425,-0.029035909000297178,0.00021208668966687938,-0.002441190854369224,0.009537229466553443,0.01319252750952793
2021-06-03,0.003815979787028523,0.0037704321367215687,0.011003864266190932,0.0029304710985527116,0.014772040804147402,0.0048160299434811815,0.00797870988559346,0.00023917563304975964,0.0018862048841450374,0.027055326199463048,-0.002878687868027585,0.0034517501974218323
2021-06-04,-0.008666473275977027,0.0007962111110721981,-0.012889976145022963,-0.011610808751906787,-0.013760844469539624,0.0012216662900987885,-0.0028783190834400507,-0.0014350921717181109,-0.008970351777099261,0.01767233737947005,-0.0022944081866951294,0.0007212356690544652
2021-06-07,0.016845336907355568,0.012548445796926488,-0.0007330159258577273,0.008557588911750624,-0.0031135076110742066,0.007039698126405369,0.002886627719090651,0.01293420055480321,-0.0011742838814966516,0.01317017680734689,0.002077214491046586,0.008447959607388533
2021-06-08,-0.005746623644599325,0.005324655985088356,-0.011201061739832374,-0.008947878834051348,-0.011683060430668912,0.019293386822930803,0.016766745717316622,0.010404244906272675,0.008421334291443427,-0.005552753408735844,0.005034329038399399,0.008397911937065405
2021-06-09,-0.01788126375325061,3.142068771522233e-05,-0.0018542165316787207,-0.009807001250665581,-0.013459814386165503,-0.012436084432170591,0.0016632599001309423,-0.005382525727379184,-0.0012718014993774451,-0.019268591594503448,-0.008692273402139739,-0.013323286086538655
2021-06-10,0.003678309080799469,0.005171577087663026,0.0005066750566746769,0.006760156216313318,0.025625902121204858,0.009537167753761233,0.006359168859719766,0.013419258222244324,0.00967752180222714,0.0002632435036606928,0.004755953972394922,-0.005401334062553054
2021-06-11,0.01734544762995016,0.01771946016564674,0.003578454614290516,-0.007339216883219701,-0.0061306911900488315,-0.007887831789280875,0.01586723045787153,-0.006688928838085806,-0.005170905029011186,-0.010692873884757592,0.007765690249235124,0.0033194635227793423
2021-06-14,0.014346173359225611,0.000778857607829142,-0.004642260862483205,-0.000865222067157001,0.0017457456574383468,-0.002773423541463149,0.01029801504120642,-0.0028861477491767262,0.006427136081579743,0.00818117750309244,-0.006164886823409654,-0.006360880170240835
2021-06-15,0.0022717501588676026,-0.004150961011174958,0.00730004765925063,0.015980442253549443,-0.0019751929900533316,0.005840339527068084,0.008277506140248247,-0.001206019008003767,0.011566219585441129,-0.0032655572661562937,-0.0057597832897916534,-0.0016160819329094078
2021-06-16,-0.017066707809352044,0.0035551006064207247,-0.003791350284916062,-0.008058424117245888,-0.008265405832832307,-0.010599023015286035,0.004545805948430237,0.003863808472955199,0.0066683883262574906,-0.013172000692290298,-0.006907409011539967,-0.007256244261890865
2021-06-17,0.0018312864449097077,0.01325461593354671,-0.012461110048238688,-0.011091832743748031,-0.013381830007195505,-0.015090753661517353,0.009928255073886172,-0.010584436671319364,0.0040697801710534165,-0.002246954892576536,-0.005235174618659411,-0.020367549376441696
2021-06-18,0.004513283120461065,-0.006163772677795332,0.009344310358709196,-0.004107404154956584,-0.017489501464543644,0.019105230607998402,0.005350185936324747,-0.005348832716816299,0.02696774806005675,-0.007764431015600315,0.005187609019788431,-0.0014348812439004544
2021-06-21,0.005211958362217439,-0.0073392815226070995,0.006014517318075674,0.0013481647948998532,0.01658981908053403,0.0015777006824146955,-0.0019957009361130096,-0.0004889499305228417,0.012666798639294985,-0.006063689953611062,0.004263316540577433,-0.008542469158294708
2021-06-22,-0.0051401803857810124,0.008585185993431832,-0.003291481248404393,-0.0006336059771272495,-0.002620537700223191,-0.0059302791058784,0.007698430121489297,0.0031792079553278896,-0.009584905084946027,0.02191471581826554,-0.006777427829716687,0.05297184109998865
2021-06-23,-0.009165366142388276,-0.012056345363201326,0.0011457838430262157,-0.009748687826013347,0.00047773499900150007,-0.004381044458389494,-0.005754395150707858,-0.005606948753894336,-0.003915202475244461,-0.01330701821420055,-0.0023245369005288063,0.023026902658352055
2021-06-24,-0.023511098691680332,0.03440253892103451,0.013968262031557321,0.014967163921846272,-0.0039393719992038,-0.009924187985616673,0.03728834704306383,-0.003432338706068294,0.0038901241982340906,0.016765177660936104,-0.0006763319574097926,0.012747677565789095
2021-06-25,-0.022776826709574594,0.00213437094457003,0.005875501164106289,0.023578664903415536,0.02780437309356376,0.012009451754153577,0.00962021871112051,0.008856153226849184,-0.01666567583323031,0.013164444711594836,0.011206294937172068,0.016147581909589537
2021-06-28,-0.0087671872531625,-0.013029880950566008,-0.0044550767225742804,0.002002973425669907,-0.004780737441218208,-0.007288278299483197,-0.0015245825582733685,-0.007071400036650299,0.004717104230159697,-0.006168561137041895,0.0060244656946124575,-0.0068962993340502265
2021-06-29,0.000862954124924542,0.0012287570510878254,0.00013315079601250446,-0.01568516352024929,-0.012302222608587154,-0.011765839462656968,-0.00556674958980552,-0.0014735990481855588,0.013149258007082887,-0.002344100384790937,0.0019223573361970558,-0.014316224494440921
2021-06-30,0.010944478266729174,0.0014668480042301368,-0.00276279343227559,-0.014372546473712444,-0.005456685672711514,0.0013332979079880847,0.011356058481903464,-0.0029511662063254063,-0.008525531033729883,-0.006850229548888143,-0.003173048265991407,0.0037929529187545885
2021-07-01,-0.006017058537492348,-0.0012702368496307903,-0.007443885220755342,-7.938336374846422e-05,0.0028624897883335887,-0.0057071206707898225,-0.012904933230014626,0.0014798550795578347,0.0027112782278917447,-0.005497986633884011,0.012880514801769216,0.009113985963284055
2021-07-02,0.014823937955543931,-0.004803352181148024,-0.004271022848511441,0.014900542502775949,0.00951468873769934,0.004496302118764284,0.00474236906479697,-0.002955527614661113,0.003752861493762971,-0.0044561821377732125,-0.0042389996235300265,-0.0013909126812008399
2021-07-05,0.009934081881818768,-0.0013381258209244073,0.010166162576301874,0.01187028120912359,0.019439280253750635,-0.0020000326405719138,0.007111757777216843,0.006175792849074879,0.004724197714932155,0.01501022222039583,-0.001541264233052786,0.0033800442999816216
2021-07-06,-0.01181289049304357,-0.01767532611489786,0.0262461424474576,0.003781826897433449,-0.00670288793409235,0.004103494523837847,-0.010608284280821834,-0.005646965994022701,-0.010624320251477082,-0.001624599363115653,-0.01021748064845307,-0.011119280153992661
2021-07-07,-0.0069418960981666444,0.0038775394442855937,0.0031277278796846275,0.005689728651162795,0.007213515429940864,0.006652774855928634,0.001536203874521025,0.00617293520465978,0.003700905417189926,0.007273154908354895,0.01017436030643415,-0.008722581747798941
2021-07-08,-0.008269844948709748,-0.005022999325307254,-0.01237420656762711,-0.01850157834453503,-0.019406162965863283,-0.008119432586102149,-0.0024606236613656796,-0.008588937216033155,-0.013740718952782727,-0.010386011233245784,-0.01940884631819373,-0.006470381414792836
2021-07-09,-0.010226512607929061,-0.01545175039393698,-0.012134508605936789,-0.005218916505267068,-0.0016492631920815848,0.02084516925907809,0.0013775191921021612,-0.0032179595586436793,0.001593272183562977,-0.0007330435320008766,0.001499616202372156,0.0033102464754239946
2021-07-12,0.006228219125567813,-0.004691253040842391,-0.009986702750145016,0.012058648655597803,0.008731530378529806,-0.01230761117062118,-0.009629369703140434,-0.001241657597975343,-0.002977718485043357,0.0007670164394446566,0.0009729299824445814,0.005979350738706701
2021-07-13,0.007485344436220398,-0.001738039423786697,0.00998656071975601,0.02893613115900906,0.0038601926404633335,0.0007552106677732873,-0.0018735193777644765,0.0037295073199603568,-0.003048378949354502,0.008562275199704095,0.021614172910305873,-0.005321235247932821
2021-07-14,-0.006524849095535967,0.008470463739819856,-0.0017977530432081723,-0.0009023852485421369,0.0045442275372973295,0.0,0.020680145474602174,0.011147045337417394,-0.00896679833691194,0.020547069975377807,0.00431918578692958,-0.013942855021745748
2021-07-15,-0.0017496818026244698,-0.0014342328575922547,0.01437477436495227,0.004666391111873169,0.001508070907582315,-0.008678429452696479,0.0024733379361048247,0.010533940635114591,-0.0010353280617236837,0.04185272408921059,-0.004300610650532666,-0.0026956423047987954
2021-07-16,0.014430730126812064,-0.0025445082748069003,0.0010850277831961908,-0.01071254907868413,-0.003938032289886428,0.02987916656858358,-0.016036322304597395,0.008000191675369583,0.0020932211312356674,0.005840924617067422,0.008199044588535598,-0.0004721779777880908
2021-07-19,-0.006367154929829089,-0.00319255378087846,-0.033730677101028506,-0.00666341939940851,-0.004883541455133034,-0.004989489952270554,-0.008839764767917146,-0.0007216534532870078,-0.0036196063866673622,-0.00565253692922052,0.0009437762215824819,-0.01889498458056249
2021-07-20,-0.0024535354698149714,0.006656806169752949,-0.018932825055131053,-0.021344912783011982,-0.016359111911426027,-0.0235860349395709,0.005416161630670269,-0.004572591001510307,0.010898156052954633,-0.011959498604414476,-0.018570700711567634,0.00937131245770284
2021-07-22,0.012847368018624739,0.0032911828962987055,0.0038457912462173116,0.02188808149448862,0.0027321927927814738,0.03984782764926331,0.02590215811231844,0.0009669790567836678,-0.02330678918027329,0.032571490085741006,0.016039628973564035,0.009242757525347978
2021-07-23,-0.007073002585455179,-0.0010883068139191376,-0.004107039468530416,0.0315574567297674,0.016230393392939968,0.0029265132318228027,0.00015732296077053398,0.026086957335809347,-0.008430933643358451,-0.01851226226275715,0.009748224196060029,-0.0007808580993954317
2021-07-26,-0.01370093668239003,-0.0047620138965186465,-0.0056836233854041796,0.00014774996830579923,-0.013056668478526379,-0.007751223909924998,0.008456739730585694,-0.0058851217447324355,-0.003986135299388627,-0.00877932735370357,0.013544737869708223,-0.007958743665341106
2021-07-27,-0.010520787446300583,-0.0045660338586133165,0.003624877879515598,0.0010342850592686137,0.015709898165843894,-0.006433100866398811,-0.0008418504351425105,-0.011839831098965359,-0.0026824182121482076,0.006666210810125639,-0.021467302855418202,0.0006149289560424265
2021-07-28,-0.00858889180048883,0.0046653850205276015,-0.01559299460007968,0.011218650538007191,-0.01035002187001377,0.0505965859523303,0.0019032369896496704,0.0021565281485018684,0.008111297288099228,0.002483931256956229,-0.0007265424993267988,-0.010386246792387532
2021-07-29,0.007804278939274711,-0.0006255725223377473,0.0006703115489903322,0.006514736653870257,0.03772027288744195,-0.0013207737876259618,0.007100230569818455,-0.014586199782726017,-0.011285689834140689,0.0011291552146506234,0.02209984724783909,-0.023942756168265578
2021-07-30,-0.008742179316964194,-0.008870873489030595,0.005781714767143953,-0.007272665184119398,-0.022081172556963957,-0.009697461642020011,-0.004019742563818651,-0.00533844913547632,-0.0006209550254078211,0.0034146285325973302,0.10092445321940757,-0.0022591572057468756
2021-08-02,0.018277364700186594,0.016401124149607593,-0.002664047367588851,-0.0016116352347437246,0.007179113468840148,0.0062316255138203935,0.013070483683260026,0.011466053903237183,-0.00021418857221233711,0.007805425228091023,0.0013564927605123067,0.014223826262213635
2021-08-03,0.007358246276401248,0.020345635920282046,0.008470298618874939,0.01320806073590397,0.026672840395456143,0.026630075462234615,0.014495425311703336,0.012542279842403303,0.02316950807910434,0.012639884765671683,0.025548552802847846,0.017302665882260815
2021-08-04,0.00766377156448339,-0.0033335908558791427,0.02132838816829996,0.035124523696172805,0.023404265493568,-0.009996541277329074,-0.0035947069331195847,-0.0061935983019653085,-0.004084812113479219,-0.006822413623325474,-0.011386470356785083,-0.013403927997388099
2021-08-05,0.014497951521936114,0.003054337960808562,0.013341948374384405,-0.017071274575733097,-0.03304519100383818,0.04230498159302232,0.0026071155328899476,0.0318792931423062,-0.008161352914248021,0.0025876509182789498,0.0005090337743622886,-0.004300137218692046
2021-08-06,-0.021178308527437295,0.007871602649364817,0.005253125335480169,-0.006833254340089301,-0.01403194831248833,0.015366632366276,-0.0020259211448633296,-0.004645724564045772,0.005853113051169423,-0.010476843741315855,-0.0012084321345462445,0.010423266441387913
2021-08-09,-0.005696483058563739,0.0038975475110456514,0.007536922557144221,0.007453533764095965,-0.00516465961315371,-0.014229258394621302,0.007938551686112127,-0.002100342670350419,0.005481782126527168,-0.008010816680256383,0.004584676955134537,-0.0026827886975365756
2021-08-10,0.005247534760279171,0.00337060765839281,0.002493543009063126,-0.0027742494043895283,-0.016035968504465536,0.03829778816655183,0.008386827459975654,-0.018475256136498808,-0.0011322524453972749,-0.005633888429873002,0.005768289186998787,-0.01126831910509618
2021-08-11,0.01400836601246458,0.0030896990586584128,-0.008423803127345586,-0.010486559105714721,0.0037518974036501174,-0.002169667029882749,0.00017873870139939463,-0.005718196462680347,0.003631674614832603,-0.0032420523828984305,-0.017394527674688853,0.0027920803792000903
2021-08-12,-0.0032116291781412176,0.0022576125511963863,0.004314522268706211,0.011246439257316165,-0.002102558594879511,0.0037044957725831384,0.007183276522852777,0.0011980299146183704,0.0007738963039101154,0.025358254203289743,-0.0011544146028457103,-0.0013530119626501413
2021-08-13,0.01665473483755253,0.033310973523749565,0.016517908069906717,0.004919104649129258,0.009481488030575136,0.02230611057065568,0.013375933655116912,0.012206878420652378,0.005099670057357342,0.027687998668318947,-0.0004495175076912883,-0.00139764885521787
2021-08-16,0.012979756029776413,0.0027574299107586686,0.0028830089481739485,-0.00305043311324682,-0.01472636936016447,-0.00470912432656545,-0.0045554562459035886,-0.002601058037934756,0.009108027437473076,-0.00737226484724629,0.003212059095675235,-0.025042100603611117
2021-08-17,-0.004255770571309325,0.023064131626902906,-0.010420704196303587,-0.0020637148130889793,-0.00788510707801715,-0.01214414635563843,0.021855113274034554,-0.008060775444300616,0.023656620286236052,-0.01047645283789167,0.004290524811757956,0.008576401530389077
2021-08-18,0.0038812459414039324,0.0021105917487671544,-0.001089447798096832,-0.01839710857075738,-0.004270463422135995,-0.005428392287482375,-0.004708335328367896,-0.0011949729987050794,0.0009056070777995195,-0.0036003425404266265,-0.0015940890959862397,-0.0065790167431720725
2021-08-20,-0.011230536529899915,-0.00029489050887476775,0.0011567638786877943,-0.011041558366611914,-0.030974529008593765,-0.014848591584981086,-0.00028832060604566667,-0.00023937327791057061,0.05363940890202712,-0.024037725608341165,-0.027781370656568827,0.0015787641864519752
2021-08-23,0.006563572311676369,0.021885103581236853,0.006502583413895424,0.002938070463540887,0.006884646568783737,0.014583534313652002,0.0033468908441107725,-0.012446216245249664,0.005631019367283052,-0.008063503454670329,0.0002632918235514481,-0.0036490929847375897
2021-08-24,0.0098734565498797,-0.006653090780522786,0.022464884553909492,0.017211051119644605,0.019780306084175026,-0.004095436086913873,-0.01029486313590533,-0.00266580245782877,-0.00043646030490562815,0.015846882024334263,0.015803062602878004,-0.0033255232165266824
2021-08-25,0.008655005621936773,0.012675740608914632,-0.000929940649653016,-0.004895980962835389,-0.003232799081848592,-0.012336625191702977,0.008542568072469559,0.003159120355317846,0.004557429855493567,-0.007472816686472483,-0.0029815043478470526,-0.013486345076549444
2021-08-26,0.012644153623798893,0.0035121399098407835,-0.0016695546536459327,0.011214864368914057,-0.0132132603876296,-0.04171773965613523,-0.004523077019982669,-0.008720898844840508,0.008090618307374342,0.0012234845859637744,-0.011052731505967306,-0.015324537063737043
2021-08-27,-0.00136744603578709,0.013153935828773111,-0.004084173918354583,0.0013594789378377214,0.004138888888888914,0.014056966377087088,-0.010939508903637374,0.00635375393084181,0.004331585474319999,0.026539194053574633,0.014791902605711282,0.002458839962942605
2021-08-30,0.019237736150419904,-0.005066859197747076,0.01278699404296324,0.0198643182839342,0.024851334122464763,0.042510303327091936,-0.006290937722989054,0.010199121218153362,0.003641081854992123,0.013430193923736011,0.01995322971064928,0.02597036840139988
2021-08-31,-0.00532996680523834,0.023005062974153168,0.008385176630702595,0.007566675756434105,0.00792521408906599,0.07027151905305784,0.0049468457977190905,0.015865484054298218,0.013543225088579192,0.007288659737980874,0.008701775822743674,0.007238663841232729
2021-09-01,0.003963634675316463,-0.01888293999318036,-0.0014544139549831359,0.001182208333752488,0.009036609690000752,0.0035388786242631642,-0.016818729824805256,-0.008518662983353464,0.003230360580569691,0.008491832380690179,-0.006989440130089841,-0.00893946166654902
2021-09-02,0.012041780249487877,0.03278656403671998,0.006269317722972012,0.007292620323740229,-0.0003489830949235939,0.00015013152701159882,0.0067651533453694235,0.0011931691781432718,0.02493680404313836,-0.00011858544698373219,0.0018390123707392458,0.0011792374626138358
2021-09-03,0.04101283214069529,0.0013812014064287226,-0.008149666740741579,-0.0011722634949430377,0.0038394555174181555,-0.012078022651862308,0.006837850799967571,0.0040526242460459105,-0.012263142985876496,0.003143153647075847,-0.000696247964609098,0.010334250642065834
2021-09-06,0.015532731667355026,0.0025896917496559535,-0.006567162301401197,-0.004348869343905215,-0.0008113852539468613,-0.00584716020444076,0.017493358412968174,-0.006172919027688906,0.005024130860295184,0.0015961905861128223,-0.006524043667462509,-0.0023604337571753176
2021-09-07,0.006307757403792413,-0.009371564952413314,0.0022673160073976018,-0.005893388098963559,-0.004523670947209402,0.024366072321332366,-0.013725036781932265,0.011705694908625386,-0.001043161151736527,-0.007378112476546517,-0.018297633270065394,0.0044179421022563226
2021-09-08,-0.00391244722011197,-0.010941106788825872,0.004556460408154495,0.0056492574678719265,0.005243417214324975,-0.004026542457536864,-0.007851631277428828,-0.002361439432002621,0.008352374241578753,-0.0090086594700447,0.009806336167337282,-0.01394467364708274
2021-09-09,-0.0023650248136385388,0.0045705089507228625,-0.004948130563719677,-0.0009708570385507098,0.002202409951279627,0.027401396249613352,-0.0009745598815894541,0.006627277645083529,0.0034810596475232103,0.00210023284369254,-0.0014792203929510084,0.0030967873668026336
2021-09-13,-0.022283157505484597,0.014229625150763203,-0.008319356166323622,-0.017841098149561807,0.0012722692456961227,0.010420403658492505,0.00017738815535950359,0.007053789255344611,-0.008645792766412086,0.00098781163192041,0.0051526430651858135,0.010503907798872891
2021-09-14,-0.0013071687443247937,0.010545308957833788,-0.004500152579524741,7.068165368884216e-05,0.0003465276137264439,0.0012982003696213607,-0.0033985220662046123,0.009105976895123158,-0.00854164096555221,0.014805318315957328,0.0014097993836164058,0.0030187609199670007
2021-09-15,0.004159010103704341,0.017666384508657318,-0.0011299554007091483,0.009753199441726146,0.02505784182071702,0.04508782277905876,0.015004540054720072,-0.0004630858105001412,0.004669670676896942,0.012113625820798779,-0.0009598251306280892,0.002110377113473394
2021-09-16,0.020981354037571176,-0.012959741346710962,0.008501287459253826,0.017988456143034348,0.04472219393114396,-0.009510685335691105,-0.0053754718923362255,0.06828718916192966,-0.0025942270820730196,0.002475161609621024,0.000512409501770783,0.003177030827167693
2021-09-17,-0.01550554090412637,-0.019329698718668742,0.014231362749900445,-0.009694671974695979,-0.020702998587107446,0.01328965247612568,-0.006432553246180528,0.001733565102415735,-0.016617017118225608,-0.0029338627623515245,-0.014275586520466343,0.012047452382036195
2021-09-20,0.0015896879983630097,-0.0011365458521362948,-0.014094910595781385,-0.014094431146767672,-0.03666590455994512,-0.004394669879090873,-0.002039952304710213,0.01124800216232602,0.028689547165341667,-0.006904839899034454,-0.017405066058692742,-0.009131221499785291
2021-09-21,0.004322716776051561,0.010317804035300693,-0.005064521829141966,0.0026055553783068675,0.003086029487692432,0.0023450404070484154,0.01812947164709411,0.033155196280304056,0.00432092168506526,0.009710520179846638,0.01057526297658562,-0.024948228056972277
2021-09-22,0.010729007874432206,-0.00020727375930940095,-0.011759445186441009,-0.011940501526557235,0.00011396827576337643,0.00013768340795250467,-0.0009019544003695534,0.008281508373347624,-0.009937917482140568,-0.005811001031468033,0.007324857299614074,0.007968226083589602
2021-09-23,0.024439411733982563,0.0018384897154455349,0.023668364771058714,0.019407111625691975,0.024951494882046843,6.86992606098169e-05,0.014939723314753683,-0.0041066645656231415,-0.0007902157067037896,0.034367947442299984,-0.00032458086351827564,0.0022982459108153996
2021-09-24,-0.0028916622511645507,0.0005296522838567075,0.020095544065851456,0.008298499611588683,-0.020120005924716744,0.017336374920801756,0.01222349427407754,-0.016701050634254755,-0.012813072986246454,-0.0005368578653378586,0.0007794802287897085,0.015416276276733809
2021-09-27,0.016816349784417817,-0.00887293223175778,0.014704623481183177,0.009751663339373495,0.013272795960831196,-0.004441679981222246,-0.0242084239101501,0.0010483889188055429,-0.01352563090916914,-0.016480593459088144,-0.00960490874833142,0.06489984583973585
2021-09-28,0.009348553287276795,-0.015063879445016748,-0.006184327888095975,-0.0176027247173407,-0.0038064231925354353,-0.03653720517379222,-0.019783285860732525,-0.0039799491682317445,0.005296268624669143,-0.0014084495603247094,0.01579189795647551,0.0027554461274956754
2021-09-29,-0.0079275111938929,0.00337370661008074,-0.013126583113770796,-0.010667267845536399,0.03394013390295525,-0.0029447871707961593,0.003052551740523546,0.0014722290984752195,-0.01415272181149052,-0.009296781971320334,0.046703537851731536,-0.005361168800917859
2021-09-30,-0.0034023549401157593,-0.004311867727192831,0.0006900989300029359,-0.012191645007715302,-0.015217459572979597,-0.008356286861617268,-0.010075437616441363,-0.008189861208202531,0.00614456657008744,-0.010488047867489025,0.008566509801311684,-0.006229597693627964
2021-10-01,0.0017666288905713312,-0.012011356158795672,-0.007680480118950173,-0.012128179539065753,-0.0029800965782540434,-0.018015300782200705,-0.005999132236251925,-0.0033876835439755615,0.0008328321328336941,-0.003552630566696746,0.010204848525600108,-0.023950594986502427
2021-10-04,0.012858066485299524,0.011554267771626714,0.0019272135860850526,0.011338242759332928,0.025462119312859244,0.008137277557347833,0.008167424285975278,0.005311238073531399,-0.006601380852667371,0.010813893296026444,0.006532678325190888,0.0011170290496800295
2021-10-05,0.020753803236640556,0.015901249169994358,0.0061169203757283075,-0.004427233918076201,0.0033467651982233004,0.026196102392357812,0.008369251587069693,-0.00803046638298277,0.008357558427676492,0.0008451901700348152,-0.013822046926333376,0.012265836812057618
2021-10-06,-0.018913793765966913,-0.005843643442219437,0.012190940186761257,-0.010902353232021267,-0.01613942473469787,-0.011226203584600691,-0.011371619419183743,-0.014699675107529564,-0.008343729286528156,-0.012611331800751135,-0.024253440599820375,-0.008128648906669977
2021-10-07,0.0049025981854153855,0.021517190905951944,-0.002724656538266923,0.018419218889362154,0.001530977875359385,0.001590933971987285,0.010426863680973897,0.007351428448121533,-0.006198660051379146,0.01026519500203027,0.0282913019881188,0.04073342827205684
2021-10-08,0.03842709614081996,0.01098156157743535,-0.0048743019904621265,0.0017088312718200882,0.00021842883656986167,0.0043320271779665465,0.019426377935526817,-0.00536587476020689,-0.010994936470231531,0.008438270433576589,-0.0022472025638516913,-0.008341565732763567
2021-10-11,-0.006963068254050908,-0.06353446132353069,0.019436677473276598,0.014074552441698973,0.024563361560199892,-0.00668581141438529,-0.019085129118389332,0.02740610414043565,0.0019129869302085822,-0.0057907367549828725,0.013574476237406152,0.03644668996495892
2021-10-12,0.005711361842591911,-0.0088860332606302,-0.0025708199046403646,-0.006589208280022962,0.029302040701702392,-0.006513698235169785,-0.0034300212019289233,0.013652527000062697,0.011738359985633773,0.0007570001190222442,-0.003423266380728207,-0.0009089118176264233
2021-10-13,0.010176849712699498,0.0006432760191146247,0.006013800651089474,0.001905172961874202,-0.002691527418152706,0.0051723024402046125,0.01427165022796495,0.032739490156332485,-0.010985810815180463,0.019700978280012826,0.015487485710580451,-0.02750914490411427
2021-10-14,0.002022285645822297,-0.010073357521344972,0.029278961899793066,0.024438351825393445,0.018476265776539602,-0.00594292979894695,0.0038322602430653774,0.029494170026551192,0.0010578894702675257,0.021260835884545193,-0.0014835044985378465,0.0019712650162373446
2021-10-18,0.002666452945878639,0.009885141444824441,-0.0101338953749458,0.024955416503339878,0.014981715293619802,-0.007582476746312183,0.04452867074098377,0.02338722323726783,0.0016797200459890416,-0.0004750583593904345,-0.006418760965408721,0.021355551722541
2021-10-19,0.008956084992473246,-0.003564410775480309,0.0110158780339078,0.0026828688029574277,-0.019580360734439695,0.0007347369956522964,0.016739653537267474,-0.0632259169292475,-0.04039195094433279,0.032206641309560746,-0.010228565878871554,-0.00017629139792796344
2021-10-20,-0.011512341367278078,-0.006961744713025908,-0.00879360205758506,-0.0021406201346648723,0.023965525724501058,0.04015562982739773,-0.010866350594832541,0.0026428478904019226,-0.02675888328057241,-0.021315812964763814,-0.015047914606281743,-0.00847743800227696
2021-10-21,-0.028847515640558985,-0.021156480039149383,0.0014637047284706828,0.012938226123199392,0.006101351955590584,-0.01750307962979636,-0.027020215510701995,-0.0077048183464026865,-0.013273525876049352,-0.0005257923319345048,0.004295021156014656,-0.0020420140947808862
2021-10-22,0.0018683960600891503,-0.009525531511778595,0.002654583188884896,0.00502980230091965,0.0,-0.00222678240254115,-0.01930259852201488,-0.033101797093855745,0.003414024127439852,-0.007476139473421739,-0.007148179074857319,-0.021959630712042544
2021-10-25,-0.009743496684755382,-0.0016863004881003674,-0.014130693430775887,0.10852103272472147,0.00705827227015976,-0.004895541239701817,-0.007122934677773252,-0.013524961526739543,0.0007131386879528634,-0.004519457553296746,0.0007999165359384719,-0.020016448604529113
2021-10-26,0.022772750971231437,-0.0029633585426132036,-0.0025647408319903198,-0.014613191359185262,0.011944696276893207,0.007379483953092514,0.006587662324604393,0.014138823136929268,-0.0016387357004996606,0.006781959571438012,0.0003689638841211096,0.005061639323250988
2021-10-27,-0.012645413596645394,0.0020532359326919103,-0.006020251349854511,0.0067517426739454045,0.012876904762664232,0.008833636776907072,0.014820720860958092,0.007393389824000396,-0.016517313048795668,-0.006513464754812848,0.01425926584270698,0.008071360204935374
2021-10-28,-0.0109612286095504,-0.019514322624454516,-0.02994896215532228,-0.04347300431185086,-0.03428687835087585,-0.017939692217271097,-0.014488489198054455,-0.055986650189352005,-0.002899950973680343,0.016642724572203837,-0.02120932006697429,0.0018284545930415952
2021-10-29,-0.023993745433847247,-0.006984943235244345,-0.006745645952346391,0.004194332757019081,0.0015956550590230378,-0.006379142874299748,-0.021216164718670494,-0.008440730352821557,0.0014646575778753945,-0.026236636268924696,-0.015602108632981504,0.015292244624572682
2021-11-01,0.0006111415861287384,0.023147462477196123,0.014183286067525502,0.0023065986712136333,0.02698399505755611,0.03961468342438046,0.019367483046871747,0.016353153801433207,0.005829162576632463,0.01624535836258123,0.021132335229071098,0.017795120055165592
2021-11-02,-0.014579637721246819,0.002243932667496118,0.0009032760822391683,-0.003669704350154235,0.011634695895287095,0.0020351447876250095,-0.0012646510262663835,-0.005510248328934764,0.004902024375887715,0.011307106877703754,0.004434569833692503,0.02313688470767694
2021-11-03,-0.00687766759384123,0.002310479718997227,-0.0157462217567933,-0.01872775871193033,0.011405092218377266,-0.020799731879217354,0.002709318655409465,-0.013962887781758027,-0.0031211206846094575,0.04067402307033774,-0.03366450486234929,-0.007379676435275817
2021-11-04,0.006140156969502986,0.004696091037948991,0.007904249919041373,-0.004898550609973573,0.00530652067622861,0.0028607232029824736,0.0036416141813080394,0.018431296091961036,0.004769263895098685,0.010293694295680611,0.009518382492667232,0.0017002850732634744
2021-11-08,0.0012405770290262463,-0.0016816705900317697,0.00395243428329195,-0.0024931353590768035,-0.013573446593292404,0.011268105638355008,0.016854893150063832,0.014345547839335948,0.0037349998186892996,0.008172191497567427,0.005719949025591697,-0.008105923400505533
2021-11-09,0.00789389716291966,0.0008422917253927409,-0.01749722704545087,0.00820342062681001,0.011275797105404273,0.005923838905188106,0.0028776818506075497,-0.0045692305084577,-0.00030838699455659757,0.009898401187671935,0.0016875327138312635,-0.013930562435687577
2021-11-10,0.01118287164130427,-0.006104316268729759,-0.010812620841765597,-0.007183217587447888,-0.008976623442127574,0.03119738364087521,-0.001348727606214628,0.009180323702458137,-0.012750957393981355,0.0033699544522520775,0.012166848061758495,-0.008696664331955484
2021-11-11,0.0018236102832889234,0.0011191806650792113,-0.004468645671071858,-0.012101389346851121,-0.02822287510774657,-0.009313924258729456,-0.003936367317429634,-0.0036820409631463935,-0.009978636738106839,-0.00946082218118427,-0.020034299155297086,-0.007747974142153113
2021-11-12,0.015090593571154498,0.010850880090039094,0.0030354652950665972,0.006675602893007948,0.003434048623195629,0.020450072039750244,0.02705825710930654,0.012608697960063031,0.012099310500895744,0.014624324142641809,0.014656845739917657,0.0035419910336149663
2021-11-15,-0.005900103594286277,0.0077282192129541905,0.002736746138027213,-0.004249146081452437,-0.009386963031240425,-0.0080025589953987,0.0039040737825306593,0.022327220382420077,0.008233021545646091,-0.006581716558390127,0.005207531603781401,0.0031083324720153627
2021-11-16,-0.023236848315229985,0.0008724639575761195,-0.005939959093516856,-0.011961770581642495,-0.022603804775563008,-0.009829944270432711,0.002881688015742734,-0.011129746690950126,-0.00746480090662871,0.004237187787595298,-0.015110337211768132,0.07293657616438076
2021-11-17,-0.021406687565442506,-0.009700816113799138,-0.011111101748117691,-0.003599255533772383,0.0061603693283660554,-0.0140354216133457,-0.0027061391603364626,0.017201206901816368,-0.0064404907756892005,-0.001227391381774634,-0.008892064603938543,0.027874555829076053
2021-11-18,0.0037742601908579143,-0.013118018520932972,0.0056179727408001146,0.002101676782347406,0.011341927003142072,-0.007916027006123483,-0.004503480474438493,-0.00835090653784698,0.003450288553289216,-0.028624122949690856,-0.0008845513065688371,-0.019045905943093522
2021-11-22,-0.044292966508417964,-0.004977190566709866,-0.015623006015868635,-0.01428764506782898,-0.03453756843614453,0.03884644800810144,-0.011239758695539948,-0.02778948447200058,-0.004522031794181536,-0.017132270029502794,-0.025169337647216405,-0.03113785536208613
2021-11-23,0.009349354652117947,0.001691424314885559,0.00013196458597342087,-0.0001994689098087088,0.013671944258967894,0.022638639919445147,-0.012788497435051949,0.003031642061117168,0.002365515130223095,0.011718880240588536,0.01874799648004477,-0.001322360538717371
2021-11-24,-0.014439191403473939,-0.006047558450500978,0.0016496409194952655,0.011105984611329722,0.00020285683044263259,0.0,-0.023547618767677747,-0.016839346481169915,-0.008123867340636304,-0.012643430846790094,-0.007959860878223313,-0.02349755922483976
2021-11-25,0.06019823923869683,0.0007550861803506947,0.005203974203287887,-0.012036355462613502,-0.005272328430984574,0.008235540267923058,0.015566074518996054,0.01581022016587763,-0.01082217965134702,-0.006765129062939246,0.005071149292293908,-0.012641041684236631
2021-11-26,-0.03223100842609228,0.00027570905539398005,-0.023624695920580696,-0.0384128786729927,-0.04087239361861661,-0.03450314600341786,-0.017853003448067284,-0.03156069772905268,-0.005938596166110366,-0.03878590534073678,-0.019925962486851856,-0.05308682780388452
2021-11-29,0.011978915660631584,0.01599998242198364,0.007617987977394769,-0.005261634228254208,-0.011477154497849473,0.000812146451370177,0.002778374535924666,-0.011160712933946604,-0.0024409669941914958,-0.006129899728469335,-0.021178168779669826,-0.0029287496366873222
2021-11-30,-0.014785995396473295,0.007752938900741135,-0.005128919863049197,-0.005637639068505784,-0.009782792777419225,-0.015013115682284917,0.009608757408234858,-0.0015801492449692978,-0.005087349244634165,-0.0014146850779468423,0.003395074904416484,-0.011427296379944885
2021-12-01,0.025608965614220658,0.013785184856659916,0.007431853280200906,0.01868839607077888,0.032026853408484435,-0.008238907835011688,0.0013136691513493393,0.003391380485164852,0.011779997401127007,0.012041385521355918,-0.010947390849440075,0.029068480394383922
2021-12-02,0.006424773352704083,0.01819557259334359,0.014023219970721534,-0.007283163760228528,0.0035767204680332565,0.014261023170737186,0.019447174683036916,0.01599814996173987,0.01639749065745355,0.0017917003440504065,0.028040576872284007,0.0071082061143563635
2021-12-03,-0.030046046911858637,-0.0006725957243856051,-0.007996080872194056,-0.008444021587042161,-0.008071307718729215,-0.01938448157273953,-0.007264356395203508,-0.016855252840826562,-0.01663649823197655,0.006734964132810939,-0.01885809841851771,-0.01587038990777334
2021-12-06,-0.01895574415251622,-0.028581557595068197,-0.006441894021126049,-0.009423552085895737,-0.016590909651783337,-0.02888543721113046,-0.023191323395159058,-0.016918390385735838,-0.015851364998726303,-0.010326255922007754,-0.01948651287044345,-0.023006868418510407
2021-12-07,0.008147878333504277,0.013601299244685228,0.01456323354304212,0.035374589245194876,0.024500351542463328,0.0017916263743356087,0.009644291019929474,0.012620501388942662,0.006546550391652639,0.00866688834218543,0.008885567008156903,0.020410726494203058
2021-12-08,0.015219204500153793,0.011828731036659823,0.018417853408705387,0.0255223748205331,0.031151568552045816,0.023324138017150498,0.024362404956987938,0.019487668793944035,0.00818413698384357,0.014988105947711938,0.01862309918224736,0.034550366340761585
2021-12-09,0.015859654910868715,-0.006934361271707101,-0.0173447304851424,0.002123630231129159,-0.0058997142243205625,-0.0016779830532288598,0.005760304127197191,0.04645484650188325,-0.00036326650872731125,0.029999101290222097,0.0029039353207787055,-0.00176867446314799
2021-12-10,0.001017535759678001,0.009731550601983718,-0.002816168118137119,0.00397352629700376,0.012381163443073051,-0.0045520836488659455,-0.0023815683578104485,0.002973687941078884,-0.0029702993813403022,-0.0034045928249647472,0.002106021895807997,0.0005255211550165839
2021-12-13,-0.020049213839063107,-0.007465415445421675,-0.007487609824203267,-0.005276982790351048,-0.013947939606247628,-0.0106937968628813,-0.008299045169564034,-0.0063531901956509484,-0.012195768003048335,-0.006352045181799992,0.001641892844551185,0.012221107266030984
2021-12-14,-0.012242448212254065,0.003919971166717495,-0.005757062378059619,0.00616721781854257,0.0015374588021910274,-0.01635609650673442,0.004298712974015073,-0.025575575596247346,0.006053909144507985,0.0022561853280405053,-0.008588948079004566,-0.0030932855662705316
2021-12-15,-0.0029200285627644096,-0.014749700942169541,-0.0016306847252280932,-0.008436238136670826,-0.007675698118206675,-0.008892391782382547,-0.01024444603899577,-0.01990376820410522,0.0011429741619122247,0.008093491377310302,0.02519661825173425,0.00998256197391223
2021-12-16,0.01293631295092923,0.003150996090932612,6.652706708076828e-05,-0.014755625089674207,-0.00752889890292241,-0.005908539822102599,0.0215659653607716,-0.005132803495181193,-0.0049331331621000896,-0.0036685694696075855,-0.013740033243136773,-0.015479918413879745
2021-12-17,-0.026394634764848268,0.0007678292994230951,-0.018031896780512868,-0.017337990563227823,-0.02774611363037538,-0.022527194785817328,0.02779986512342769,-0.022207017368454207,-0.03431503141032799,-0.01430177270231725,0.00588655848932329,-0.02069568282247891
2021-12-20,-0.026960609319904516,-0.0076583937399336,-0.032178228343109794,-0.025195677176460207,-0.03976040576121587,-0.011710784290921206,-0.01205485806537998,-0.025464698856006884,0.017419714633205796,-0.025851382521565158,-0.00650249236911582,-0.0013704637418894272
2021-12-21,0.014885569360187256,0.014450877992392419,0.01132818890617604,0.014648889788203556,-0.0071238346593617274,0.013292740003642889,0.007059974841131522,0.00047078784246967764,0.0016526797471450028,0.015672310542968804,0.01911129189684102,0.003918097200892978
2021-12-22,0.023731732419965068,0.006221562792952495,0.002358110959868931,0.017283336632117008,0.022085261140677437,0.02661186556950712,0.0072311809239211655,-0.002352740332849046,0.002111720824848451,0.023775009449197304,0.024340115882329982,0.014845843161817696
2021-12-23,-0.0003589268326911199,0.00879981513759498,-0.0007611712234494306,-0.0020469515618006806,0.013052399294839923,-0.008762391301236128,0.018030277063783018,0.024999744051762862,0.010097983389310006,0.003981805463166399,-0.006332264581427882,-0.004929945364788635
2021-12-24,0.003191960798546223,0.0022389289043769356,-0.0036007257455955566,-0.0057432204671468146,-0.010502309099265639,-0.002504616267521742,0.003176244909864012,0.0032214705487334516,-0.0016081614220927465,-0.01014125594281523,-0.008896352956532239,-0.009482782667415202
2021-12-27,-0.0010747620717350692,0.006864923161612024,0.008270203370887907,0.012240370034197534,0.002407274272953508,-0.0019199775546526743,0.0014219555937446948,-0.0020642127416533596,0.0019376026953623615,0.003657049670929835,0.011076971110145717,-0.0037719302229944907
2021-12-28,0.011876379224062816,0.0028274999624335884,0.006892611071299903,-0.0002716540429293923,0.00687708938905196,0.006363170773451943,0.011708632363817584,0.011491520121317267,0.003345784153284459,0.01784366425070849,0.02644504995840058,0.0010905226379018806
2021-12-29,0.0017095578815642387,-0.003197235641367424,-0.004757661447636785,-0.00013599328260449628,-0.014744276201782758,-0.004705450023981039,-0.0012976924605730966,-0.014996597566786951,-0.000974476240508948,-0.002447984471597997,0.02907626790090667,0.007208092705065949
2021-12-30,-0.018064607322970994,0.010569201301551256,0.005261953704210454,0.0,-0.005941902959564094,0.0036934774350707578,0.0038715383395169223,-0.003460404060109723,0.00812782989052696,-0.0048288794361546206,-0.005186045770253944,-0.00922441969634824
2021-12-31,0.0038361805360622725,0.0012319244684104724,0.012247749362366944,0.006048858674015278,0.019371314335963286,0.006550427672473491,-0.002694421537522973,0.009490838827548753,0.014856517853424345,0.0054091354272078895,0.013481835866446357,0.019801593676521678
2022-01-03,0.015074963964830435,0.02123936926659975,0.0272069195044351,0.03316882585588443,0.022477979209852617,0.010968091136001279,0.005668185306431761,0.004815540980045885,0.0004872950103727014,0.01421487739918903,0.003843109476225015,0.013121933244599315
2022-01-04,0.02256819477314309,0.0175495957412386,0.0058566229548753235,0.010657734647026462,0.026975336177492037,0.008896250596629462,0.0003688120257308025,0.005248677106411748,0.016918697904105384,0.007645001431797027,-0.013251717676074803,0.01411501747039301
2022-01-05,0.00467824625905866,-0.006126636358293136,0.02374793532483732,0.019667463214074532,0.01840748131465353,0.0036562847533823106,-0.02869718806970145,0.0013621131239305306,0.0060593350204372065,0.005703026579520376,-0.0031037566892363477,0.019036433071028647
2022-01-06,-0.02150144631131956,-0.013856739610423996,-0.01603979986365711,-0.0038068001613897895,-0.0014216012520280596,0.014857230405275423,-0.014555476964101866,-0.008387993578720887,-0.010100324080134393,-0.0123677929052185,-0.006585974421518648,0.013729370975326782
2022-01-07,0.008069531520816353,0.012094857525111191,0.007014178902481127,0.010445075134546178,-0.000915226322259155,-0.008023733752430928,-0.0019254165144244606,-0.001371855275205336,0.010349452400265191,-0.010184505736125837,-0.0007835538561679067,0.0030320885278254384
2022-01-10,0.0008210615736434779,0.006837853334644484,0.00554624581850538,0.022061232638977746,0.025241797217265827,0.00035471509504314547,0.020090404369388803,0.022435828327772134,-0.0037660585954250037,0.025303175219111074,-0.0027141490354505304,0.02777634058000067
2022-01-11,0.007198653064653726,0.009291608394843998,0.004329378102116532,-0.00012334308599393218,0.004566649528179312,-0.0021277153037986274,0.0026205994035644053,-0.006045657589256015,-0.0014126222398126442,0.004121604225640674,0.0068946708443524685,0.0022460193141427
2022-01-12,0.026694473844719235,-0.014300678204332673,-0.00590714705564821,0.016159859208728422,0.008498792033294844,0.03802681100299621,0.011775050712900414,0.0036045096053463066,0.0039523280906827996,0.006654249696883552,0.004565178672126136,0.003303183125594522
2022-01-13,0.005632535910129244,0.0098449879314908,-0.018404873530600496,0.0011532672271603595,0.0021558138452260067,0.0021910535286129296,0.010306537465587517,0.005387215170887805,0.0004352498656636783,0.022388808373863478,0.03503944591971919,-0.011467790156117319
2022-01-14,0.0014593802120246302,0.018022493971141085,0.011223838284119436,-0.005699065315434071,-0.005866737720118476,-0.015304707262272288,0.017160502697416202,-0.006028109718640651,-0.02091798095533326,0.0130549140262326,-0.006643599405529388,0.0008853103682282537
2022-01-17,0.005218534422041454,0.012852276542055785,-0.015306028550631678,-0.0008536620375826365,0.011114351653085386,0.011102007205063602,0.0052607574753433806,0.008984829057894439,0.01093625115972996,0.012055260590415395,-0.007618414989593036,0.02242645093941098
2022-01-18,-0.01193057125194652,-0.007103406843613991,0.005093579771223933,0.004638124737891491,-0.014007785232825865,-0.019558134789710024,-0.009667297830346477,-0.017141818800538555,-0.008390957859158443,-0.022808595672371812,-0.007618352439967446,-0.04238707110787976
2022-01-19,-7.930193774607908e-05,-0.017308616365056984,-0.0070621693020145315,-0.01761632340048025,0.01775848863590368,-0.014908699485516208,-0.027957792625788236,-0.0018119202228380482,-0.025152804035581178,-0.000642712708753046,-0.009684808436917214,0.012703548637074569
2022-01-20,-0.017508840943395998,-0.022505145449522757,-0.0062234343866828246,0.002040650735701588,-0.008530468801288937,0.016626648718497172,-0.02321846649515702,-0.007261276679574213,-0.020823406828137214,-0.008610160679823453,-0.022063096063489773,0.0025760464423205676
2022-01-21,0.00016155192545408426,0.0018163743712811264,0.0083498774298989,-0.007096681785778602,-0.017012019171335324,-0.028166415886623275,-0.02083682633715611,-0.007771421484272012,0.02811919494773174,-0.02368345337392841,-0.013719490618221641,0.019069715062301595
2022-01-24,-0.04033729639043615,-0.01621232873260281,-0.02296928176083224,-0.007520150852583951,-0.017008258013873068,-0.007694882357060839,-0.027384146613280036,-0.02418774281155478,-0.017545193311215845,-0.028705807790214366,-0.009768187805595296,-0.01676522854912521
2022-01-25,-0.001955516726565021,-0.00038482236249304247,0.0009417607864425914,0.004007701818910636,0.041485381857305326,0.03181609492922477,-0.008435115163258344,0.011803402403665508,0.018668311801557147,0.0133691030776939,0.008990488007478037,0.06834083519411438
2022-01-27,-0.014811119304242282,-0.03200328238793726,-0.008803529616996597,-0.008732026210009347,0.027785909610209547,-0.006461806214391741,-0.025288209550977103,0.0013999319069357696,-0.013707063372198625,-0.00750531712521596,0.005011924708123727,0.025294557340194368
2022-01-28,-0.0009622988198352278,0.011180512836488576,-0.007932488809630489,-0.0169884423304677,-0.010397995481419398,0.012088892449377608,0.004527696637373291,0.013979477465704049,-0.005140911305531626,-0.006960282363632553,0.018778530488412937,-0.03052648042583772
2022-01-31,0.02172657866097305,0.012519988493123524,0.015342659777696221,0.009793130057774047,0.028369510772990214,0.018859968780063685,0.029652388888710357,0.01194850722920937,-0.004291493856356632,0.006139482811370556,0.008642145631880593,0.005420260002181321
2022-02-01,-0.003310103545902221,0.017236497577267418,0.007605895102092308,0.027256543229877694,-0.011146224041290953,-0.008569883464047523,0.02064855095192808,0.03428708768373134,0.014029697638455518,0.04258335490048948,0.06860395975847466,-0.004408179325591344
2022-02-02,0.002038931987143444,0.014615726239112004,0.0228456018351908,0.00425770001037562,0.014089781430015602,0.0027661410482684445,0.0084929483355638,0.019319379247625612,0.009650192432267612,-0.003918657323163877,-0.0012336039615693517,-0.00515804048224866
2022-02-03,-0.012921975816892806,-0.00819441792039688,-0.01035136383075519,-0.005898563913689037,0.0005556791290788343,-0.004689267458400814,-0.027166721574530595,0.009907259886849928,-0.012779826197273914,-0.024739012705524366,-0.007971703013833764,0.009207065419330585
2022-02-04,-0.009116990185826901,-0.00253625522742984,0.005708221565871252,-0.004821084006588761,-0.01814469801828278,-0.0020092527271027283,0.0014665385806003073,-0.0006396002308446391,0.003676850752170502,0.0073953905546164656,0.011770774999833034,-0.005015569643811668
2022-02-07,-0.0060908711500688995,-0.009410251468025987,-0.036646978908957406,-0.02316620027718541,0.00556304057942647,-0.019022548673651052,-0.014990518920070528,-0.017499026503906667,-0.021243158623561853,-0.03257273663750104,-0.007718685324340613,-0.004549187344415007
2022-02-08,0.016809766498064205,-0.009407395090884063,-0.004291103042537436,0.007756817341576072,-0.003563216945381975,0.0033971440897480054,0.0013411928297013542,0.004561207111146048,0.0029895310149776755,-0.004722767682400542,0.007947813912010604,0.010315202563968784
2022-02-09,0.011650760650635972,0.004568135729230205,0.02445536874234766,0.01299681843085887,0.007339775802184478,0.01474108152347231,0.011646204541861938,-0.004756619323383671,0.005873706029305037,0.007037748314983494,-0.0007327662409708502,0.04070040882590176
2022-02-10,-0.001027872649631778,0.0026058858455655365,0.01836267378215628,0.0033632425224128237,0.009901945403640644,0.006533588623108155,0.01859197506889565,0.009124479404096997,0.002414815983562857,0.006459174212264163,0.008855554051514947,-0.016090456210682946
2022-02-11,-0.0019528168126072831,-0.019998025990237367,-0.004098192045039251,-0.018249609204775474,-0.020257263581424323,-0.012291972266578743,-0.027265965117771573,0.0008611842856771634,-0.011015512797168059,-0.015649723480449906,-0.015878307547953274,-0.007756444754551506
2022-02-14,-0.015927566748771604,0.010500688633105382,-0.029726330803842793,-0.0469144719759903,-0.05324766952702642,-0.03558699918147812,-0.022743929293370324,-0.03325074322758359,-0.013042429089424323,-0.03861052226391515,-0.017327509977566713,-0.04243387472029614
2022-02-15,0.03395276792063373,0.022510868611480106,0.029924774254606934,0.02965374651159003,0.0466694062258346,0.03168046261908586,0.03331960236117659,0.01617693752868421,0.027618925140895145,0.04282943825629948,0.01381735467515699,0.0306343398104143
2022-02-16,-0.0020679210404612736,-0.0012311473683253027,-0.0013506898178132776,-0.015462902655313027,-0.015434454599113745,0.014405268882948574,-0.0028477484748856696,-0.0011212071425952264,-0.0015717741623300086,-0.008182206494184774,-0.009067158623175753,-0.004609853630327954
2022-02-17,0.012660652666764749,-0.007579207866261761,-0.006102590229452809,-0.017930836659156735,-0.007257587137017296,-0.006650181894639062,-0.004903777109813157,-0.00044891829720972165,0.009205800762078775,0.004299495189315827,-0.00725091474880879,-0.0035534681715910788
2022-02-18,-0.007816349322339988,0.002563554432411186,0.003882964183023585,-0.001932354975917705,0.0045812177227657624,-0.006206285642420317,-0.010349138651072898,-0.003368399365180408,0.0021671234403695117,0.007705904618312109,0.0004057626109486012,0.0019466729624697532
2022-02-21,-0.010105654521864293,-0.019637047050560796,0.006447006418025314,0.00741089941416373,-0.006695077362647961,-0.003648999249664664,0.01391368919241387,-0.017575387600568426,-0.007675467581122253,-0.010169414994676051,-0.022076743041147706,0.005088236515582434
2022-02-22,-0.004541933287048883,-0.03575835916832171,-0.007489738610744978,-0.004175243841843312,-0.026277153890049254,-0.015071375466869319,0.0021089270070284716,-0.014449820825867765,-0.010829162571438067,-0.010461668559681891,0.002310893340095932,0.001172501926762104
2022-02-23,-0.006257844304689342,-0.006301588197601848,-0.006486946322215914,-0.008917827378036591,0.0006019039765021716,0.007365005939608427,0.004900888454244079,0.005120027058772125,-0.004207154073844421,-0.013093250141013812,-0.00656187238691619,0.0088195780947804
2022-02-24,-0.04983052629260598,-0.045499095254071364,-0.05430064267461665,-0.04995973957568611,-0.05223587346533898,-0.047558084315057925,-0.037123017737664465,-0.03449875924454171,-0.03937356834403338,-0.034582304593679614,-0.026182722902626798,-0.056179680177391056
2022-02-25,0.01250149874249007,0.03501229148433582,0.025855981272646877,0.03201852002842687,0.02179204579070415,0.026456974368878283,0.0098025402231805,0.026139001686495522,-0.00032241098827345827,0.011210066358640303,0.01625422919501962,0.017776635183887057
2022-02-28,0.033100554769635915,0.00950078998942705,-0.02049999372902578,0.017327739506359574,0.0005176789359935263,-0.003122124745416621,0.012392219205914934,0.008880538583494024,0.0006451518520684818,0.022340355945501322,0.01485193929307882,-0.005020170755072995
2022-03-02,0.01652859332877732,-0.002264704804875395,-0.036459268895785435,-0.0374984675228035,-0.018522336361668,-0.01784413695998255,-0.007460827739224074,-0.002547977990702499,-0.010588800308771518,-0.017751464229973868,-0.027254406400696207,-0.06013241962235927
2022-03-03,-0.008442527650056153,-0.0004936712249133945,-0.0023648625880428042,-0.023151629208940316,-0.014443865962893598,-0.003262801242884361,0.010600005025632298,0.019043153000678048,-0.027034641493719036,-0.01804427493970584,0.0,-0.027981205616747995
2022-03-04,-0.022179760785547398,-0.005656717817527412,-0.003282252913585748,-0.014678474094386385,-0.011660199405398308,-0.02730454682786987,0.001423901820363005,0.027803088904330586,-0.03419424902563395,-0.023140987633887944,0.010658898281603602,-0.04584920226315348
2022-03-07,-0.03698048455020608,-0.01119363022629749,-0.030515971210220427,-0.04985104610783253,-0.04686671733580838,0.03319558750310403,0.009603596306182682,-0.0024390241855561934,-0.037410236353006776,-0.04515845110053618,-0.008437294863221645,-0.06599015248625772
2022-03-08,-0.0018085517734048873,0.0330138725823097,0.002264477101044049,0.017208483151312848,0.0,0.01125252473994709,0.022042089586132407,0.00866863053102418,0.0025978544813516358,0.014714458362379723,0.039324265933243785,0.005503001716270051
2022-03-09,0.0530531324632586,0.009069623671637661,0.03264795065519799,0.0036841298741894235,0.025891548274580067,0.012445249226714417,0.019767170237915632,0.010357044857257858,0.025089908924062376,0.01956576673876964,0.015497016710617428,0.03240392008531012
2022-03-10,0.01620575868408536,-0.0032069596667241296,0.015716788053399267,0.013708853025424794,0.03763564155804522,0.009038252795277035,0.006921052502549596,0.011995635789334047,0.05207961493768187,0.02202906648491476,0.0014972031129103502,0.02632042348321173
2022-03-11,0.00288430317619226,-0.006020834043811596,0.002943938994308226,0.0019213794919561433,0.0035203881495213807,-0.004156241925706405,-0.0021360745288006022,0.018750004078534888,-0.0035920010086962773,0.0002605681336618204,0.037318220959638326,-0.015148848906703871
2022-03-14,0.00821124351589475,0.012183616182052992,0.03275334954622,0.026921392107199127,0.031465810101332314,0.007987342272104403,0.03770581187787325,0.011212277905506163,-0.016758828896028755,0.010470460786761393,-0.010809362353636054,0.0301582978765067
2022-03-15,-0.022903577045969792,-0.013477911444088053,-0.0128591482660112,0.001723773499880954,0.0014429830855893222,0.003854857922704902,-0.02718558629308243,-0.004811786148257391,-0.010246397360391346,-0.0018892413247145745,-0.0006724900171135584,0.01412511361999691
2022-03-16,0.016882203405679697,0.01725157785543807,0.016959345516710078,0.01527216405975107,0.014201871156247714,0.012658412276592257,0.027238558749411945,0.01997051501026892,0.016656854311486446,0.007313053993289742,-0.002747640687344677,0.008854257971119939
2022-03-17,0.03260040923352481,0.004608904840724959,0.02202809596278743,0.017090285162217222,0.01856924730181042,0.015308983500121442,-0.018418636866464166,0.009480610950863833,0.01442955814299185,0.018050402637624474,0.025191216238164893,0.027679062975141333
2022-03-21,-0.00576225032067712,-0.012538480387410567,0.004357868956690325,-0.012984185277487903,-0.022514435824641743,-0.020334813655493056,-0.000835664507217504,-0.0016332633050569756,-0.02419056352369242,-0.017674328054126387,0.0024132238834138064,0.0016313061908017623
2022-03-22,0.025836929533054942,0.020473268837570613,0.005146378154982312,0.010481838167189395,0.006318809905899503,0.01560301241912132,0.018536965261754634,0.021472423740658497,-0.028129951280783994,0.010106484623767287,0.00032835022185562224,0.007929380425789834
2022-03-23,0.003180272027352826,0.003093939221757047,-0.009972121223655872,0.00013923754720690518,-0.006177905959976693,-0.019881926280853723,-0.007947470469141793,0.009008924361270099,-0.00749929162737073,-0.003833063680203086,-0.014549854396357254,-0.015682385897821338
2022-03-24,0.015536446410978177,0.010087777786493612,-0.024742482590403347,-0.019629584283612167,-0.007235215279408291,0.001985897517318591,0.007637195592456569,0.01130950861135438,-0.006393665799585779,0.0024332001913476287,0.008936541844285273,-0.011497953742658829
2022-03-25,0.006670238453342581,-0.011307095523160227,-0.008144723552660493,-0.007029280921465486,0.007390680994255661,0.004247265078381801,-0.0053796068866626134,-0.005885834722125338,-0.006561880558212829,-0.01154369423011048,-0.007151811645742079,-0.018724476526049694
2022-03-28,0.010054413733757261,6.721878718285446e-05,0.0013278812954709007,0.015874032770557545,0.01385767385389225,0.03341071111788607,-0.001412215023284924,0.014604395929449288,0.011315951877682418,-0.0054251635639431806,0.003934145630018593,0.008347426595690877
2022-03-29,0.00022881860317869318,-0.0006337776926564898,0.013260748439537062,0.006968424493996039,-0.005025052503701333,0.02987531314478753,0.006457143424810408,-0.00953125791430931,0.006050312845804262,0.0028997292091428317,0.014847021598975108,-0.005108708005427287
2022-03-30,0.019218112696876677,0.007070966755143404,0.0173233928519283,0.02180912016784764,-0.001414201608953447,-0.007218977435774598,0.009517467043206995,-0.021209825317951903,0.014519084298852958,0.015429601052617592,0.0013595898559066733,0.021433905566272005
2022-03-31,-0.01429146604820164,0.0022510933737383,-0.004468761285726486,-0.0008210826380001812,-0.0015173088350151076,0.0072714700137286314,0.0015230838705242444,0.0058187227363655225,0.01624572479199271,-0.00335484491428073,-0.006354360233515877,-0.00490889234162728
2022-04-01,0.008008411041148689,0.0050268739838215115,0.024246037449275892,0.008147457574104067,0.029683011552815497,0.004702311201870257,-0.0017305161029502747,0.010572523383509447,0.014399638106964652,0.012700438006272075,-0.006613877778471,0.01835010037503948
2022-04-04,0.0029557510089801564,0.0030860681966986547,0.10013281852800282,0.01405769571688209,0.008264486138983784,0.012261076536375759,-0.010821903911850672,0.00848788946595147,0.02420428705554034,0.020250269280343458,0.019093152450664563,0.009707690232831911
2022-04-05,-0.014134582383567351,0.011789323993746992,-0.029303564403036386,-0.006429171686624158,-0.005854975449744004,-0.0015630017441082833,-0.011604165464677907,0.01565869369832562,0.005332544247746318,0.005311202409050253,0.0032934499116263893,-0.0016656371112918622
2022-04-06,-0.0026654851540143243,-0.015583993860121326,-0.03569101582140666,-0.00026953002039220575,0.00893216356275861,0.011805451816016888,-0.017328444347703753,0.000578053149087765,0.0010515146324707736,0.009122833379538564,-0.0010762716176211384,-0.002273807323270871
2022-04-07,-0.017639877700689865,-0.018959602308780354,-0.021987910232547203,0.009371581036227372,0.0019456861838105244,-0.017082443317024798,-0.00976011168216706,-0.011363390331801781,0.010620724118941771,-0.014302707234526868,0.003070922354343253,-0.013390754065711774
2022-04-08,0.01663503754849116,0.00040692749599369193,-0.0013844782427154811,0.007681548855227094,0.002233187537997283,-0.0003936424994557264,0.001987724161695459,0.04344419794427856,0.008430306170466695,0.0024366006305651666,-0.006821087444320861,-0.010804302447658176
2022-04-11,-0.0020834932618777335,0.0029169255146195283,-0.012214044713176775,0.0070262422062430385,-0.002324980675258659,-0.005314192085732028,-0.026479632482989124,-0.0011201296074260236,-0.009161404661435557,-0.02690148675046844,0.0008653041125925576,0.0009857600263247779
2022-04-12,-0.018830033346636244,-0.0014339192310089954,-0.0017712964702671918,0.005595073395033401,-0.003981446223457419,-0.02163435209683018,-0.01364236428432064,-0.010093674014993836,-0.014239129982649423,-0.018972844788305743,-0.0044305143788555545,0.006998958303694236
2022-04-13,-0.003670490207974497,-0.007897311733905288,-0.019116188319425964,-0.0020945777226644147,0.009457020020959606,-0.0013483413542619838,0.003500716838505502,0.01793816322070496,0.009332757136087944,0.0074956079704358025,0.016769682684331544,-0.019538355887829595
2022-04-18,-0.0030567014474414123,-0.03656533198265277,-0.047441837023723954,-0.005837920234985194,-0.01583939235587184,-0.015054466658754984,-0.07271730099006224,0.0020403672857696176,0.011848512853907867,-0.012749919250292563,-0.009874464722251175,0.013923261947049737
2022-04-19,0.03811153010619539,-0.015915275782132476,-0.03815979912490597,0.011216724944067114,0.004514281879062887,-0.00822479083924521,-0.0366349656295778,-0.03165490238062141,-0.029664842565305882,-0.018753400172702772,-0.005930013249376032,-0.01827422545385804
2022-04-20,0.02940396012724822,0.024453653155798172,0.009015124825366039,-0.014028586948241384,-0.004884779703846931,0.02190734782227932,0.01645301722251813,-0.007646746974247942,0.024561570930629717,-0.008295441727547037,0.0016270808524416758,0.031149578604937167
2022-04-21,0.023414094896282434,0.0202006198388911,0.014804662046871808,0.009000103212963184,0.013744417325320724,-0.004869009956286807,0.019588238114687906,0.003274931744913223,0.015242954003261033,0.0135374710550491,0.022306308927980023,0.027717226493991554
2022-04-22,-0.008375057980499978,-0.004436941080311563,-0.01364276732019154,-0.019282477208746318,-0.03040869868973506,0.004077375332622646,-0.020601654012598614,0.0026881519208088456,-0.03230295403918915,-0.011752811222731196,-0.02044274543303448,0.0032108842089442202
2022-04-25,-0.02312586429151664,-0.017812909111625586,0.0074875138338244,0.006085760095378756,-0.011686013178228927,0.000812146451370177,-0.015358402446451036,-0.022405160542146807,-0.012318167187710172,-0.021837117186393695,-0.026816561564990016,0.0009932562718262261
2022-04-26,0.02992568756776115,-0.0005352907576601229,0.004612741730780634,0.0020605461632523525,0.021728200659049124,0.022925716572971044,0.012747423217565501,0.014495684865430292,0.022658621879421137,0.025703602095539235,0.020055547182445288,-0.0007078046823544293
2022-04-27,0.0009727626459143934,0.004201318059019243,0.0003644157221853739,-0.022620157115244344,-0.01632046772726492,-0.005024514722211104,-0.017836866800498896,-0.005599561863023461,-0.0015125770731279076,-0.013470976676031254,-0.013016723917382067,-0.014968194776719956
2022-04-28,0.01493696186514426,0.006486610676924798,-0.0008743551630672197,0.014184849804204758,0.02061337466769908,-0.0068439116220028184,0.01919117879275789,0.013980466048851614,0.0451029113120065,0.025163251800167874,0.016444116986405133,0.012807480367894586
2022-04-29,-0.010496917562723973,-0.010490181625917194,0.009662089406858643,-0.00515293541353079,-0.02206898528381518,-0.011172790603440008,-0.009509710158985274,-0.005936435456983413,-0.0031226731044994294,-0.014483173736899335,0.008306230204572662,-0.021595708588384777
2022-05-02,-0.0035124251932543427,-0.001212433566622373,0.013794541310609976,-0.0030942364755736085,-0.01067892292935757,0.0031798877618218757,-0.016937323466152288,0.013870264843225621,-0.0019464463204491578,-0.008793808334169761,-0.005653488348034363,-0.010760750133412933
2022-05-04,-0.03121793609790635,-0.017685692658801266,-0.03398155738257158,-0.02260450810845893,-0.023116232771302148,-0.025561386649889273,-0.0035366279897375286,-0.012920372171039252,-0.026428999218858995,-0.0270922399881367,-0.02436638403064928,-0.031022675194658178
2022-05-05,-0.01958304262477084,0.009670187019339194,-0.0022492183146264333,0.00628229822058346,0.0007296950916442224,-0.004775708957487357,0.03230115793019195,0.00885472580017077,-0.0022795698819902954,0.002264449533676105,-0.02525254665303389,0.0013179693499036915
2022-05-06,-0.007667876268517948,-0.02299754920107744,-0.026128094042819572,-0.01310387170570515,0.00822930429117763,-0.012101054531397759,-0.02668521133117563,0.017553871171952284,-0.008030923286856062,-0.009281643039755982,0.005864567009914223,-0.0173334477304945
2022-05-09,-0.03905513777218217,0.0036415535348177652,0.0017076880414612639,-0.012373963782096209,-0.016634071251257265,0.0017599837320807499,0.017824193547806066,-0.01387588346401214,-0.015145336248566621,-0.003882874739607245,0.0023774558953011393,0.011134330119510372
2022-05-10,-0.017333254277928423,-0.0018431460520733634,0.01606249827041606,0.001337374397837543,-0.0014707496771431128,0.011454812565934613,-0.01104845150585343,-0.012169624532530565,0.0301184932201759,-0.005073898320171244,-0.026598238688562703,0.021140494367011042
2022-05-11,-0.010243852392508468,-0.007779089587657717,0.0056298484100234525,0.004077058765703079,0.0028407339755096572,0.004446435751582323,-0.016902786302046557,-0.015784517544322973,-0.007750829204127285,-0.023103867996976724,-0.008180015258908657,-0.01589298881868051
2022-05-12,-0.02037315273944429,-0.0009817639581098936,-0.022541410748760038,-0.025763196859630577,-0.029168002922365877,-0.02414046705068651,-0.011756962953209937,-0.010756745200907414,-0.011416712672945528,-0.02842503145403885,-0.005615324378318576,-0.019306516396032092
2022-05-13,0.011336138986545619,0.001833693179806417,-0.008978965297351982,-0.026516169145381796,-0.038906169687313086,-0.02197338018731132,-0.00291620111217461,0.022538595040190623,0.025855533725628543,0.005471330952949716,0.03823529653928648,-0.02091362029409527
2022-05-16,0.0002473503963271728,-0.011157248997566205,0.010647690485747985,0.008341364564957043,0.023276701749847417,0.004783179486690603,-0.010170252505463773,-0.01740159348426895,0.010551014298867623,0.005474034807860573,0.00351264249946337,0.020508485985803127
2022-05-17,0.04200319155232446,0.022151415896181526,0.006819484427533107,0.03953136165653848,0.027032924538117342,0.019979945799655674,0.01970976683332859,0.0417159854315603,0.012515417205637203,0.03966550587852957,0.006944585633497535,0.03935088882368576
2022-05-18,0.0036375009790690083,-0.0008114136583098341,-7.615073724409616e-05,-0.003732320674471934,-0.01990154389352683,-0.015416161135923367,-0.006091673264614683,0.007933521085515816,0.02066826758050455,-0.019699398134888302,0.008298289215391774,0.004480359178107962
2022-05-19,-0.0230464929626083,-0.05417836189484582,-0.02043537003980256,-0.024103970383367423,-0.022925794410550093,-0.031458781926878565,-0.054366501365157305,0.03317083031876411,-0.011717753455520064,-0.015612124004072525,-0.01618204682386326,-0.021410016699883294
2022-05-20,0.05830999165742501,0.009518995843369016,0.026339322926685282,0.02788635513798776,0.03329608247176741,0.020244654759708602,0.01961954909233632,0.015780885824094426,0.02711360331129975,0.040149865837980414,0.035100720956057874,0.024586307679293817
2022-05-23,-0.006687030539442085,0.008730613045937474,-0.012831537181040686,0.0021141140475147147,-0.0032438974994478675,-0.002980104385925997,0.009105620983646201,-0.01964285460833881,0.023151674075982065,0.02114771812976768,0.006989470109073359,0.040973623558814065
2022-05-24,0.0034330704786438293,-0.010160330077749968,0.01146452147009458,-0.004078581108883261,0.00249507463436327,-0.011153913140247496,-0.018659880854078437,-0.013296788897628309,-0.029477113826223533,-0.010856641461005512,-0.013177059976954841,-0.012003974240210824
2022-05-25,-0.0014716250839592604,-0.0301132539586767,0.007468102990975778,0.007343107297786311,-0.0018682731336618907,0.014744780996100548,-0.02120053452040238,0.006830251931742248,-0.004741062200045776,-0.031697648701367154,0.0014286697205367904,-0.0019737142597267
2022-05-26,-0.00953296941983306,0.018720458837960585,0.0285220188739721,0.02123781949503445,0.032591876061980773,0.007919345943692147,0.009571291817582095,0.001843377007273883,-0.008047971935938536,-0.006477222019357631,-0.012346311732955084,0.002279391477656212
2022-05-27,-0.004638539286734855,0.010644827392720213,0.01854833086816665,0.01551130103849685,0.00010669482345160297,-0.01333535714318268,0.026265052294980995,0.009373790611302724,0.022103512050827057,0.022849927457224917,0.004389175389285294,0.01767461922007163
2022-05-30,0.03483368189866831,0.03493982418109498,0.00682444257187198,0.011759983532317886,0.012048223997399798,0.021405547323699148,0.04478747183588183,-0.0005571013818831405,0.007873319269454893,0.037836735014919576,-0.017258681233644158,0.008932467146898215
2022-05-31,-0.012064567815190053,-0.0032292116461587472,-0.008990199075725402,0.005811562122127745,-0.013695781920654237,0.001645257573087644,-0.004765668696309899,0.005946688404678602,0.0018306053007002276,-0.0038233372129442555,-0.031183186547117603,-0.005933434844095475
2022-06-01,0.00032268856908501675,-0.0027197481343583796,0.004248036775346575,-0.0002654897016545199,0.0004271577748329314,-0.007926222650571746,-0.016659966719379415,0.0044338896661935134,-0.01903762566139644,-0.0039286068894160975,-0.024808121634671054,-0.003383007645784697
2022-06-02,0.03447887665278482,0.02020753414863119,-0.006990084976669864,-0.0038532364243726303,0.0033099536191232293,0.0018713317205609759,0.019918141795324473,0.006069533071021427,-0.010244914312375397,-0.006583764619601085,0.024188137794263875,-0.0017633862890195084
2022-06-03,0.020262010807302833,0.005010059446616699,-0.0034654637791308174,-0.007268950579006783,-0.011386620605430497,-0.01357858987212357,0.009084855338309605,-0.002925168942252143,0.003129529391516117,0.009101129501589922,0.006456904071677094,-0.02780305713564979
2022-06-06,-0.004299225388905481,-0.0026743748513360366,-0.0013402795819283941,0.0032916113994050367,-0.001722297766147074,-0.005171080232479808,0.00548711715410688,0.007700807563882028,-0.004995897657820048,-0.0071729583179913625,-0.00612652482836995,0.0007138411455593907
2022-06-07,0.001878959153625015,-0.019892472246587523,-0.011498450534212057,-0.015399959825748377,-0.0006469228165539853,0.0034409547971334664,-0.01526094747628215,-0.003275028952974268,-0.03021263253488171,-0.030941321801164046,-0.013433290187838343,0.01282008093403042
2022-06-08,-0.017563810144983205,0.012326594837832605,0.0035227821594636666,-0.007820586573766497,0.017047938012859865,-0.032102827966544956,-0.004446625620891709,-0.021905918731937035,-0.0065789981435935285,-0.0030828402405116417,-0.0011788551326776808,0.010634728848362585
2022-06-09,0.027422335669952558,0.006741772064815077,0.0075325038318847515,0.004455124449926462,-0.009229882445763726,0.019674238494609808,0.00999999175197952,0.011011631637148245,0.0002958821135317091,0.006658046388358985,0.013691369715192359,0.004738693556212592
2022-06-10,-0.030191987605799997,-0.019608524231470303,-0.01930763960645132,-0.017400188931627092,-0.01092191731337222,-0.0044353754852944904,-0.025214625473626073,-0.0025845142362113105,0.0010011740871895825,-0.006269214098045928,-0.015311243752701098,0.0006620097939020742
2022-06-13,-0.018918858803347427,-0.041756967648600485,-0.018133273322058274,-0.04444453648906144,-0.03464324375841943,-0.003044499236269149,-0.035414234837018554,-0.020358911343880015,-0.00136381723994905,-0.033467886613525955,-0.019155684094012915,-0.004221700728669786
2022-06-14,-0.013068302698557854,-0.0028110977716909735,-0.011005605543529695,-0.0036337360109233163,0.005046466556125839,0.016013709915800423,0.011266986390429334,0.003022638621602569,-0.011789354901055815,0.008224225007700259,-0.005364663753018806,-0.011383831737673322
2022-06-15,-0.012099928940978555,-0.0013237449611275265,-0.0034680766332206847,0.0025529843054548085,0.007252902777542536,7.324331698765896e-05,-0.01273813628296172,-0.007722600756747355,-0.0025324071751882116,0.0101640981949922,-0.003333184245877141,0.005351014746169058
2022-06-16,-0.013981639482856023,-0.020054166783414096,-0.020000656836020925,-0.012731861904737296,-0.021601885343313088,-0.04090311851838324,-0.01757841742821087,-0.010250668769641313,6.983923777337253e-05,-0.021117040384288077,-0.009364035406709492,-0.002527570387776512
2022-06-17,0.011718740129891714,-0.016900115521995662,0.006594832097513104,0.012306421037009185,-0.0013586708903366995,-0.01612645829678383,-0.007085670815306644,0.009973181206634596,-0.01688641273231306,-0.024518809100350203,-0.026025010290130934,-0.018567559269250133
2022-06-20,-0.01812733716037518,0.0076078481585521995,0.025121145230208697,-0.00131024283234904,-0.014285788773499064,-0.004272644425991956,0.01935418343964823,0.003038347347848358,0.040489118208062225,-0.012181520508649957,0.014998735397124596,-0.003537746358337257
2022-06-21,0.01614214507422873,0.03198498104623826,0.01089148028106246,0.014796964588593697,0.03692204316209047,0.020908085055496572,0.025280263473181908,0.021961502089881124,0.004143904379909635,0.019363961864974355,0.015087588980859046,0.015618104654015585
2022-06-22,-0.03037809732288843,0.00342464952719701,-0.00471375598818935,-0.0136475204254759,-0.006877434942902272,-0.01749944863916797,-0.008724826869694446,-0.01704341745571758,-0.0009750293276116206,-0.014363842108173874,-0.009969936939644874,0.0002763368212670425
2022-06-23,-0.016223783114077905,0.026637201813560774,0.0036834783202097654,0.018278549652330778,0.008377129707223485,0.026989028292877082,0.010575754633922685,0.0007537909242318896,0.022584503742391515,0.010515695371071887,0.0192759108346241,0.06273491174315304
2022-06-24,0.01423978800119663,-0.00474493983483204,0.013968544192500598,0.020453400485489937,0.0063136665337613085,0.016661671661193145,-0.00781435814604603,0.0013182274923180248,0.02277381310187998,0.00036805458141131453,-0.000363736686415872,0.011147290136973576
2022-06-27,-0.002960129668729161,0.006559145188624216,0.0018097011602375979,0.005466329109601098,0.015300057946054268,0.018995826795035864,0.02324614847200901,0.015422310082557233,0.007269897403258341,0.027394168249211814,0.013400349224776065,0.010229355459204337
2022-06-28,0.014061435129875788,0.001040741553739899,-0.007631224691530325,-0.009827790976497996,0.006613127080046022,-0.004093837535143474,0.0037637957601504013,0.00703844960711919,-0.0012925605369907833,0.01022258376946339,-0.008436557935525668,0.004846985291950601
2022-06-29,0.020750151356278,-0.008332867415873135,-0.00144907319673504,-0.010629265905575669,-0.01109312930302142,0.00976295924128845,-0.01141789254531611,0.008092529544079907,-0.03632987321605741,-0.0023203803804550116,0.012189278889300548,0.0022615355326380815
2022-06-30,0.0060075377566817245,-0.007111390540534446,0.003013744867993884,0.006332201535038218,0.014811507563845971,-0.004143736569010792,-0.000922459391917152,-0.0020067567348937,-0.0012761970689748603,0.006686494976208657,-0.009657781131763965,-0.004483600542817712
2022-07-01,-0.07202451838406354,0.014691913028805681,0.004265451896270811,-0.004666219128815707,0.0020390563906966808,-0.016789503746690193,0.01197079105918153,0.03967087290010585,0.02320011317702031,0.008920265498673752,-0.0016253527763896436,-0.008045356045561225
2022-07-04,0.0020758625258028296,-0.024147106839203847,0.0014035227420690077,0.023014545831181454,0.014137327098862063,0.01254727010396084,0.0058131236842418055,0.02655171116650945,0.04068177834733122,0.006074462966837446,0.00018099105916435931,0.00484969192343776
2022-07-05,0.008099549330248479,-0.005795928930165228,-0.0022500032815520044,-0.0009025680320677854,-0.002745809821361078,0.0037395695720741085,-0.008098173610474713,-0.017129086606725075,0.011072876984403068,-0.010621447106900272,0.007716310764096734,-0.011210000876878956
2022-07-06,-0.008794877679634827,0.013820252061583771,0.013788336193450546,0.009034627727193989,0.016520220311348144,0.01387981433713481,0.010637196069800625,0.008365250674518876,0.04034975423265985,-0.005591435127902944,0.0022733184321257482,0.033699902008819116
2022-07-07,-0.009847134135200775,0.008311088118347021,0.01790348549570453,0.02210905149714737,0.014168134479111139,-0.010303482163636524,0.004726214723535627,0.009160100999554777,-0.010186676286868201,0.03531149035861603,0.014026544575986843,-0.0027404496626783903
2022-07-08,0.0013819643327928066,-0.006813084926482138,0.0009313893452274069,0.018463600553896953,0.0036978618619072368,0.012158088853394089,0.010509022402804602,0.0037676267583570677,0.009664509121304121,0.047390001092995515,0.00971209596316891,-0.015157261781994058
2022-07-11,0.013590378978681095,-0.04644077928226087,0.0064776634411563006,0.018261204401356146,-0.0007162862363983002,-0.0497735313284694,-0.02727056611511325,0.006654223343611765,-0.002503127859237342,-0.014489325121396446,-0.0005247401557070264,0.0037399096608763394
2022-07-12,-0.001423598578780938,-0.009345467148303421,-0.010205177371204188,-0.012475683935817106,-0.00665709274047388,0.003708991940907236,-0.02345295821689175,-0.007796579409613202,-0.016481887459957822,-0.005562194286688804,-0.006590749927786188,-0.01033766301515604
2022-07-13,-0.01772375418443506,-0.014896124046664627,-0.02439281993850473,-0.00881698567340028,0.003196175616861474,-0.029411784342321723,0.004066294144408289,0.004612054824332024,0.019677185317259482,-0.003930466462419457,0.010039909358785293,0.002434768984493685
2022-07-14,0.008243785335103615,-0.010558308078566059,-0.0050078914531099805,-0.0010620550322596456,-0.014696821590017284,-0.0028748070891927435,-0.010799885911269458,-0.010882273133728138,1.984892969120189e-05,-0.0006677601590148186,0.022961187964080754,0.015112056113566252
2022-07-15,0.0019395884150883447,-0.0013839992444016902,0.008141715051426246,-0.0015949027878414679,-0.0005215015214344865,0.01581854090043633,0.0010497271055873725,0.009282971160536224,0.028304957103533646,0.023509253768609017,-0.0017047859169369017,0.024545655879568917
2022-07-18,0.008514705760235719,0.023008210455639944,-0.010645699293691746,0.027689143147518136,0.023377104038438734,0.017259802289419257,0.04163318529931792,0.005961451166251797,-0.005839882119801021,0.025402921120952326,0.005009158129991587,-0.008344738469395763
2022-07-19,0.006130661944142357,0.003508886311178072,0.0003710826878060569,0.011204625225369691,0.015602759807986422,0.014855754599757187,-0.0038593918788998316,-0.0023703991016381654,0.005658766274924121,0.0012445234278188888,-0.00849578428694664,0.00126935129276462
2022-07-20,0.02704022015437957,0.02945432921800295,0.01261079209008975,0.003138341517654908,0.021387710889551492,-0.003343774130698085,0.020988556655932022,0.012220037173695575,0.014233356647335382,0.005867680769178207,-0.008911228400736215,0.003809210037701405
2022-07-21,-0.006671985993158103,0.003949929864048629,-0.003150039338887578,0.0037032457526191553,0.006783218793101842,0.011481293008175797,0.011614887696715925,0.0045270521006861575,0.0011325550714345045,0.02747466983831326,0.0024784763318490555,0.005480572539770634
2022-07-22,0.006757017507345253,-0.0019828665522341193,0.023332609991405073,0.01787522876233827,0.0032224272881744565,0.0007371739836870006,-0.017352822458965522,0.0033382663044605465,0.012713626653676924,0.0014729626011045216,0.005576867700886945,0.003859279906425872
2022-07-25,-0.033039127467183294,-0.0013404883198703255,0.002944413124950529,0.0010625172895999402,0.007981240771778308,-0.0006629492326388764,-0.0017923735963656373,0.001830002188847768,-0.006437989302534919,0.008315644250978194,-0.007032587019015546,-0.023706337766966734
2022-07-26,0.0004546558968636649,-0.016057519955611554,-0.0020407366225481116,-0.005743561726056945,-0.006952428163655822,0.008402213036708295,-0.03488284813799214,0.004483635255900786,-0.029158375150437066,-0.017503997067583876,-0.0008060314983129313,-0.01110586187914575
2022-07-27,-0.0009498579832091236,0.0234123437093805,0.007641280846422127,0.0052744155069983645,0.02722668845363918,-0.013448401637730423,0.013713165305590413,0.005620864123796254,0.013682104408048623,0.025924305973953787,0.030369392174388166,0.015511504958900524
2022-07-28,0.015666278630480646,0.02246892500157016,0.008865081688891108,0.01761390392973783,0.008046291753497803,-0.011927690478760411,0.031508030987057234,-0.002301669035007614,0.014775711654378743,0.0025604075194129994,0.0009507165316859911,0.0072707266734495235
2022-07-29,0.02130556095170255,0.012697451150887273,0.012245429896934334,0.0049104057370736864,-0.007700369709053523,0.016645436629310506,0.021286370236533125,-0.0013180475533293157,0.006602794897173192,0.0037751125598881607,0.05403144260315029,0.0060199725331937515
2022-08-01,0.026061504135886704,-0.0009389403147835873,0.008332128566917785,0.005863693768964895,0.010220498482139018,0.028891080407669856,0.0008711774218772561,0.014684079240626868,-0.016834593209251736,0.0036779388896954757,-0.025975440766158875,0.026198179813603506
2022-08-02,0.0038060496311551617,-0.002121917278779195,-0.010994669537542134,-0.006861743531556552,0.015643994981701326,-0.011016080865396516,-0.00480321401887962,0.007967357965654731,0.016293717464082258,-0.01193030668137851,-0.0015782843585026018,0.018842788631856733
2022-08-03,0.008395764015151075,0.014490613853215928,0.002342259252397394,0.008621096351804969,-0.002305800732206209,0.00924591614336201,0.014576348921864435,-0.005807365962519961,-0.0033772306290769105,-0.0018125893767183543,-0.022076806867476706,-0.01685497161518479
2022-08-04,-0.013217825621616552,0.004626392282911285,-0.001185752441909771,-0.005516434832339101,-0.01405178055442946,0.0016590034862142833,0.021582260197913428,0.004381176176051271,0.0006089587145567954,-0.005419583751763657,0.02396866085145688,0.0008091691932414768
2022-08-05,-0.01473613546262209,0.003010414406595885,-0.003387229063999464,0.02188366180253909,-0.004125774171723551,0.013466938810299478,0.010469455153221618,0.0043618264410307805,0.006640368047577061,0.004129011703758456,-0.0027762103865830445,-0.013996169071175402
2022-08-08,0.013082130448188733,0.0027934720171363114,0.024526255353962023,0.004500688456809732,-0.020054567693792436,0.0009947204127043197,0.001701065519210676,0.007398740239878077,0.001871232880787277,0.023609035177755366,-0.006059317027387268,0.009133324148261845
2022-08-10,0.00597948158228534,-0.00598587178393184,0.0029068293246947707,0.014098793821861078,-0.010953133646839142,0.015475332423797727,-0.010466898030700666,-0.0062268183017368806,-0.002848866936021044,0.013937139741662774,0.010215263192248525,-0.0047354762747935375
2022-08-11,0.0033301467564752496,0.020347027365348325,0.013230525976064555,0.012901333450649588,0.019525852066539118,-0.00761983609575978,0.010920754933225307,-0.015906137027241196,-0.01101114633402156,0.006468505606699093,0.0014679587563082297,-0.007415773813235327
2022-08-12,0.01617045302419884,-0.006121326470582944,-0.000370078494134618,0.01709903865137541,0.011338782207078735,-0.0001407576629331997,-0.015957189072460132,0.007510174407557191,-0.00717356356608112,-0.011086518777137844,-0.008251415881846302,-0.013007967397320686
2022-08-16,0.0069503956709782155,-0.0026016962975045077,0.011446639651816914,0.005546633042839755,-0.008950470506144392,-0.007890724032675989,0.0014741851171202747,0.006481966068843548,0.019094828601434077,0.0013269259932440214,0.0012588793341103965,0.035003341214754125
2022-08-17,0.0052238824177137655,0.0024759409123296106,0.005159211753615223,0.004549328594192437,0.004182976720005227,0.026771888127106847,0.006138548351153572,0.006440399240029926,0.015182370163402403,0.0036778887967643392,0.0067789946190990324,-0.006591947918861085
2022-08-18,0.001813517822087718,-0.005836361176110416,0.0011921032701838197,0.002094476829609171,0.007952265385251733,0.014177898212560658,-0.014505819230251404,0.009918194401575375,-0.0009683008021067474,0.02093555013565651,-0.004398476639320026,0.000374713569583518
2022-08-19,-0.017829698613499145,0.001330973466429075,-0.012337084910114426,-0.01660820018660536,-0.022541643277575685,-0.0012275047265715155,0.008939025070155537,-0.011563482627678145,-0.0177103789686609,0.021904837703776048,-0.01357054024268034,-0.0188596874181437
2022-08-22,-0.002773740932514701,-0.009215122990933411,-0.015203714417654002,-0.02085259845329268,-0.017392134355440514,-0.006418104391341384,-0.013430555531646404,0.007692396054006956,-0.002979558881908262,-0.02861494308551027,-0.02307637484564895,-0.01719449714063459
2022-08-23,0.015422507573046751,-0.020852299861692014,-0.003094667915595428,0.013669842953000444,0.020731627479335657,0.013743788740741003,-0.021102470305634502,0.004771032062679925,-0.012925340450119949,-0.0019142057913845711,0.00891481097175606,0.010720773240833203
2022-08-24,-0.0026636964482220638,-0.008905260684653249,0.004809743101218622,0.010880785776850255,-0.004981936765682482,0.0015591123532192608,-0.0031767857566202817,-0.005697982705697879,-0.001735214607732849,0.008683786558200346,-0.00832959118461829,-0.0018920703252285342
2022-08-25,-0.0029168867408965182,-0.01141186922000259,-0.0054316032619210475,-0.0010878433112730956,0.0021183346200766007,0.003045792386226376,-0.012585450831874345,-0.005571480850063759,-0.005428639447998429,-0.008160193513734537,-0.004199706045770024,0.003665139262686079
2022-08-26,-0.00533805940412968,0.0012429901861528148,0.00017059581336043017,-0.0017195102887912483,0.006533400521255617,-0.013697793342390074,0.00223954928312331,0.0017607493541060837,-0.0010293105372112255,0.014644080350551869,0.003248593675976519,-0.001751507376717365
2022-08-29,-0.0077731058807207765,-0.027822705860465313,-0.017541528110547655,-0.0172245761177382,-0.017086743984372932,-0.014024818368200798,-0.039301807936831024,0.002077303265494379,0.0016526128440486065,-0.012543384902253707,-0.0010225346697757542,0.013026837241889355
2022-08-30,0.015514011713304798,0.02509133876411207,0.03244405935635952,0.036747143248157865,0.031854103351222296,0.008326483927309614,0.021344130444064247,0.0221657021275794,0.032630800150517336,0.02179127615619736,0.015695153942533402,0.0280782157674917
2022-09-01,-0.02939784287027991,-0.024742040225501083,-0.009386913522894336,-0.014594915859421853,0.0038587269991303685,0.011629455476320105,-0.01925725920092991,-0.00904849782716155,-0.020245600491208826,-0.0049675939152432624,-0.023738842482718847,-0.006358646215193331
2022-09-02,-0.01167785855983361,-0.0004151742053072338,0.009068392825062999,-0.0022300627813818252,0.0063754258820092335,-6.800403947415656e-05,-0.007649126180303889,0.017474887382068482,-0.0009208227331685137,0.014401950207188374,-0.0026380616382239985,-0.011623839870331332
2022-09-05,0.015530560513620673,0.0009584786278584723,0.0064287226519312846,0.011519956366189632,0.004099069789276655,0.007346991426026017,0.005712307573391362,0.017638967813045525,-0.0011523915398864437,0.014351841867413784,0.017307800718534105,0.0034138991356991166
2022-09-06,0.010526092407071586,-0.002026494759001185,-0.00381253347524102,0.0013597493326693577,-0.0020411680045361313,0.02816034237246079,-0.004242822821461156,-0.005169677368178971,-0.010574431652667582,-0.003073538920583152,0.0035610110793942162,-0.006849178232555819
2022-09-07,-0.005814697483763287,0.007211192997882643,-0.004733516845529584,-0.008430861227660125,-0.009204226260148052,-0.01070605178025108,0.0017524658517149572,-0.0032096088363346986,-0.0033033365809737036,-0.002140370262922575,0.006758585544496043,-0.011683178976769737
2022-09-08,0.0014136869999585855,0.006365906495854556,0.01032176641442617,0.025793128757318318,0.022145056786093464,0.02217498381816685,0.01252004619170699,0.011652821668331592,0.004893538459020741,0.008324410836733742,0.0006153814715896821,0.000654438227981613
2022-09-09,-0.006227194187148566,0.015143740513446469,0.0006677190021462387,0.002725818057697227,0.015973662807581723,-0.0052610630060770935,0.02422256711355475,0.0018188379193659898,0.004481601463589557,-0.012484822309906995,-0.004808269815640864,0.0176721442959884
2022-09-12,0.011189789362950897,0.007862782839388682,-0.0033698384828257932,0.006601988385791291,0.002801153372793852,0.004440114158626107,0.01624059606113093,0.001210282640012661,-0.003206317221121524,0.006231605534062323,-0.0025841917973642436,-0.002051175360275881
2022-09-13,0.008352388572605562,-0.00419357115209007,0.013089542231651485,0.0030865150287711085,0.005586539264130108,0.019632029084996727,0.005695815990002684,0.010577339221183424,0.0024026631693947476,0.01501098521641775,0.002759907743043577,-0.00012893136834191132
2022-09-14,-0.011985911908203084,-0.03373752528830454,0.010276988856070757,0.008900991612884379,0.024641544355721745,-0.001147521217703451,-0.045017500250918774,0.002840814609196496,-0.005876395802461465,-0.01880642152535361,-0.007189821020667786,0.00455972852862252
2022-09-15,-0.009909809112665258,-0.0051437951215557165,-0.005200690174960498,-0.0005446541521704207,0.0006996703310593322,0.0022339484132070098,-0.02887356632843119,-0.003727406502484931,-0.004277702928716209,0.001842443945069272,-0.010693093178425261,0.02704838763766415
2022-09-16,-0.02477855567289322,-0.03081127413221263,-0.018379656060965366,-0.009263272765965724,-0.01808971863844211,-0.0069416623873327366,-0.03890983908934831,-0.00838069050510959,-0.012595640625451376,-0.019157093583421214,-0.007148480458310513,-0.002182388749357944
2022-09-19,0.0013005419193392598,0.006680345636476792,0.006598509366431582,-0.010889846104319423,0.018600971557274804,0.003975946809730457,0.009621841705455436,0.012979064359559978,0.020212361411793056,-0.004843679016386937,0.007833549939620488,0.009924037467420321
2022-09-20,0.00015973988163797692,0.003797202861251403,0.012045799249665867,0.01951737243742735,0.0031453635077904885,0.012009047522495653,-0.0012585900824801932,0.0011920004844188092,0.0016671043256231144,0.011514073674859127,0.0424073253767725,0.0021549421583137995
2022-09-21,0.002757004891896564,-0.012860775496979504,-0.0015452827454478513,-0.0016362997512904265,-0.007577642481217506,-0.015085545928548494,-0.00813793211324576,0.014731890479715126,0.015501964156803494,-0.01917003995319444,-0.007291997550049056,-0.00569275735158381
2022-09-22,-0.009423357243887431,0.0020658468104803873,-0.021305999692401434,-0.012947148476587178,-0.004212781989483494,0.0049987270993883115,-0.006752626670265216,0.012025340255424677,0.026356848328317417,-0.003930042487488183,0.0029823830933286555,0.016646876159321033
2022-09-23,-0.01874418782570053,-0.008429265582145407,-0.026817029579562446,-0.023411631361828222,-0.029437797801859844,-0.016260743559324053,-0.001827734881970522,0.003912380746379451,-0.003973482709032861,-0.016603193297900054,0.014427372093322122,-0.006211435165369705
2022-09-26,-0.025476669612803593,0.004141482031019272,-0.013484067372366071,-0.02402949689447298,-0.013258192815254755,-0.021131734590624007,0.010839101102827042,-0.03983818420897689,-0.008016323124631963,-0.002908145731149947,-0.0221474239043965,-0.054423120834194094
2022-09-27,0.007950081524665586,0.007697677337890063,-0.00897203309925143,-0.009871643653610596,-0.012515978649102588,0.007350420195533225,0.009635886971195218,0.006764716827809325,0.00702850860976767,-0.005536188314652746,-0.003941339241446351,-0.006893216208682773
2022-09-28,-0.026624967782432507,0.0060315042603067415,-0.017187110966403907,-0.0035775577333123643,-0.02171494649268535,0.001117648037461283,0.0008252657181009315,-0.02956519820142889,0.00852872431780538,-0.003122897089727128,0.02307300170194848,-0.005391000679679014
2022-09-29,-0.0030651899667980542,-0.012633106865735932,-0.005181594769000153,-0.0065920941201208505,-0.005906269145946164,0.004202519957629214,0.002832133827637584,0.024926752238366046,-0.0005738306804383697,-0.010869377464463703,0.014000049054373243,-0.01167677605402917
2022-09-30,0.02255606697074297,0.0024187512361462105,0.02821270997737857,0.021448066428787493,0.016962040028253744,0.046099466538404466,0.010581514994288055,-0.002552020549290157,-0.001518207268220606,0.017736204776292785,0.0192865837106293,0.02357163243505056
2022-10-03,-0.0034696805171055,-0.006523106195496675,-0.005733916655901172,-0.01583526188101958,-0.020448480165134564,0.0043129651194455665,-0.013937422523137788,-0.023480068468240023,-0.02742492830568921,-0.015370328744511386,-0.0043747002307910066,-0.03184708024988714
2022-10-04,0.018442563242829113,0.03557804329869474,0.028163182181001112,0.022750040259702287,0.024915774184182338,0.006659756896891578,0.02557848091627446,0.026048187227218467,0.017330741350708445,0.02871973992257848,5.2974416109741185e-05,0.01678961019695735
2022-10-06,0.0036883342014626397,0.003494282539984628,-0.01101170133594409,0.020515236585542773,0.008635302208136242,-0.024854777789134808,0.01801467975350568,0.011416508697613015,-0.02022130305122749,0.022120638909676194,0.009898910161156627,0.0014383592790949695
2022-10-07,0.004231787116507402,-0.011944288663286118,-0.004314530164247765,-0.0032753073948648126,-0.01321429315994449,0.005706276105400976,-0.002714575195197133,-0.00757452037366535,-0.005470596210190859,0.00606403486104079,0.0013105119572498491,0.00874406627214519
2022-10-10,-0.010915372672779755,0.017504649526865146,-0.011042868043706466,-0.0009064208226796655,0.0010373306446047614,-0.0009456366485043333,0.007890049129866572,-0.01870698139100091,0.002269494271676109,-0.0077421197328539915,-0.009527400413466336,0.009488507708414362
2022-10-11,-0.019910281793957707,-0.015712559381987012,-0.01014125917612363,-0.01264532307313293,-0.006311733666377606,-0.015207911616358816,-0.026561352209509614,-0.004727780973383555,-0.021089351026419845,-0.016076290025617057,-0.001374072665177417,-0.020113040851640895
2022-10-12,0.007358265042692436,0.010164572759075119,0.0065325931832864725,-0.0025843777005124524,0.012134862729145768,-0.006087356347063366,0.0034415024241134518,0.01164556474693268,0.015956866950759263,0.01719045779689221,0.011431591216119585,0.00028205622851174006
2022-10-13,0.0031785911525819,0.0008222643896267368,-0.011490899192839188,-0.016986236335701843,-0.023135857308069774,-0.008574494891791185,-0.006159506746822863,-0.004392563355764434,-0.009628145110725628,-0.018364878477063917,0.013447694895612594,-0.004265204520234933
2022-10-14,-0.0050781549032290485,-0.0013373724765151085,0.0325774536281227,0.019505726938000123,0.011026957248216451,-0.003836749658962413,0.03827718862885776,0.010497420614198116,0.003662545770323433,0.01889508464992784,0.008157756082726397,-0.003728498500625399
2022-10-17,0.016050150061503343,0.006664309562384174,0.005246729911423387,0.017178829994573652,0.03120254224198038,6.534280768422107e-05,0.010649556758006717,0.00045169726359350904,0.005726381223416954,-0.014856735259858533,0.003789822987868785,0.012358792988419465
2022-10-18,0.017643962935655066,0.010588943811384866,-0.0018665988011514756,0.013217511357084266,0.03458102352791537,0.02238901037017116,0.009228405882678592,0.024228733190909013,0.004516441627652634,0.018532358376797564,-0.0016837295813816322,0.00957730365362952
2022-10-19,0.0173994238623143,-0.007266238702593131,0.01025048393254635,-0.0053518615305073736,-0.016090312545773866,0.0003192169915080534,-0.012136628166086405,0.017778660851409667,-0.00739756003297487,-0.0068818708046575194,-0.0014820030998651257,-0.00999180086577689
2022-10-20,0.002686647455860891,0.011355458227952253,-0.006752855768728416,-0.003867204371891586,0.003614114695045245,0.012126696178051954,0.010400925793538907,0.009672284011917665,0.006930192937643742,-0.00039365232464250166,0.0035314728348843083,-0.0013703327446608071
2022-10-21,-0.01159744390411177,-0.0063030530774838,-0.007040407044892727,0.02081806149315879,0.009812503386048776,0.005738292662612388,-0.0002665260825538418,-0.011724445936778127,0.02037739609262701,-0.014389585956828599,-0.002703032076601608,-0.0004708997709205187
2022-10-24,0.0033380411477619276,0.007745531505538361,0.015605546846219509,0.021109938383109483,0.017206178597755972,0.005831075951220788,0.011562803414568723,0.00607641830757677,-0.030445682688032827,0.01758347260610038,0.00951216599765492,0.007141064506075212
2022-10-25,-0.015444560442256838,0.00012654371739762027,-0.006947134404139521,-0.0013493774220293409,0.014110320505999585,0.00024935598734177056,0.005567058561844362,-0.004026443546585767,-0.02631067879014881,0.020604799233527205,0.004609817688353779,0.027328804958202113
2022-10-27,0.003932024477666607,-0.0014864817921292905,0.002412282475318328,-0.0007025670904183823,0.0019013934884086758,0.01844695832500909,0.009372128879808983,-0.0014437757017841113,0.00542828266562756,0.007670239371041276,0.02027139942699896,0.004103112923435015
2022-10-28,0.030597804691356423,0.0018528938628499247,0.002956519210415065,-0.01790362946390711,-0.015354105677294672,-0.0003059537474364715,-0.007021361306587592,0.0,0.002084154913920555,0.005600721623989724,-0.02140070857411791,0.0498345697763638
2022-10-31,0.009283060828018552,0.009452189869864736,0.026050677264746858,0.0009363243187887615,0.0053439162635660065,0.018546810567767524,0.016124424748685806,0.008386263017390094,0.010478390871320409,0.024328385138592923,0.0271717351589984,0.0036923428621822296
2022-11-01,-0.0077464613615749744,0.02084147672401948,0.011057717946648005,-0.00011001601027949004,0.00540264263029222,0.004266950327949326,0.022989633029697254,0.002294332575760949,0.0071435182614167925,0.0006673386021280869,0.019372560088068758,-0.0076620565588498835
2022-11-02,0.006245528763147545,-0.005521910706390187,0.0006276662608337702,-0.004292346020859261,-0.0052869471339450635,-0.030758234929931905,-0.012523903639750311,0.014735196933035821,-0.013128032575933535,-0.0055076036577539345,0.014807978528259769,-0.02381890556993349
2022-11-03,0.003731867784893872,-0.010781398074583892,-0.00439167422158504,0.004366135753036682,0.019255870451369672,0.01086627914886007,-0.014517472538776222,-0.0026786086362234895,0.011138604129098617,-0.0022848204098276925,-0.007367265963720726,0.0010507847367406953
2022-11-04,0.014715315390143147,0.003321052886796627,-0.006898615735026259,-0.003686953716184216,0.015472836271800405,-0.0027485237287703246,-0.010942345417240484,-0.00028288102836659945,-0.010210669372811565,0.003186047831565064,-0.0041178372527233,-0.001038905630356135
2022-11-07,0.005341780160283527,0.005066137561587469,0.007781458393856022,0.013476334394127099,0.034009543635474815,0.007716861093184368,-0.00432642105911718,-0.00028275209109596133,0.004939754738799262,0.001265525803346712,-0.011107023304704255,0.01124655562400978
2022-11-09,-0.0009973376845028303,-0.005458155651642538,-0.00029826446828373765,-0.007629525534433856,0.002279513814972711,-0.004436625877838329,0.0024877897234503177,0.020367775749502437,-0.009475609097432391,-0.007013222608472591,-0.01439194298352775,-0.008550101018743095
2022-11-10,-0.012096783761324392,-0.003233760991277146,0.010872803543652498,0.00021966632193848312,-0.01592062633980673,0.00818020761009497,-0.006120941504174748,-0.013030116414187387,0.0019133341275265892,-0.012902346172867118,-0.002861193093118719,-0.016885476639043717
2022-11-11,0.023051412718534392,0.03440795786468542,0.056665020397945964,-0.0045569193131071994,-0.0073463786913695595,0.0013926748368426889,0.04537441675413234,0.0009830642482095975,-0.00419731593618955,0.01691400658346187,0.0028694030091900302,-0.001066272260583201
2022-11-14,-0.004844519604023323,0.005895933383854635,0.002420613171849162,-0.012795672635721678,-0.014551725690181039,-0.006046630644672146,0.00968079170150049,-0.025677030718892824,-0.018077792031376605,-0.005618825274870343,0.003305294308403095,0.007130565377601927
2022-11-15,-0.004486429982756501,-0.0008695132094751479,0.002445745964495316,0.018716124714963867,0.014007009436462159,0.016242788770136185,0.005487958229072332,-0.005616257520348222,-0.0001222370374406312,-0.001625130824711829,-0.0008359488043874208,0.001076281447598637
2022-11-16,-0.00573389887195197,0.00682666227408113,0.008585619569076774,0.0020839793233387027,-0.0018306064673920819,0.007123708685063512,0.005520706295524702,-0.0033310399391967005,0.008281007788925043,0.0035310934975654185,0.002559063742918699,-0.0029741114146356606
2022-11-17,0.0025846163667015976,-0.0018925907927779262,-0.009033008713901225,0.006786342067181206,-0.0011671773729493573,0.00588449247487266,-0.009608170801141291,-0.0011624482194602104,-0.007203893478070933,0.012951640394484265,-0.005203113090063605,-0.01625615708761552
2022-11-18,-0.0005387231001509063,-0.0016571638753146711,-0.0026264129051948304,0.0005979573857988196,0.00609297486808269,-0.010459336121318996,0.0037796941088752423,-0.007710262766847276,0.009634002391288421,-0.002512843526611408,-0.0037005100662472756,-0.015401164433892944
2022-11-21,-0.017997072656266044,-0.01793052059815181,-0.010254715208320553,0.0011409226574643494,-0.007632309663984094,0.016601116289994833,-0.015815229779534867,-0.01128870488163547,0.007126288700352257,-0.00642155979299619,-0.006388658788047397,0.0019382797798528362
2022-11-22,0.005547052107030881,0.0095779199712549,-0.0014712118353724657,0.002496175645334775,0.0016720589524357177,-0.004229353372074307,0.010744765726838468,0.009045124596867904,0.005717088148659455,0.009122910857889854,0.006928065860686949,0.0009644574067602107
2022-11-23,-0.003118818839136228,-0.0020060517089584007,0.0026018790378479206,0.004059731186716542,0.014271461419757214,-0.005132149678996445,-0.0011985676897343644,-0.001322416070884458,-0.0033192124043212035,-0.002364836897728373,0.007474618197049976,0.006846018451288849
2022-11-24,0.008623309810790403,0.021718090773100274,0.01625865022118722,0.01229180701709276,0.0027974586525036926,0.006048021936229997,0.029466584415881236,0.002795778148827699,0.01667086855663724,0.013432132357509063,0.01714734596009926,0.003648928296455356
2022-11-25,0.014927607167442902,0.0028106500520488353,-0.004615046121500654,-0.00910694841413584,-0.00320000586523983,-0.0017682497503612726,0.0035893356183156477,-0.0013208007081859652,-0.004589662633577629,0.005140836144877703,-0.0012076455628888816,0.00584345716223722
2022-11-28,0.034363464113872144,0.0016520652202927089,-0.010756325778131792,0.0076320128796658615,0.001975597771106008,-0.011158859095587115,-0.007489446960454393,-0.0007346159254005835,-0.004827703272000439,0.0008240715454439496,0.0008704555332841313,-0.0037805684369167647
2022-11-29,0.001717498912796378,0.0006186961971861304,-0.0014997297392249642,0.009974418684298492,-8.214977209641816e-05,-0.0018510640009400392,0.003480354800184049,0.006616729807576327,0.04316491383176291,-0.006732976300360849,0.014592990478912604,-0.00836930121049706
2022-11-30,0.007060674714208792,-0.0019280765705549374,0.0066338358878546,0.006495823956135682,-0.010023851301230846,0.015433477515902183,0.0036217899383539365,-0.006719279615508222,0.01903817764639837,0.01185055007688618,-0.003619573591845282,0.007177287717702763
2022-12-01,-0.002947319926630776,0.025023492674430825,0.006870064265757092,-0.01332765148619286,0.009378341754673336,-0.0001767564720090986,0.013547774473012142,-0.001323497066333279,-0.0080094607405089,0.014169617587979966,0.0003824109860832703,-0.001782893819271214
2022-12-02,-0.0004222057746109398,-0.010501654892105639,-0.007656659599519888,-0.010210706640873757,-0.000904390545461653,5.897869815529866e-05,-0.011586485016289227,-0.007068150590911371,-0.01793192163671764,-0.00891054028727245,-0.006163626061636229,-0.015885084029825247
2022-12-05,-0.014584094257974245,-0.0038526498019610944,0.003640109890109988,0.0032236907073353027,0.016047971870713162,-0.005361552221852417,0.0011294246418307452,-0.0011863012398574124,0.0018162297887391876,4.797819637247791e-05,-0.00057701430614987,-0.002699602446490257
2022-12-06,0.002889182635420484,-0.011836300875321282,-0.0011160207496717645,-0.01172866488264579,-0.013526620023369573,-0.012735491588095837,-0.016374352903614997,0.00163327984888606,0.013245142451520975,0.0037878458513225244,-0.005628207159559806,-0.008496388090427853
2022-12-07,-0.014757301409043633,-0.0014029210508119672,-0.0004345018651006338,-0.0005418998213377879,-0.003120005135455739,0.0007800739823795588,-0.004588060150969242,0.00830129097600607,0.019890405714804604,0.014568889498961513,-0.015286999298328663,-0.006676208324830624
2022-12-08,-0.00047160794490630487,-0.008889164620031309,0.005619592838340015,0.010573015295647137,0.007577617084719712,-0.001678727781144418,0.00912482482555399,-0.004998780533512548,-0.0007018144965308393,0.02057425006822977,-0.03630563925888075,0.0027195933797259375
2022-12-09,-0.01515525939876039,-0.017250877478536708,0.007131878564824667,-0.002146151648027117,0.007929329270172314,0.0027625096850405484,-0.03138586081859496,0.008865213380920167,0.006209622381684987,-0.006296792878268231,0.012285789748813558,-0.00798723409184543
2022-12-12,0.0015330301113924971,-0.0019132785429873955,0.00778640562247257,0.00043016706991716447,-0.005596231383504513,-0.007785352064587192,-0.014082816743582138,0.0052723871910764775,-0.0018367263332322858,0.0044799350787971814,-0.005489249076193747,0.005387078701382997
2022-12-13,0.004554115044607121,0.01389026167085916,0.0027680530622733457,0.0028485806014066917,0.006035599966178307,0.011648901325219008,0.016125940570738573,0.006993087547681354,-0.002557679400755797,0.004251885285372792,0.007342612430702111,-0.004509308683337432
2022-12-14,-0.0036189564874773428,0.00997888269695646,0.008463120265442603,-0.012004895255142367,0.014187087442068647,-0.010560204833838793,0.004611580093909495,-0.0005788083241061726,-0.009463991406649663,0.010377753156386227,0.005630033851864891,0.0024243749857109087
2022-12-15,-0.01420383376559664,-0.01790312576667541,-0.01831843579622683,-0.0140494362352106,-0.015267618154937379,-0.0034371736034602973,-0.024629646976494945,-0.01896336729927095,-0.007971200099077036,-0.008153089025244142,0.0019495199235863847,-0.006647967836570179
2022-12-16,-0.004945051796398592,-0.019621268883186938,0.004810621771955237,-0.007482417246003181,-0.020456311189102072,-0.004356386915602362,-0.011879287415765494,-0.011066826649011041,0.0030227093083108336,-0.0011711729550482053,-0.008531204773718604,-0.011457291606258857
2022-12-19,0.013135203043617594,-0.011788976148538799,0.003110384560425672,0.004933511263171431,0.0018232388252306109,0.021452489292655308,-0.009755663103159673,0.016114527806218693,0.017519653510612354,0.0041380211081640805,-0.005736472143344051,0.0139113674779352
2022-12-20,0.00865636218229282,0.013085263585124851,-0.006900716578199129,0.0035854741536982537,0.0,-0.013624495025616579,-3.3017564532444865e-05,-0.0010279232034049457,-0.016022195152417207,-0.009500931384162303,0.0004049000609982478,-0.00923992599274126
2022-12-21,-0.014226981251128423,0.007583580721664651,-0.009673079256458439,-0.019182201796607568,-0.018281159701626026,-0.018034882735403324,0.0014926055805315475,-0.014699556689864113,-0.003122171028762555,-0.007835358515019708,0.01745325338788506,-0.020406173683626516
2022-12-22,-0.0025923627994067777,-0.0027079360328098323,-0.003430986364138966,-0.0017932040626919,0.0,0.0031940831463950214,0.008280645278685439,-0.008055898503219527,-0.007820247383648948,-0.016936196623077104,0.005021920888050424,-0.0019222753511011215
2022-12-23,-0.029327213323319,-0.00961746503945693,-0.008932750844121928,-0.013192576635067899,-0.0326930062608175,-0.00973537877615116,-0.016392401291758563,-0.017295904163186604,-0.009166918991287298,-0.022370129356902302,-0.009004077463716342,-0.023127090386616866
2022-12-26,0.008732245147040851,0.007604542533131697,0.019904160370967983,0.016270372951222578,0.040243829717049984,0.0029059861664564313,0.003540354803898582,0.024181055102989513,-0.0013924565181667736,0.013719586232963765,-0.00149763062463093,0.014149477782353204
2022-12-27,0.008181321621687276,0.002028921725028221,0.001012607180980174,0.008340718510018608,0.008039149151171321,0.004685615615727556,0.008286654003232474,-0.004333488700232757,-0.009245714916008563,0.015805396836082286,9.993683560782785e-05,0.00589224517266973
2022-12-28,-9.828537935829829e-05,-0.0007363112656132431,-0.000796870512415393,-0.0018874788899926331,-0.0014124188950649375,-0.013500195826897543,-0.003102736808655915,0.0037523543711313057,-0.0037212432599879053,-0.001412413356318476,-0.005149212787567858,0.013918530606143786
2022-12-29,-0.0004519882573852385,0.0035768926583907845,0.007056029465948743,0.010122917431595546,0.017885374975624924,0.02108730178497109,0.00490023051433508,0.002840814609196496,-0.006018788770951966,-0.004808890085185702,0.0055778955771856875,0.0017514848352031542
2022-12-30,0.0015332932511014086,-0.0036865435742137187,-0.008011965507247587,-0.01894178585089945,0.0031055783898135125,-0.01784956966924689,-0.006161189675287337,-0.01133150967951202,-0.0027257583146079734,-0.011890474265431883,0.0008495456762314113,-0.0048838529846203516
2023-01-02,0.01126747045894616,0.0014585958601978088,0.00033777881403751486,0.013021391264083304,-0.002444012784231564,0.009179998780102894,0.010476085631742071,0.003921017545564398,-0.001034923899721818,0.001749705742637886,-0.004393825972853649,0.0010362544433379917
2023-01-03,-0.007317890964801288,0.015300161392783007,0.006538978982526311,-0.001218976588045373,0.0003266667489414399,0.005039892344030239,-0.0009514203671948662,-0.005257630440885452,-0.006390441785310896,-0.00023925543127123472,0.012136282813775656,-0.0024453259323330423
2023-01-04,-0.015056437608598983,0.0009964286493164831,-0.017872862974245285,-0.00249628021149495,-0.011757128133740302,-0.007093847799511943,-0.01822602565324294,-0.012383084203477224,-0.002340652891990147,-0.008808127500846474,-0.0049548567273750566,0.00477762932921344
2023-01-05,-0.0017866525640224395,-0.001070981444724728,-0.00642851754067153,-0.02218882214329354,-0.00016533113557626322,-0.005789653273774897,-0.013112316717303174,0.019724779608891962,0.01876884698330117,0.008113757484190076,0.012050594218390165,0.004547148943402135
2023-01-06,0.009088806927394222,-0.030065507708136097,-0.003313082330523076,-0.010294082724724984,-0.007353946285965085,-0.013752937444321489,-0.01809905408801038,0.004798412917032868,-0.0028059635322565946,-0.0003832423689628106,-0.0073804502967681485,-0.009224593689403426
2023-01-09,0.023611567044850457,0.03375294336276924,0.0019443798348677266,0.00373526396394519,0.011737192675006503,0.02939695871385517,0.024818749202631718,0.008953852180000332,0.018475109437406267,0.01684597268016952,0.008079722561342262,-0.0007216209051316147
2023-01-10,-0.014787479828224814,-0.010105411207553039,-0.018278605623900712,-0.013740258665397742,-0.020651535713640867,-0.03240168351565276,-0.009902713334659752,-0.01375528056118469,0.007545486962295733,-0.007093485573375635,-0.004917217351521508,-0.010009449879256893
2023-01-11,-0.01260556615633135,0.012871155588611405,0.014410491695017624,0.00574680575576858,0.0026044159051181737,-0.03443288222576468,0.0010205856501828148,-0.004799242689123018,-0.019138698922092412,0.008876732027654599,0.015960920115805743,-0.0010491758374358007
2023-01-12,-0.02159418693140025,0.0016972773407200048,0.005342962337059776,-0.0065219186178835376,-0.003016701022346635,-0.011298864957359434,0.006355358656488841,-0.005876817233823606,-0.0012339837579563584,0.016185496182932857,0.0047178692010243495,0.01022998378995088
2023-01-13,-0.0016182070465916576,0.012056480934186986,0.000781544457294503,0.014872425694484992,0.00874098940932222,0.009776549671953738,0.015567821328834608,-0.003335003840972739,0.013107796972204655,-0.0029401440642407017,-0.0012101536496048615,0.01006071913696771
2023-01-16,-0.009523464256063208,0.010455837143414248,-0.009589845246311235,-0.009387987771915962,0.004832393987030503,-0.006738085002684802,0.014531281086653802,0.004410713701691993,-0.010251600493727642,-0.0075230327508456485,0.003731985990698794,-0.00867115152678355
2023-01-17,0.01419738817827021,0.013302281989747478,0.01488665842382031,-0.00011561354343414543,-0.016666541371528565,0.00862804026009667,0.009177443226731974,0.006208306282560194,0.02712656538872471,0.03551395680273761,-0.002655959130308916,0.011843562198629032
2023-01-18,-0.0016540393804862497,0.0034335638979057226,0.017651950523341675,0.005028020935323951,-0.0025297611463168668,0.014169959265395882,0.0038323743417467693,0.007223670794197945,0.006991476211007708,0.024128959782927728,0.007165875510698028,0.001733631651289036
2023-01-19,-0.0010707951478997613,-0.004985441505256927,0.004153079089876055,-0.0038527446634677442,-0.002705240729102054,-0.0058591925918624055,-0.0042061345577658615,-0.007470626858506635,-0.013569448409410767,0.0029120046839161695,0.00043258196376472213,0.0008948881398795905
2023-01-20,-0.011892981316416362,-0.002964545679484676,0.010248777656307828,0.0048489027943798835,0.003984107232519074,-0.009779736164204578,-0.008674893149941187,0.007376017486727893,-0.038116842179481414,-0.010184404741102937,-0.00980241411049354,-0.007275190246147312
2023-01-23,-0.005056011283092077,0.015402315475607775,0.007315206549565856,0.001551202509868066,0.013931085866760728,0.01079209475723708,0.014716032022168424,0.009414328626721202,0.018695425882455874,-0.007311241525624346,0.018391819626660144,-0.002689582719549888
2023-01-24,-0.00590455764952269,0.006266815184289731,0.013388229841182486,-0.0010898400239008899,-0.010159181295814834,0.0038177998819113323,0.002519248591218437,0.003552910059566372,0.0015791205638229222,-0.011640922675134169,-0.00819606791561256,0.03346751431096795
2023-01-25,-0.013824847898207038,-0.0019061343577903012,-0.027632007439699624,-0.017743383617106923,-0.0431562301515277,0.0010957185649300705,-0.005734874935477197,0.0008852464055737475,0.008402385457040529,-0.014858517149379025,-0.000624399182595825,0.0098058245623871
2023-01-27,-0.018971282106560627,-0.005452138023123276,-0.019925326854371206,-0.044545713455142244,-0.05055390061696485,-0.002575687629710721,-0.015456881397570288,0.019896778836655526,-0.0038897062688499906,-0.0068282978228101365,0.0032208324398264043,-0.00530491523504617
2023-01-30,0.009583506741452474,0.006625321921056138,-0.0010212412106780366,0.007709296152776934,-0.003240925900261593,-0.005551837676072147,0.01293490468445202,-0.003468194389316226,-0.016844436521912143,-0.02173768807339449,0.007954634479252043,0.009098706777421972
2023-01-31,-0.0025001266513774434,-0.021827905470189646,-0.006597921574419852,0.010200295798391323,0.028427968104992152,0.00012980100231230196,-0.0032817283893232796,0.021896691712613103,0.003348826449702136,0.005442760741682928,-0.016354310532737504,0.008880586575924942
2023-02-01,-0.005926504857227677,0.014782447807619059,0.014998584690208094,0.019293268585217183,-0.04724485853516103,-0.0015579002427322797,0.011312016608334918,0.02568477170082173,-0.0009701692669306095,0.009955639160940777,-0.018946304123627966,-0.014215412953594742
2023-02-02,-0.005534401231862107,0.015271172836488045,-0.014869013149628074,0.011734227879801828,0.0014221016270075104,0.011246874958560582,0.02104956137359415,0.04759270978486563,0.02354069608666598,-0.00030286397967294043,-0.007192954469948498,0.011552474473460528
2023-02-03,0.0008808730594960235,0.006328893728515084,0.03458391391924809,0.006877065659842918,0.03048691773444956,0.019479462462351327,0.009881639271999143,0.005414542029989811,0.005275430999102992,0.010093794480364071,0.020395158517053646,0.008133868375576503
2023-02-06,-0.007535390486015814,-0.006418056296416896,-0.004250210504975649,-0.011692408795100473,0.002205091563724393,-0.004603449057527187,-0.0184756889231652,0.007224577891685069,-0.004209412103805987,-0.004823437396284991,-0.0046687010329625744,-0.0038357012879172148
2023-02-07,-0.002401047028049108,0.003641554727746188,0.0014832593108871084,-0.0011127450647195891,0.003116750455785855,-0.00424449544489669,-0.004745668398467018,-0.02647367261579292,-0.01380041047070768,0.004266990587634911,-0.01656315854474777,-0.016339238292942038
2023-02-08,0.019970515537710565,0.013693227788462048,-0.00012090147130305873,0.007446411539700382,0.004843908755469473,-0.01374230423913303,0.01798509745039234,0.006162213990010601,-0.007073645449236388,-0.015909947064065677,0.014115416448357676,0.008245437803448885
2023-02-09,0.0017432481686585621,0.0058945341368967785,-0.002085744086513186,0.0019788394205546567,0.0019098194969016102,-0.010901771483041167,0.016661491325775213,-0.0034616248120136195,0.0015098542555826988,0.0077666671784930585,-0.006120376475664213,-0.0037918020765331795
2023-02-10,-0.008234263754815618,-0.0009319172449540059,0.00396833736148694,-0.008073968956948563,0.004084967563884545,0.006913197722858255,-0.005225721201412181,-0.007748849183991102,-0.00355649806324676,0.007660511021212013,-0.0001986795623748483,0.0011530441276879078
2023-02-13,-0.00569167484769717,-0.01558993184012547,0.0007543311987072698,-0.003747699055053011,-0.02811677547076008,-0.004339699470938818,-0.02555102478335025,0.007674545311994407,0.001357679914070875,0.018231485003331827,0.008593316787169458,-0.00021549279015775635
2023-02-14,0.023565001911900918,0.0050828063312191585,0.009256179994219682,0.017222230090091495,0.006232531146765918,0.008587075966180135,0.016459901085999595,0.03273665001211512,-0.000542335647413128,-0.00528771079788215,-0.008372300409873468,-0.003973002816771487
2023-02-15,0.022644042844642387,0.0058711729027878246,-0.00203137862479974,0.006356117676704409,0.002588632936878499,0.0131579620568687,0.002385139317194307,0.0052103814486441635,-0.012075536268780773,-0.007574006761485119,-0.011273843043606901,0.008080169284449878
2023-02-16,-0.0007813127401696818,0.010622890684968134,-0.003622190409255044,-0.001550328303965176,-0.00396509519184729,-0.0012096456798631472,0.0029741170925139393,0.0009155579025221794,-0.008377583461429805,0.0014941308748099846,-0.00025116208307462973,-0.004550335371592884
2023-02-17,0.004177039988325859,-0.015991989444363863,-0.0050172129415039235,-0.007821060212827247,-0.016848719453165906,-0.009752045329294745,-0.011237401091650723,0.00222208834112525,-0.004590321133789432,0.02205855897867437,-0.010701927078032969,0.00030102712670943
2023-02-20,-0.010572885290833112,-0.003955622476398468,-0.009390730109525847,-0.012229824419917601,-0.011016826108600442,0.0030252173848208663,0.005461560784461916,0.0016952980510329674,-0.001610017722314394,-0.00038187184189597545,-0.00010158993036002428,-0.012954458578375294
2023-02-21,0.008159435902719725,-0.010409122945570393,0.0037492476153424548,0.002464686848867137,-0.0032372465820723617,-0.00012839080188575824,-0.00813204390601796,-0.0046868353454116995,0.0018714747735824044,0.001774809669242483,-0.013002914053795722,-0.0027377819992586705
2023-02-22,-0.022678004105193383,-0.014329223359120014,-0.019617330025090585,-0.01750183342976741,-0.013563932081249397,-0.008856789670720566,-0.0112061375396999,0.004185661818724373,-0.00878327033210835,-0.015564329379803343,-0.0031390814014933266,-0.0012571093235139719
2023-02-23,-0.004792078452089177,0.0036010787090645646,-0.006783602597835392,0.0005957508467298034,0.009005562751449814,-0.011914795223221808,-0.007107176542669347,0.009769493813733598,-0.0013631978984519622,-0.016220543926749098,0.004078332420387021,0.004307569420457513
2023-02-24,0.006842657569599897,-0.003910383950363472,-0.008919450047138788,-5.9487036971006546e-05,9.596228896424641e-05,-0.007667742859922444,-3.2094553712114227e-05,-0.006449889020754718,-0.002589824432814858,-0.01162499483135171,-0.002056610641458567,-0.004110936523420428
2023-02-27,-0.006649305592730914,-0.020173821362545086,0.002486000927401477,0.01988803002291073,0.012762831533813745,-0.005547385312488107,-0.02666634395697154,-0.0075305021917513315,-0.006460797196671031,-0.009535825351899785,-0.005615644915508811,-0.0032676959236267455
2023-02-28,-0.019131263099029794,-0.0057024683603095205,0.004206104376213604,-0.0018098657050775735,-0.009285647322937574,-0.014145210515018714,-0.014410753782879149,-0.014390504372916113,-0.0030388889100032568,-0.002152533425105685,-0.008756089513243914,-0.0009095183424828734
2023-03-01,0.009192431376295662,0.021990124386346954,-0.0009688682846178409,0.0016961271738269446,0.026587611812963097,0.010710554390081395,0.0057142987732416994,0.005309331938819106,0.0022759746011695725,0.0029157392075018773,0.0028224673560095503,0.016210125081913995
2023-03-02,-0.007615512057082219,-0.018977048470860902,-0.008510570655980376,-0.0026859470499035476,-0.0054966413052586205,-0.013463182120476591,-0.015975588240988325,-0.008317809015517819,-0.004419371743237144,0.0029784856108407975,0.006254533019144581,-0.024577456511109874
2023-03-03,0.025515360033077306,0.006232253037586011,0.01984935671052601,0.017037461247443764,0.05142857494537201,0.03283346909388851,0.004857036421723082,0.025029823221186742,0.006373704764179866,0.014352256600473234,0.001657573734840767,0.006141302849406616
2023-03-06,0.009767738600485298,0.008886548593266097,0.007054802074051736,-0.0009210311802060334,0.0008910000565436338,0.0028781133096722478,0.01902905595983051,0.008312797182404852,0.00560499353010413,-0.0050648972742189935,-0.001706452648575385,0.0035110799340589693
2023-03-08,0.0035911666601793346,0.0055014700648201575,0.0019972244087842483,0.005012810232369436,0.0055189083871733935,-6.528740253697318e-05,-0.009784638721586969,0.010949302288816298,0.00010077279415598994,0.013847600112581349,-0.008029094365366363,0.0072351124349654405
2023-03-09,-0.024034585834806,-0.015794572645961402,9.189243776641653e-05,-0.018518423426182817,-0.010445995368321248,0.008936252585282967,-0.008240114986653335,-0.012487128736719422,-0.009537010872613938,0.010318857932821501,-0.005013032833590225,-0.01747780932761378
2023-03-10,-0.015492318802326599,-0.0017531177573324452,-0.025786428544261053,-0.015538218162878925,-0.020665786615383874,0.0004525051888726317,-0.0059781460518314455,0.0012902918344808167,0.001645298882907431,-0.016117980648570174,0.002991592015056943,0.006977427369507794
2023-03-13,-0.016446259379584105,-0.014725313978108057,-0.012652232790888784,-0.01691087683621706,-0.03169815134527132,-0.010920791593442725,-0.02476977586869833,-0.011211373215439746,-0.004197910556603679,-0.011122108941047704,-0.0015175838226446636,-0.009666885407616399
2023-03-14,-0.003742425190302212,-0.02041480330842238,-0.0026776501950733778,0.002353836391658204,-0.008679169948737409,0.008493223954468387,-0.010521822472434939,-0.010295920054540164,-0.005152550431802627,0.004850165485673186,0.0032492365583807192,-0.0007336498588516038
2023-03-15,-0.01709197063887602,-0.004992239203362336,-0.014350932361783975,-0.005359142373146275,-0.014941031654689962,-0.01962922707037995,-0.0002463936086666285,-0.0007901361747471025,-0.014882464355675307,0.015133926036678735,-0.006059345525189608,-0.004370220770355426
2023-03-16,-0.0049841990999272,-0.004345439660625949,0.006485432593264839,-0.0024215989304000596,0.013428689592349885,-0.014141251098272023,-0.010953664286477816,0.005403389665511904,0.022131170620137475,-0.0014012112291261758,0.016817312899033432,-0.004424886436405928
2023-03-17,-0.0012578884298523052,-0.0017893881789106114,0.013370697947607812,0.014989666628185017,0.010104750150717656,0.015148302992728846,0.011822527281656336,-0.015467195060866246,-0.004859065178242861,0.01019039337508909,-0.010026977867270248,-0.014293490049709812
2023-03-20,-0.009828599933404125,-0.011323409015890795,-0.006931015276652297,0.0002390948788064673,-0.020007455224013815,-0.0032354237372540506,-0.012000914643455096,0.008653767599185125,0.026068559018774362,-0.008288624706976888,0.0036546882214054666,-0.01169311225366998
2023-03-21,0.031095854333573314,-0.011834554306179967,0.011333457896484989,0.019068725608443415,0.005104013121423723,0.002848494331536333,-0.009226145382412843,-0.004883843298983281,-0.019353292319632898,0.014190120215574975,-0.005201775140063258,0.0010707387120680867
2023-03-22,0.003040093968908142,0.007951936325281572,-0.002310896104540716,0.009150693871752269,-0.0005748358614486859,-0.00033018276322882567,-0.0010424195632652289,0.0021223050236531815,0.005583375322217421,0.002490456790086526,0.016575963605380162,0.00291671950019623
2023-03-23,-0.012650456897608686,-0.0019643289205351078,-0.008027578301660898,-0.005522050034862058,-0.01687287296416451,0.009052325379207415,-0.010581209409439074,0.007677026554572697,0.0035336830504220096,-0.003297199436860687,0.005760994923888152,0.012214570730814112
2023-03-24,-0.019797109713051486,-0.0013280035408810287,-0.0015994199225903838,-0.0035653559999413442,-0.014431956335631546,-0.0014405762304922076,0.004437693626016426,-0.005122733204166008,-0.0017305799933209354,-0.018353608481332828,-0.004909710829878233,-0.013204525660527322
2023-03-27,0.015544801129586672,0.0005767998661387885,0.0043571370085973005,-0.004340708067736676,0.009498324132959812,-0.0009180078156996174,0.006011664034671904,0.003961016851696142,0.007336389111793684,-0.005608946493884437,0.010895870226510063,0.004300612883708643
2023-03-28,0.004670445757101627,-0.0020497387440914228,0.008134262092063249,0.007128565295227984,-0.0040183903528239195,-0.01745991079257747,-0.008171778780728944,-0.0011835976070274645,-0.00648259213597302,-0.009470760289005953,0.0007625779602360439,-0.008401357574264079
2023-03-29,-0.0059164240054675465,0.007381313389816846,0.004809483999871134,-0.0043872171071802635,0.016532200374031136,-0.006480058630824237,0.0043190928759941905,0.007899841591543666,0.01935322858861621,0.006491103500671391,0.00782365825396103,0.010537501890459433
2023-03-31,0.043115448474680074,0.021345176921207187,0.01369833755681893,0.030846069529562703,0.014036778795029736,0.007262020991589013,0.032091425430830656,0.0019594570657988086,0.01165611465727534,0.007800175108864327,-0.008871885708643501,-0.0003797217443636258
2023-04-03,0.00017148541054456956,-0.0018401697081028567,0.0006211965829221455,0.007466511172768531,0.00572788177505501,0.015420474653040861,-0.011975121853854631,-0.011994709167237994,-0.00947134842300923,0.0027492814471259397,-0.004119643223338909,0.02543362367158708
2023-04-05,-0.0024018820523238338,0.012437407995206096,0.026823051669260023,0.0009050673423056654,-0.007119106179811707,0.0038131495467983445,0.009001622306404666,0.019794150049855963,0.018394450215196034,0.04036588994644141,0.018487307330260938,-0.0065857950013743505
2023-04-06,0.006707272984739943,-0.005895551677202238,0.0076190993032589915,-0.010852270665193342,0.008891118190105463,0.0032745403130052253,-0.0011590689888675287,0.002458477211763954,-0.006775811557337974,0.007308112888291918,0.014992717909297237,0.008239582626115016
2023-04-10,-0.007089738723858541,0.013257958055050256,-0.004740825826864525,-0.007485710961610437,-0.0025585761920059458,0.0049612040435609295,0.004008850667037267,0.003098031472268392,-0.01290328019867426,0.01558750697583533,-0.0034581876278388934,0.0021722357494893263
2023-04-11,0.0049465897037950235,-0.015198800318109051,0.002924444250240077,0.015487350069177896,0.011020212408862973,0.005716136892199852,-0.01502543403211043,0.019173901787970626,0.006160737530909621,-0.0035501265258988113,0.0006445874406360019,0.014574925386351856
2023-04-12,0.004408607207367465,0.008665822894564856,0.012986152166622356,0.009354822629201509,-0.007329408848641861,-0.003939869177932098,0.015752379388532134,-0.006186850106949859,-0.007378934450733232,-0.005648489708133253,0.0073816934600896555,-0.0044459430066147165
2023-04-13,0.0037712966125986735,-0.016287994680081352,0.004480927988546268,0.009942114632343735,0.008992958212032942,-0.0052521932035732855,-0.027375265371304636,0.00520901889159564,0.0028666072504905937,-0.012999769917538262,-0.012983246222008304,0.005770678884681857
2023-04-17,0.005073142692260113,-0.015475983528595472,-0.01524418861213006,0.002558371959148875,0.02073355430387136,-0.009647346257524947,-0.09422689865779021,0.01150148165519016,0.00617093438943872,-0.01981201175850089,-0.004783174645806132,0.00044418152085357043
2023-04-18,-0.011446883485348391,-0.0027868360001302994,-0.004229960433819846,-0.004937272869142584,0.0034005474087273058,0.00013168655252404626,0.0008344947853802243,-0.004123428311452071,-0.004232426698862368,0.0011744597393552603,0.006107865434232362,0.006686232738660536
2023-04-19,0.004977880423428616,-0.013143720590123698,0.003675535081873571,-0.005519259352092076,-0.0101675500653432,0.006449471297147236,-0.021558919041487545,0.0006273376354506421,-0.0037187297028523636,0.0013533009007968833,-0.009255547744147385,-0.006035007581132845
2023-04-20,-0.0025297237977472964,0.004919564739972904,0.0037221470848045612,0.002802985070193831,0.008328767916159219,0.01000456612959355,-0.007141703920173548,0.003887109543228684,-0.015405444433820192,0.005924559594633783,-0.00778505314560618,0.003997749948910334
2023-04-21,0.0012574204524973265,0.018052598494741057,0.0016149290118421256,-0.009783096590157858,-0.0030285942858218062,-0.009193257386670428,0.003229019763365981,0.019860032688825635,0.002146341341030533,-0.007860233832698404,0.0017210915374217262,-0.017923954431134148
2023-04-24,0.003831568358379389,0.004413498552442663,0.008091579518148873,0.02156606949604134,0.021080705883078643,-0.006469025004420148,-0.0008556488389688255,0.0011023643221479418,0.0007205908093586011,0.006184441870551449,-0.010409761298965425,-0.010784511451576884
2023-04-25,0.007654735855844974,0.00037784276832453223,-0.014216786264625192,0.00961589875441704,0.012982329948678206,0.01624469963801123,-0.0011415833977956868,0.006973270951410981,-0.003720336903603183,0.008547012437376766,-0.006791582274363717,0.00032477896070726153
2023-04-26,-0.005871019378875131,0.006974162556175889,0.004597005391299813,0.0016422111869913714,0.00809896131780019,0.0011002071831420768,0.0021634388820190864,0.0017009701987054093,0.008171236148086347,0.012544657686086369,-0.0012854463730490595,0.004487008351001132
2023-04-27,0.0063289973141367195,-0.0031893996513256972,0.005502918175618987,0.0037159575642939924,-0.002825018015246483,0.016872412039457885,0.015233563621914747,0.009096470040897087,-0.016667991574004448,0.012938594023127914,0.007670501658274098,0.004237848571867486
2023-04-28,0.01827888195690197,0.009818355001220302,0.003926293834057848,-0.0007622257982320413,0.023992793030067183,0.01627451988013151,0.005215557462349807,0.022956585081916003,-0.004718698111708108,0.025502977248645475,0.00914492836110492,0.005454660483418028
2023-05-02,0.008490147324816233,4.6473165738580846e-05,-0.00020737103951118385,0.00484930398823491,-0.005187694947541344,-0.011384773443441687,0.019716612567363567,-0.0025847605055975276,-0.002278970989246454,0.008480062595331184,-0.014782656520361703,0.021805657929721445
2023-05-03,-0.008582539452652638,-0.01226935401856133,0.003496768574677178,0.0008134372278454371,-0.008343321870877496,-0.013794118277387968,-0.0064972162466917505,0.006360884576623427,0.013990422017880588,-0.011805679579940831,-0.00971176050094047,0.002329848861935657
2023-05-04,0.011528425831222266,0.012830646945874769,0.020464799534952283,-0.0012460926329626032,0.016651995406536724,0.01257543426759189,0.0034667288955003706,-0.005969454956925024,0.008346856950059323,0.00025467790349487096,0.010792812168685106,0.00037508740587455236
2023-05-05,-0.0025530984672959,0.0031049924067798607,-0.059121409076966835,0.0056959151183759715,-0.006034382375475822,-0.0022811758910032953,-0.011346249325994484,0.009773739710771556,-0.0023936754081347322,0.008740244316618906,-0.003644642832563272,0.01682273479569507
2023-05-08,0.012347962283115965,0.006159527362311179,0.011564565632164125,0.011813010029232407,0.012315482296180846,0.00819264318154267,0.005162437894093319,0.006297345293312384,0.006218191654256966,-0.005089318032877155,-0.008861925475353805,0.014259179221031593
2023-05-09,0.003094738043292189,0.01004434542927135,3.0424178125709744e-05,-0.0037318223124803707,-0.01730623945251164,-0.000189004176413321,0.00402989689901978,-0.017730891440681185,-0.00019861236437557217,0.003783811894538358,-0.00457456290171232,0.0038892352603401292
2023-05-10,0.006876130090669452,0.001081254522222297,0.004621511607529438,0.0017657753862696524,-0.0022668466122224284,0.003087228708299694,-0.0058628999368947055,0.0036574360274646,0.0027424929705428536,-0.004169705318676331,-0.003812168040162156,0.006211981398286159
2023-05-11,-0.006528850092759719,-0.001414681425052633,0.000665764255608936,0.003365224646365794,0.002184621217313998,-0.009358688103913049,-0.005660121856991829,-0.011637488904610471,0.02762911319174388,-0.051724579956081596,0.007601181636136545,0.010116630019517237
2023-05-12,0.0016327848909072351,-0.0023918057593581565,0.008831457889022065,0.0050043128006771465,0.00819609589042658,0.00424807384541892,-0.008677729610869989,0.00011889693391187173,0.011958018931645276,-0.009388234780416171,-0.005254654113794555,0.003725243797888078
2023-05-15,0.001972368032196359,-0.005879125205602853,0.004796777510611472,0.0019598968879068757,0.006486186612267186,0.006439713962197224,0.010560582887826131,0.01748139138353033,0.014808959093971508,0.01159343135192703,-0.003138094184040874,-0.009477897565610238
2023-05-16,-0.014241085723332603,0.000952237125578792,-0.00573408631576966,0.0006344367294917053,0.007561335935369895,-0.012169797572864849,0.004728400118004794,-0.008999589826925947,0.005127372438662681,-0.008745700101336129,-0.012644266126318526,-0.014765498488119255
2023-05-17,-0.005909317981543594,-0.015177125137962544,-0.005372390971689955,-0.007396802274819425,0.0,0.006223389896860221,-0.013762437852415266,0.008609369648887366,-0.005287983040282995,-0.003412417761472164,-0.0053137883033510525,0.0052969705902050634
2023-05-18,-0.002152185340360102,-0.00275818306787734,0.003997681019772381,0.007611595699571705,-0.020637849911985917,0.008961758169524936,-0.0007217273297135396,-0.018475096574349092,-0.01284849272741051,-0.014146632935669756,-0.006731149191135044,-0.0072481471616064885
2023-05-19,0.0032455051475459573,0.0071878299213088415,0.0011551057923460117,0.008240875461989372,0.0016545838528816414,0.008006528084791409,0.01837870578028067,0.0003573723242764615,0.0052898882145062665,0.0008454460029030386,-0.004087710936040101,0.005815536923284181
2023-05-22,0.005344151450114465,0.023534989623631875,-0.0035521193081077262,-0.004139204871606017,0.003477213746696961,-0.004840219773745935,0.018835219159284433,0.011670886759851617,-0.0012681879068576762,0.012123071428248755,0.012529245545652268,0.005567700997141101
2023-05-23,-0.00018318074654366523,-0.0005001226112337775,-0.0023461466244922846,0.003209459829420336,0.007710307182900111,-0.00236950266353142,0.005607951434778657,0.010359027895635364,-0.0037146734887044675,-0.008549126870901036,-0.006240447369926461,0.004810702373197806
2023-05-24,-0.005826083654076886,0.001910820394863011,-0.013071003261385217,-0.01337318948898858,0.001891309195334534,0.001812748737474168,-0.001076823034201757,0.010136345936359703,-0.005079492732803947,-0.005688049083991564,0.022058920900542178,0.007613631394767895
2023-05-25,-0.00012296874513206824,-0.002981933382084967,-0.0038372222471628747,-0.0008505690061907378,-0.002488459965627632,0.026578387054404518,0.004389210905364038,0.01764704106548587,-0.0067687047647783105,0.008946797776486326,-0.007509444317118086,0.0011973252503467702
2023-05-26,0.02727533368595325,0.010748666664092799,0.0038520032396902604,0.011544433573335233,0.008172238441914947,-0.005773704838193394,0.010043103978522483,0.005553567348138833,0.021214887732037724,0.006236789546057997,0.026349241258997624,0.012723688211354611
2023-05-29,0.0056252692862548415,-0.0025682992295346097,0.012192007389936865,-0.0026821013604364508,0.015358248131188468,0.004034377138719458,-0.002314912056978091,0.012398591212962051,-0.0007730520860667056,0.0027495047827366115,-0.0014948712321100066,-0.007069214601481799
2023-05-30,-0.00025792135636792946,-0.0012500571374376435,0.000764358357949968,0.0018983591237520248,-0.0036976507970298833,-0.0034091976200851803,0.0071894849411771045,0.02428296078333614,0.00235811399645125,-0.006180795978435016,-0.009138378061705366,0.005340855470792993
2023-05-31,-0.019861443442283466,-0.008051594031081022,-0.01582405986447244,-0.000842175545795687,-0.0028373925379967524,0.0384261967125652,-0.004192159563579101,-0.009779889270942421,0.0041408503117481565,-0.0023297181611208195,0.01641307297336625,-0.0016676822389188883
2023-06-01,-0.0026924142419729735,0.010488113211255978,-0.004252473783811328,-0.013749186038112371,0.005001405394915892,-0.025826636897982813,0.000910287246427055,-0.013019163432858138,0.011377522523640105,0.000974908804974417,0.012662089210194516,-0.004205939873344611
2023-06-02,-0.003268106083120448,-0.0055353310552826995,0.0015586588142668667,0.0021899540926275662,0.007636187055507282,0.010326784971156355,-0.002304204216861727,0.008414892894453407,0.006968359783321221,0.01211624648637133,0.012048187396592525,0.01683578946474218
2023-06-05,0.008981034458045212,-0.005052249380816942,-0.001307216824046331,0.009167058908320591,0.0,-0.002390939941416037,0.004233975760049802,-0.006202155683898147,-0.00769300638311976,0.015103725886886687,0.009153707698057012,0.010199995223086677
2023-06-06,0.0008475992477881,-0.01720923464398938,-0.0031163814314202343,-0.004911707386261677,-0.0031505168017502694,-0.006051462211008052,-0.019547637272970597,0.004879150812169719,-0.0017251303295947595,0.004254065374736715,0.005006118894808953,0.016082073783112216
2023-06-07,0.007582709359632567,0.013179407575326207,0.00518942898347019,-0.0020165991666205585,0.006577256059932868,0.01784306479288178,0.007779355595672444,0.0025971477462802817,0.009308351625773703,0.016484221859862647,0.0007891689097125898,-0.002947673858654243
2023-06-08,0.000600378293168502,-0.011740894701711024,0.0006219176202988397,-0.002446262722377468,-0.001187961133403026,-0.009772007374008074,-0.0047711367928525705,-0.0023651417523399276,-0.013364320280916275,0.010710345498408103,-0.027202841968893776,-0.005037445422616305
2023-06-09,-0.007080814898245191,-0.008388924573239476,0.0011810913176000248,0.00015978537112482094,-0.016652550994371906,-0.0029903684682174303,-0.013135437964209462,-0.010047406147988602,-0.016306587293052677,0.009699816258271099,-0.0030901665145508517,-0.0031888778772425352
2023-06-12,0.0008863671664229855,0.011716105124020437,-0.006084658053013947,-0.0022385877444969227,-8.641783379004231e-05,0.0034192901743936854,0.02053801993705906,-0.0034212390089524147,0.002750280192516552,-0.009754649317244346,0.0015245089180764282,-0.008034050351864996
2023-06-13,0.01477340169118202,-0.000985539942655711,0.0016866464333866737,0.008120005148584575,-0.0038883590017966263,-0.00239129354769263,0.009984872255409005,0.01933857672130701,0.012275534215162365,0.006175355959323614,0.002689058862611393,-0.0034500798455255888
2023-06-14,0.012297581086389453,0.0022659421012092285,-0.001091345724603232,-0.003974324582408095,0.00026006438550174593,-0.007670738269982547,-0.0034103504573407273,-0.0020205051901567295,0.008539062862876312,0.00027599802858557787,-0.001416758841031207,0.0015760733176710673
2023-06-15,0.0002745543492335134,-0.0033313131200495283,-0.012299032132414345,-0.014045572540637208,-0.017431184969369906,0.0021136863357302804,-0.010458289730470804,0.008098943486003485,-0.0033534150098245563,0.0026538902561130673,0.0017229229382225153,0.0065406697911880585
2023-06-16,0.009735163558114879,-0.012871914328733025,0.013084263371677451,0.008202078186542616,0.008384790498549455,0.009762634824844518,0.0037689186263931695,0.01115816769353728,0.009647980604643891,0.002329246169579635,0.0036422336332877503,0.0009225616783783419
2023-06-19,-0.009932523380422498,0.011181300086968493,0.0008735169421083544,-0.011828279033742062,-0.004201251214741464,-0.011518277160779689,0.001819574008181002,0.001103566464102812,-0.003860848265918926,-0.00019010746751557672,0.009878956028661845,-0.0074659359268335335
2023-06-20,0.002076989578942534,0.00538884584277266,0.0020883486389893235,0.0025998060137910617,-0.0025489459017132843,0.0036828156579948867,0.0072641434599638455,-0.0016533681595655159,-0.002664657000542525,0.0066135464999748095,-0.009832328987731231,-0.004185881533392166
2023-06-21,0.0028156531446468236,0.009449550398184625,0.017480494353985687,-0.0009184863470391713,-0.0018506893289598203,0.009384116024662381,-0.0031071649166152238,-0.012807855474222807,0.00018688140805234177,0.005226751486691272,-5.03182965384541e-05,-0.005399317451439067
2023-06-22,-0.011231199531836045,-0.006046297832525971,0.004891251609041358,0.0011356237933273228,-0.00600319094473567,0.004529166979941657,-0.013699143633135624,0.0013422172949355549,-0.00831288241368977,0.009104313506161699,-0.0016131855038955534,-0.004003864939747248
2023-06-23,-0.008183685647468852,-0.006839409860425638,-6.088764569500693e-05,-0.002430485577947006,-0.014832682845353773,0.014238181012262707,-0.012914246933643736,-0.0064783568571678,-0.0048034051781469245,-0.01105019351222325,0.001161410141189645,-0.008055911017416095
2023-06-26,-0.007634819150962424,-0.008301550299573135,-0.004837255641448102,0.004277184504114073,0.004417552613567466,-0.0033340882351317047,0.004229295644556208,0.0021360943344537198,0.003974786401093944,-0.0050218335976291995,0.0035302147389115746,0.015320767820331538
2023-06-27,0.0003605161118085398,0.002414290010483544,0.014093196335026814,0.0093266131066998,0.016246309734064823,0.015200417065239558,0.0069273541448995335,-0.0013463624760688964,-0.0002827127167123189,0.004416282232416968,0.006884649789275166,-0.0009715005757556794
2023-06-28,0.01323883876231613,0.005660706342732524,0.010581186649522234,0.0014421813241831671,0.0065361173591327315,0.008440310584446165,0.011101122699766153,0.009548592944457202,0.003733818503257602,0.01398631553211116,0.019964101911967846,0.008418803501404337
2023-06-30,0.008203202371324547,0.02699469486672701,0.015064278203594794,-0.003040205516977923,0.005352694692591697,0.007509791355226447,0.032589764604579186,0.0050071756013414515,0.006350479988641133,0.022342022106975223,0.02916412055744999,0.026035866015220677
2023-07-03,0.025664181521793505,-0.009069431414976403,0.010814635018806085,0.008506356450510788,0.021995298831547938,0.00045513955941522966,-0.0013478028653193252,0.025797149507642336,0.008550687308189087,-0.008684848015415914,-0.017972609449914523,-0.01185510678728996
2023-07-04,-0.010303175395952602,0.011169527169676785,0.0048841684345390934,0.0022810328574596195,0.00649060083107611,-0.01592449939343532,0.008585064056988445,0.006691906594359587,-0.00038877800842695986,0.0031784190380612642,0.015590330352854176,-0.0026464929085164846
2023-07-05,-0.0016417977358321734,0.003354383004459338,-0.031766990921503924,0.014078544209159327,0.0022910690087747376,0.0017339129149005483,0.00159847902601018,0.018762713168206435,0.020685233354178933,0.0036353640999604586,-0.003909287017224261,0.0357505337464441
2023-07-06,0.020990654708813006,0.0008886320615146825,0.0010158796913199986,0.0014614229955438596,0.0032170564882469943,0.0034615327619416103,-0.0025236077831489734,-0.0025258700942608625,0.0004535427257692515,0.007204255069288346,-0.0021058884806339773,-0.013300192403654765
2023-07-07,-0.001951639850877207,0.0019110527656482912,-0.008716404351534979,-0.013550158840898607,0.0018564765667148375,0.0009199490828306622,-0.010194252304349893,-0.011605751507202222,-0.021399180580972677,-0.015771951790627292,-0.006522752927163533,-0.0009281015485498312
2023-07-10,0.03852116100442915,-0.01721111308732315,-0.0023789999984644705,0.0021132699074670747,-0.0016845391098390117,0.017175042505284788,-0.0007892080240990973,-0.005444013240151091,-0.015399911162464197,-0.00432772629774314,0.008979348646716678,-0.011568161307789482
2023-07-11,0.010840808468737029,0.00013739238929888486,-0.004859776832767726,-0.0036377014791687534,-0.006834243362269787,0.00734130371423114,0.014633281620107352,0.015670221899982906,0.010521362177053462,0.014679715256227022,0.026076539029339596,0.01682877018502893
2023-07-12,0.001103159985405222,-0.0038197058778877135,-0.009372749946830128,-0.0005821093973188418,0.0011892731308478233,-0.0021863122902952004,-0.011345089797219488,-0.0017965035208328262,-0.004041914913753275,-0.007920757575291648,0.006062066117904941,-0.0064999341191691595
2023-07-13,-0.008942220765861486,0.024739997474300113,0.004990921268371196,0.011965338406821457,-0.006109262161597573,-0.005506052838158526,0.02385064064632214,-0.0006351170735985345,-0.007087605134968422,-0.0019552413485864895,-0.0028737275301137233,-0.01913933618116237
2023-07-14,-0.0008384449485626666,0.052117149413888786,0.00207185791456177,0.00455162948427934,-0.002134477237946575,0.0016383057392057587,0.04457540122510273,0.0019067127618161983,0.008362475855193452,0.009019908206745919,-0.0025102016072593436,-0.004550437863282353
2023-07-17,0.020432742260151127,-0.006529875122308182,0.02091822899490814,0.009009979092869713,0.028576299664074156,-0.009475439262042307,-0.0021039125207495957,-0.001163066860706663,0.0017932359291372713,-0.0013954603526445952,0.004334010732718774,0.00894455177643283
2023-07-18,0.008492033447503822,0.0014749602842063503,-0.000833896756565311,0.006968039684170035,-0.014556663592505625,-0.0030177738361618633,0.03671962164205067,0.00031756256468007393,0.0004101841713437526,0.0023898368136576753,-0.009697410920252891,-0.002466456340556311
2023-07-19,0.00758748394708042,-0.007663903915674619,0.004530526775287758,-0.002050269759064194,0.015362566424625967,-0.005368713710646511,-0.00016954093426690964,0.013439339523047433,-0.004174725770497156,0.007859398311834465,0.01377504936470264,-0.006011007304358218
2023-07-20,-0.001211037942988158,0.0006500659429988787,0.002166115945759106,0.022754094417793302,0.014298745359966336,0.01619293252736309,-0.01725471595213146,0.02777472536447556,0.011846761491451474,-0.0017839737269877975,0.014604400636026194,0.017168706262556288
2023-07-21,-0.030955965321050605,-0.02743042896742398,-0.007698108239440615,0.0014061672559801952,0.0082779760411964,0.0012996567119047953,-0.08133856799746886,-0.0034541505830206765,-0.03671502406588034,0.038779672868776593,-0.00045553096824990646,-0.00025054009062486227
2023-07-24,-0.020226502605910968,0.007852579216421463,0.0015814635552073852,-0.005015073435749473,0.004145763576330674,0.0024266144702849157,0.0037550751100672297,-0.038943901710393414,-0.009120715864981643,0.007346627192798438,0.002962530188951318,-0.00770224302052791
2023-07-25,-0.0006431705396791054,0.0012960939026225304,0.010843659380137982,0.0027218265078485793,-0.01303337402262994,-0.005066677214122128,-0.0014964711409550802,-0.019200155082672365,-0.004689429941172829,-0.017023374903862076,-0.004862067533558667,0.006580920486342512
2023-07-26,0.016252203718226443,-0.003191953013014337,-0.0034775945334116765,0.0017592994304169718,0.009104461217712245,0.006507179406033847,0.01067739416206348,0.021522814141460733,0.005899368660171378,0.033328047851798326,0.01547884189642712,-0.00023059614151754726
2023-07-27,-0.009302483541473006,0.0025380716678966575,-0.01038021555632096,-0.006222153916385698,0.0022757990151929253,0.006464897425416005,0.0031879894130262265,-0.015246230094214663,-0.005206648133596614,0.005271749272453219,0.020638388677634678,-0.0002818815945272446
2023-07-28,0.010049084250100426,-0.012216905785419008,-0.017721124321711468,0.006008689976157777,-0.0008109174279513631,-5.584133409308745e-05,-0.009348643138337498,0.007311024019653445,0.0057396788615984295,-0.004003489204356336,0.00672020305687826,-0.008540493651657322
2023-07-31,0.008465684965677234,0.0196845711023359,0.0046850660426840385,0.0021080437809575248,0.006736453655458385,-0.005809370389667667,0.011338972023422267,-0.005870273379145807,-0.0092082756882782,0.012002074215126113,0.004259844803885082,0.015557924245757526
2023-08-01,-0.0141413410438741,0.008943613937116623,0.006692061040070918,-0.003756548940995863,-0.013463494194831283,0.0019665428787420947,0.0070073760498792215,-0.0019325831270697869,-0.003788030562216549,-0.005482447116789357,4.355433666791697e-05,-0.010589743441203225
2023-08-02,-0.010683527099125012,-0.0033024098700171756,-0.013084549374985155,-0.0076415030800790484,-0.021900751758055503,-0.015196638289027176,-0.00611622117584576,-0.010111895182341124,0.0069969978275712386,-0.00549944929416446,-0.007171232834634167,-0.0064785415497393695
2023-08-03,-0.004203017356581795,-0.011829184805819182,-0.007223341857133692,-0.022240265446288654,-0.01328428360452405,-0.007288341077557159,0.0054908091123797576,-0.00880247325133976,-0.006870509557594162,-0.009171706854272599,0.005064817666232457,-0.0021015785412098476
2023-08-04,0.013591048729741928,0.012823814491798258,0.014459743897026645,0.005699494294067575,-0.029127900460201417,0.02059196445104905,0.010298313964821393,-0.002411923060761434,-0.00207733677847477,0.01108497334137315,-0.001796740427242316,-0.007680536099943347
2023-08-07,0.0056983164711699175,0.011760963191181473,-0.0005749974267090785,0.005306495442880532,-0.009419013569944457,0.001966953817203798,0.01062847830975433,-0.00011003291531508363,0.009112368382343528,0.0034260941057013827,0.019184382349258122,0.0056386145142912625
2023-08-08,-0.006022661760666237,-0.003860425347146146,-0.0008175188838447367,0.004356091717768962,0.009156329869362878,-0.006730915641827262,-0.0020099651581637623,-0.005605574718343775,-0.0013039518634329061,-0.0014037003878870635,-0.010466881620755375,0.0019687955937868207
2023-08-09,0.006597145826327866,-0.002333720936245065,0.0003636218373070932,0.000823193603691097,0.0011342970866545787,-0.0019200103071768115,0.0030211646569484607,0.0139271735428661,-0.005319821358438559,0.007370306275626293,0.0036130127430666903,-0.008325996058755059
2023-08-10,0.004455126124816022,-0.005891694863071506,-0.00887622296391144,-0.008841425453467777,-0.00017421448195231726,-0.010071394253922339,-0.003801021284506767,-0.015044064694315296,-0.006073352955044298,-0.0030548371644112393,-0.002168665128397973,-0.006921584412029058
2023-08-11,0.0042183438471772305,0.0019463829205113026,-0.010422539931054131,-0.011668887569209585,0.0008716735638114592,-0.0002870690402121401,-0.012418105952202274,-0.006640792087935221,-0.013757790146170068,-0.0018913594840004322,-0.015604595610386185,-0.004336181281679563
2023-08-14,0.011817254985412085,0.0003044416640842762,-0.004880192375767534,0.007031497793264396,-0.0232520341446939,-0.004020480544281946,0.015818144206679374,0.0010027107098788957,0.01251093388243718,0.008110514070789554,0.0016779735370491267,-0.003761848213786334
2023-08-16,-0.0008148037399577923,0.0024782704901804564,-0.0029177524450589853,-0.0031785542448309334,0.008113539681222637,-0.011648645265331048,0.017903840910036273,0.00233742020423211,0.007698087395453301,0.011711131580758538,0.008287227744595338,0.010502400886567509
2023-08-17,-0.014426343791720031,-0.006549167548929757,-0.0055408954850960646,-0.0050705489577077545,0.01202795971992865,-0.00029170863009997383,-0.0048994406733600115,-0.020544104086126502,-0.0036630025503415764,-0.014325248371402255,0.0010056991078575273,-0.004697801851425654
2023-08-18,0.0074074645788466675,-0.0199810435673643,-0.004100749787539937,-0.0010508055441775799,0.001398289162684474,-0.0005252872676174691,-0.01611697997238215,0.0014739833038315275,0.0045217820424836574,-0.003977409817392141,-0.008647729999638365,0.008613120365651872
2023-08-21,-0.010911472024133229,0.010260993452790856,-0.0007857005701858988,0.004786145231221006,-0.002181790122970817,0.018335727314231498,0.011952788239995238,0.013925035302039035,0.0031314234749220127,0.007683688003178091,0.0022027593017091007,-0.0018242055116146627
2023-08-22,-0.00023806423577066305,-0.005732600230740181,-0.0042781526683173254,-0.0033500154071498534,-0.0055972212405601685,0.006537102333820988,-0.0011741243164506976,0.014403736701636749,0.0011901454224381158,0.006216546522552768,0.00013190374379434822,0.005625716023486049
2023-08-23,0.0011114598146422239,0.004760519995260948,0.0024641376231173684,0.01559870871707969,0.014775732891859183,-0.010824338875195294,0.0029920021151050857,-0.008365292446331662,0.003215243957227054,0.014484187017686834,-0.012175447658212324,0.011488882925069
2023-08-24,-0.016810815772554277,-0.003089939359851357,-0.004601026733956459,0.00217196757758642,8.6575753560858e-05,0.0014974021401070736,0.011115301129027255,0.0009989264066858627,0.0027971803281652274,-0.010836819828849986,-0.004805424245272527,-0.002838365187193048
2023-08-25,-0.004617271164842673,-0.0019040012409767826,-0.011270786983861525,0.001496447824892,-0.012132736954358903,0.004658041944433089,-0.002458475292907658,-0.016744415702629634,-0.006857095596521701,-0.018507175015906152,-0.010730508454613652,-0.007102759840028949
2023-08-28,-0.009966174806111505,-0.001700409354580379,0.01040666211866248,0.0001545914199698739,0.005088165737678896,-0.0036061479495642645,-0.003133484710136636,-0.004398190490846665,-0.0030622995577036516,0.021585134684674268,0.009671750331914364,0.009678384228963388
2023-08-29,-0.009575413560518165,0.00017758306590742734,0.007954387433224852,-0.0028848952141111717,0.0034912262030628582,-0.017406789867048356,0.0014126237609686232,-0.0029453753571470065,-0.011562231627710973,0.00875570381465085,-0.004834360163201157,0.0024536328615243352
2023-08-30,-0.0009503221131553774,0.004383967969004754,-0.007294316320476613,-0.009144963850798549,-0.012959805432512739,0.002981751309732772,0.012344346931953076,0.006135078360533397,0.002295890570734427,-0.0036594872733296535,0.002968783201751757,0.018204685577493773
2023-08-31,-0.004569849924133895,-0.010070971283683727,-0.004592315234593358,-0.00015638017409935756,-0.010662760084944933,-0.0015738598119185987,0.00020905191031928005,-0.007000881292699712,-0.010624079702544531,-0.002325527573808439,-0.002959995616488187,0.021170825795354675
2023-09-01,0.0023473568753371588,0.006672863330059453,0.002068121536719758,0.010378037892464276,0.014607695229925444,0.011151319272518334,0.005851949646592969,0.003070208065825586,-9.987261083410637e-05,-0.000222043675888961,-0.0023390960242476444,0.032732652518145944
2023-09-04,-0.0008082370539206352,0.011630066440877274,0.006255192420939526,-0.0013936352458748802,0.0105345901986591,-0.0007506032434425602,0.014717562875967038,-0.008048876238290203,-0.0013575983355929022,0.0033307451874129423,-9.003694795106654e-05,0.0030199018928869226
2023-09-05,0.005351265864950383,0.0031739636725367504,-0.006089994829196588,0.0010854871755041628,-0.00443053544557126,0.0006933738474941276,0.009419073201954564,0.012800029775637656,0.00225888598132995,0.00805945690242238,0.020741245013161214,-0.009683949983206874
2023-09-06,0.0021041352747233066,0.00016034784469609598,0.01308012136922776,-0.011255636991688855,-0.004362974952371368,0.016630165643791273,-0.000980314860257736,0.009817079868675416,0.006561592662496452,-0.0009147732997412117,0.00923235792561794,-0.008112338355172999
2023-09-07,0.0013588799093822157,0.007390827106045661,0.009620867137301481,0.00851169228204074,0.014986801867834743,-0.005679919146916568,-0.007614635473597531,-0.003463825026499334,-0.006360272895650998,0.04246555299948662,-0.008141167597979448,0.01001089436852709
2023-09-08,0.006661128933544758,-0.0038635326471221365,0.007790939072330305,0.005074265371394215,0.0075987266860158,0.012052977572092782,0.002318958778357194,-0.0072887672388917135,0.002532563593424353,0.019393013496714184,-0.0022948140833032316,0.004985057358850575
2023-09-11,0.010783541945472264,0.01125820614989359,0.00517435481352968,0.007933606866717069,0.014140096249635414,0.005587881352616897,0.004661151658346352,0.010278859463781043,0.008930618549769065,-0.002550412764284804,0.005705844729117837,0.019536321525928102
2023-09-12,-0.014446859554394731,0.02877327193918977,0.0031253811023543854,0.012522399111511318,-0.005661804780735857,-0.00044897000708699064,0.016695550864208597,0.008832830293202809,-0.014746058391758021,0.017241389768018145,0.007344620550373104,-0.002871624575144338
2023-09-13,0.00500238133857267,-0.0036163921067550175,0.004276387214872557,-0.000706744757646538,0.013767441656675983,0.02779642092804968,-0.0018320573022044817,0.00520888128562591,0.0030812881482782384,-0.012686466854416212,0.0030559274148234117,-0.002875199331247358
2023-09-14,0.000917955115361746,-0.0021861788692347783,-0.0006083775567076177,-0.002121544187365876,0.0014250593702704872,-0.000218511984742098,0.005739537833461261,-0.007828065728469502,-0.0022939426591669365,0.00407684772550132,-0.0043088339449499635,0.001408495369080276
2023-09-15,0.0018546716928957707,0.010744105522217717,0.011473637064266073,0.004809100656754328,0.0025112637326474285,0.023170688857706567,0.0030858283575312395,-0.0035558351696838297,-0.012436151953982955,-0.003443525697383598,0.005245640084669878,0.003537253436565413
2023-09-18,-0.008706901786155852,0.0021815986604323268,-0.019678066002453365,-0.0022670990077297004,0.00860053315298237,-0.01703787722692529,-0.013098635794368985,0.008252385802822726,0.007673010051098883,0.003885067730666547,-0.00186993989790607,-0.00029930219557761095
2023-09-20,-0.022286460966342903,-2.770454888634255e-05,-0.04011553185526873,-0.003080167302224157,-0.0047189174671227185,-0.010323890044765305,-0.001039115274248048,0.0019910178863640215,-0.008759782537803962,-0.010223090073868124,0.004792254394776263,-0.016665027823350775
2023-09-21,-0.0072833557185788544,-0.005754089690948261,-0.006618781964758735,-0.028212553075624758,-0.021543750615136026,0.007960882744846964,0.007716881529193698,-0.012032338986195934,0.0026351177557442096,0.003235240597752931,-0.006070202530813917,-0.0060357170406358795
2023-09-22,-0.004165271799526971,0.005118017411479103,-0.015257372236762823,-0.009381897878916079,0.01700235901595204,-0.007135377817501065,-0.0037290032484035285,-0.009832261640252082,0.0036791137356924075,0.006605047351900373,-0.012040312698780253,0.02439164264266669
2023-09-25,-0.0061573156642803495,-0.007353710673873359,0.0008825077855956209,0.006366454741162153,-0.006854546459484578,-0.0010971927693504968,-0.01470450151656455,-0.0011285521610550076,-0.002658641877107737,-0.005482281552334434,-0.007329931671348988,0.00503549369123113
2023-09-26,0.0008759266801756649,0.002390300962425096,0.0043436155995120185,-0.00799907478563211,0.0005892939223857141,0.0025263083408169074,-0.009157818893033798,-0.00033890800451064074,0.001252170289313348,0.0034625404531862802,0.0016013091698470205,-0.0029796953537873927
2023-09-27,0.011270125544390774,0.0010038734920700954,-0.007023745111932045,-0.005902940616356767,-0.0078230618015811,0.008272119975092362,0.004347528535622258,0.01514304974524272,0.009197337229338576,0.018025396534012028,0.012524035831410707,0.01175552414867731
2023-09-28,-0.014690325779737057,-0.014640705211056426,-0.0020631559506268937,-0.0005301328662079552,0.0003390853263474103,0.0058680122848950855,-0.018779905247116147,-0.018702076048861094,-0.016548448703032292,0.015159905112729577,-0.006711051948342095,-0.010804588472957177
2023-09-29,0.004669850049054958,-0.0023043851325202924,0.001706563882943657,0.00986635185167728,0.0145774744510494,0.0008102434047554397,-0.00277890774346945,0.008281349370626412,0.0021339589192423958,0.004501799745103785,0.023271323737946714,0.004283020582618757
2023-10-03,-0.011449981929621433,-0.004179987766778082,-0.011957084260876827,-0.012186143196021848,0.007351170163088838,-0.0011874580510183863,-0.0010099882746016364,-0.010463433784281717,0.0013384054651557342,0.01643751628780543,-0.014844824188934957,-0.02485245614898768
2023-10-04,-0.0017254313098632457,0.0068016399247039505,0.014256853812828485,-0.010900816455165274,-0.02769713951990993,-0.0011347563649978243,0.0072175122357398536,-0.008300180286493708,0.015776220578576527,-0.014805202816933094,-0.015462710934573964,-0.020977383000535088
2023-10-05,-2.1567799659449882e-05,0.014585491884730128,0.004053433341304036,0.011612268950905724,0.010064000668368323,0.004977038727048688,0.013223961224305025,-0.00011478898759453848,0.004665377742142374,0.022558018876676078,-0.004182367707464385,0.007927135333890556
2023-10-06,0.001685207544365408,0.008929037819612073,-0.001106950420076691,0.0046235579640281355,0.003546346289260427,-0.0030144516238199692,0.010420540388292654,0.013989230937194064,-0.007997579922713882,-0.0007589710458620891,0.007327381157880897,0.00900076602473776
2023-10-09,-0.0085201614472048,0.004680621057262302,-0.011603324946866111,-0.006982642704670194,-0.01539760425077119,-0.0016197868440095409,-0.0021979080945574436,-0.0038446789275361493,0.004761291703570203,-0.0061416347797215165,-0.0037700148508318376,-0.005557113255417967
2023-10-10,0.004416294037153712,-0.0025974490625243485,0.005671850581768556,0.013424236354965702,0.01119481525090782,0.02574221105667296,0.013351997866182908,0.008967951789489836,0.0019511082609848795,0.0004229018866808154,0.0030719922723807525,0.012708900513684673
2023-10-11,0.01587683523392247,-0.005235662378272776,0.009673184123076162,0.0019974421481010474,-0.005577757028647046,0.00764483152823936,-0.000501746420356497,0.008663352276591096,0.015976396455565034,0.00412874523712925,0.001997255110477658,0.003575928381319482
2023-10-12,0.0018548348349867183,-0.018656955068946823,0.0066576355842311585,0.001206604365370234,-0.0039091437356267855,-0.005493878530689944,-0.019338831161928027,0.0054658569935042145,0.0002347582783381874,-0.002250178908465905,0.0014618380151454335,0.016211909754772158
2023-10-13,-4.238323786065479e-05,0.007988631522121592,-0.00909772659243524,-0.0030915122232638703,-0.016892836638028874,0.004051100509956607,-0.023438986378263138,-0.005214160574026239,0.004868928584027321,0.0025472306129890043,0.013181170770628192,0.013859858555400617
2023-10-16,-0.002234732526769645,-0.013106202560918101,-0.0040045290749846085,0.00010521786575679037,-0.0008677795079428119,-0.008017167494721367,0.002095986545783912,0.0013382461568838266,-0.0043393779842654245,0.003981187573772749,-0.008731466443874791,-0.0021486757526134603
2023-10-17,0.004777994745344127,-0.004823905190972866,0.00758361407287933,0.002627671241649976,0.0013896755158608887,0.007501004510149567,0.005787459459762889,0.010023273971204283,-0.0008405418383236052,-0.011476846533144625,0.0013213669645661952,0.004325221451112693
2023-10-18,-0.013268251149556654,-0.005645851795092027,-0.013917775630802653,-0.010640469750175519,-0.006591937987061369,-0.0008389586451280628,-0.001317170828684655,-0.00396958470764297,-0.0030903765266468985,-0.006750779195574319,0.014602366803182498,0.00350213888013573
2023-10-19,-0.007680679691565051,-0.006497519928249651,-0.0031583486863590027,-0.008476879472152032,-0.002532256418168788,-0.01038986885024229,-0.004789797165726251,-0.0027674587595036826,-5.902940445312588e-05,0.0028892935899906824,-0.010317389193506554,-0.0015526393049012377
2023-10-20,-0.0030570735150484696,0.011256833017549095,0.005181743486657009,-0.00320591481053889,-0.014180689927509649,0.002386134421697106,-0.004464127778614935,-0.026865074306165915,-0.020780084128967147,-0.013766977186405405,0.0006129736342215253,-0.004274972894244389
2023-10-23,-0.015614886044486465,-0.02415195944832782,-0.010999470993331206,-0.0030019403725936034,-0.01802504886087808,-0.006242062583062147,-0.013032206728343043,-0.005475726003768888,-0.0046691323696334,-0.017942784091514508,-0.017291015959619904,-0.016036377247854894
2023-10-25,-0.002319640753185026,-0.005879351550956313,-0.006341144642971974,-0.0148933110101509,0.005877459246243832,-0.017779209079487712,-0.014813103091440127,-0.007341220595579623,-0.0024963143797157583,-0.014264888278833432,-0.001915392169254515,0.0033352486082467436
2023-10-26,-0.013928537075740377,-0.015736950461499033,-0.02211815453940158,-0.008132207665582425,-0.016540762368609796,-0.018534526089850734,-0.007737002815652927,0.003813365150542536,-0.00036358973765093783,-0.017660576278005102,-0.014817546902898271,-0.015553974356439682
2023-10-27,0.017651053253678883,0.004255588642657626,0.003929144551453545,0.004512149715961256,0.025868364047823222,0.01004960022024548,0.015373865656111319,-0.001381380648867503,0.002281690099685818,0.013020951883365273,0.006886237345093971,0.013099284392018129
2023-10-30,0.020610826539901428,0.008236333640833537,0.010856552893252713,0.01331142657441009,0.007217387329674585,0.012737913443115367,-0.0023906375906841415,-0.007608021287410338,-0.0012691396632593666,0.008425543528186807,0.0035092519567050395,-0.015434562811598274
2023-10-31,-0.010637840928906295,-0.002900669677275536,-0.005790817563794626,-0.0103255157076243,0.000619031601511999,-0.012793525499401381,-0.006281515917242686,-0.004762589131804829,0.0020575179164832313,0.0009227031508765027,-0.023852219095948146,-0.0005194113286650648
2023-11-01,0.0041523504048512905,-0.011309620437651713,-0.0013546199802690895,-0.0014201864121101693,0.0015031486811296624,-0.0010389716483415468,-0.010413692042873679,-0.000700117325256322,-0.004730253206202684,-0.01152251479527544,0.025353558749001914,-0.015833717493288546
2023-11-02,0.009924151626194977,0.008842075171314967,0.0015260902994831405,0.006454817713270389,0.010063410465855904,0.011385416121399539,0.011815578028066431,0.007124507296877081,0.013262536799143687,0.007874727093478695,0.0149168153201098,0.007416010205796741
2023-11-03,-0.00021554159244552284,-0.0027381007941986724,0.004740064752454476,0.015055135475954717,0.010575276142348766,0.007468722161025898,0.013794068224859624,0.004870551150558899,0.009027679905145414,-0.002347354696948134,0.007282404301830692,-0.0026494930856669763
2023-11-06,0.008320058796743801,0.008758824618849914,0.007245215022000817,0.012475944284396911,-0.006572776965663274,0.009078757888029365,0.01025897525635755,0.004847190050274008,-0.0047224887295763684,0.02205230652051382,0.007799520552093986,0.000831904548208362
2023-11-07,-0.0064984673137140625,-0.002899052648933198,-0.0048511303509046755,0.002802812830674961,0.009401906098980284,-0.002182678267405036,0.0007123904877792686,-0.006087192290008314,-0.0003804341572546388,-0.004755510076349556,0.01821729267317096,-0.003067581320703061
2023-11-08,0.005206983744271199,0.003293180056900491,0.002891265694631162,-0.013025991873122922,0.0009486522779216244,-0.00042689834015186,-0.009470868907063279,0.009822065144700298,0.009173052215369237,0.011869661612047055,0.004910723707193698,0.006729552519162629
2023-11-09,-0.010852309749265876,-0.010084202243391682,-0.003955674496732953,0.0017098568877329523,-0.003360337006552583,-0.004697084478748836,-0.01164626283597714,-0.005835853222782905,-0.016928932660879803,0.009478008998785814,-0.00042513666363452884,0.007561225076808675
2023-11-10,0.001882637219176475,-0.004182289865153788,0.003937574762176821,0.001333595576429758,0.0019884789679209813,0.0033785273398243554,-0.004327783886946768,0.004949432275818122,0.00397702751224549,0.0027770433624509927,0.0026782843324153482,-0.0011104597274239625
2023-11-13,-0.0001295783505529391,-0.0005697421630198596,-0.0018101617444221674,-0.004421491335208638,0.003192378682437047,-0.0005344971737432092,0.0034334781391924807,-0.0012599113159256214,-0.0033782779821299735,0.005027595555112674,-0.0013142390719574903,0.0009241351769793127
2023-11-15,0.018080870998923526,0.02183655541313012,0.010478211394798098,0.007116395398681474,0.005762383093107504,0.016042820174436256,0.02690100032625109,0.01364679546205494,0.0033291615710289157,0.0053959940128602835,0.002632043642953663,0.00554404719801016
2023-11-16,0.0018035002584666504,0.027479959823514033,0.002625607623007342,-0.005419152569323016,-8.542083483598084e-05,-0.00047369854935175315,0.024388580972181106,-0.00746694125952041,0.0019306053209748875,-0.0045025020764383195,0.007325051691656981,0.0027209807851666934
2023-11-17,-0.002181551378920954,0.0013151354454321584,-0.002154723407434611,-0.015117524941396399,-0.03694518699556759,-0.002369549233252388,-0.005086836601314371,0.0013678392589482335,0.01509302481746655,0.018960153357287846,0.0042450911651676915,0.0037198206153705726
2023-11-20,-0.002632018677136805,0.004896581408917244,6.649056126240005e-05,-0.0004338418346901962,0.0012432486630098438,0.014884484311518342,-0.0006610476084202288,-0.005577687243673024,-0.008838172333047623,-0.006497300783670501,-0.005524818367422135,0.004062292372387422
2023-11-21,0.01257788610447208,-0.0026707934699228275,0.008470588394721368,0.005046372586186898,-0.003991243362503116,0.009829321342380348,0.0016707702887250875,-0.001259108882354254,-0.0004786624639365744,-0.004516287693680288,0.011279439148226711,-0.0029433073287209455
2023-11-22,0.00390938015463238,0.00568353753690487,-0.0035573240041306686,-0.003617333532742628,-0.004541283013739905,-0.001132961691087342,0.013064581797789687,0.007908262975904856,0.006645902403593862,0.0024228604760394568,0.002247474214866596,-0.0038538355025568016
2023-11-23,0.0030566422375315483,-0.0062038680163916116,0.005784842625056852,0.00027091209512675185,0.0017890807846590029,0.0071152141249390954,-0.005864878541268492,0.0014782603070693234,-0.0007931546965013192,-0.0118904868457258,-0.004401734649325473,-0.0005764756135758775
2023-11-24,-0.0006679695993379031,-0.014579866578088296,0.007099148581502623,0.00693397282720376,0.0007143772947946214,-0.003583644771420591,-0.008176734457577939,-0.005790874215878872,-0.0018650265321075166,0.0028237031986819705,-0.002794481897552159,0.002588679571905006
2023-11-28,0.00020890582888544174,0.0037748402968529327,-0.002251793105296107,-0.00419635266055407,0.0073169388053424544,0.012074113446450152,0.0036871950721653057,-0.005824441344218778,-0.0018487214769451477,-0.0013914954967915172,-0.003429596164107318,0.0020824799102614477
2023-11-29,0.0026312096258229722,0.012564223235760119,0.019952270535462002,0.015235029028405123,0.007352161262990542,0.01066100699405892,0.011714067743123557,0.004480121757106881,0.005775652773241324,0.011065499230556552,0.009107324280866802,0.005855273576253817
2023-11-30,-0.009684649125605738,-0.0074420281585281245,-0.00022444510546959506,-0.004948826923152461,-0.006770897619118088,0.019389140859755294,-0.003048662343016706,-0.003202264241041086,0.008118575216367052,0.008252921637377453,0.01967216330564625,0.0008915428486564458
2023-12-01,0.007087507058043396,0.006895739748695062,-0.00218108207154466,0.012567454813220857,0.012394718439724173,0.0,-0.0019586106499408507,0.032124864144911225,0.007110473648561433,0.02619643755034029,0.004405295359448669,-0.002168003991434575
2023-12-04,0.010817323940885748,0.00022785016785986656,0.03471770747170577,0.047005378241596674,0.04013994928867182,0.017936413258360817,0.008297106611179883,0.009448659815522786,0.015076224813785233,0.03851893957376329,-8.119909774251255e-05,0.0012989508466616506
2023-12-05,0.007251440757797489,0.005452022491104547,0.008885224007927572,0.02244756583831231,0.022784495450643316,-0.0017426583320643285,-0.007102079731953315,-0.0050655179261280825,-0.015006018261440213,0.0005733009328117156,0.006822806429982897,0.01155252098466475
2023-12-06,0.009578608332192262,0.02052888058418323,0.002525183527656738,-0.010064683281426956,0.0003288779762053995,-0.0064495437372333875,0.013996547827961336,0.02545654019131649,0.0017165709101238935,0.023179401795585974,0.0006453443621068367,-0.008967764615656848
2023-12-07,-0.0016456922559496823,0.002996592604540549,0.001627813470197692,-0.0042362130240977125,0.005341556816334192,-0.0238663537044832,-0.005697800916233953,-0.01111705483352543,-0.01923933403381395,-0.010818531120224573,-0.0008463860408297608,0.006672595463078412
2023-12-08,-0.0005291549068306978,0.0032643361410418237,0.013953222527916864,0.01186183580729927,0.004005189383635255,0.0002499170442107346,0.017224970659175387,-0.01953725363644465,0.0016082725013726318,0.006809393845567779,-0.0028243177779078144,-0.007301403270637996
2023-12-11,0.0014660582020378232,0.004466804741451558,-0.001330670244937826,0.006182956522255756,0.00016275430228573917,0.0005998891191891786,-0.0017770987798646498,0.00734708584698085,-0.007394108882167072,0.002175590144322115,0.004531423210180741,-0.0072326455652026445
2023-12-12,-0.014353491100136284,0.008015611742247852,-0.009933327645070933,-0.0013764612638004214,-0.003011776101211505,-0.005595253554943613,-0.008364163480867437,0.0014366818033086926,-0.0003593983382822463,-0.01281825658674407,-0.018849684422237667,-0.019289957629574306
2023-12-13,0.004084051943815892,-0.021390973860674123,-0.002263609068225092,-0.0017721752411726799,0.01216515950933994,0.0046722295763428345,-0.01832601970112857,0.005628000645002684,0.003655863138820159,0.017173324481789987,0.012397434290539522,0.004028618749967849
2023-12-14,0.01240778923904351,0.020508926846272812,0.011803272076290616,0.019479236581555037,0.006130598752545513,0.005300488558978245,0.0361973940911291,0.009766259132532484,0.001771682477319736,0.009794730086165826,-0.0014597980270244504,-0.002586540660882708
2023-12-15,0.012763098206618473,0.05283252699271723,0.0038784834058342987,0.003627932367845643,0.03944523944747158,-0.012584512282584726,0.05125061436528289,-0.004129503836713955,0.002602912839738236,0.015991330103841905,0.0036139777829100606,-0.006452206841971786
2023-12-18,0.010177841437828183,-0.00046615514379400036,-0.0005131528114894479,-0.015374977069688933,0.0003856314075556533,-0.0023172776211859425,-0.00890155145425553,-0.01429523397018928,0.004994303875866191,0.0010320964377106279,0.013757034512672517,0.0032274852668809917
2023-12-19,0.014716492003557846,-0.011142198768297473,-0.0016910860217107526,-0.00587399733694971,0.010639979878177996,-0.001817714550025662,-0.0038673231767835103,0.009852912038721184,0.00993886832479407,0.002105015327582782,-0.006226434459572827,-0.008333685251626144
2023-12-20,-0.012098856702907224,-0.009472943477924267,0.002480419456206695,-0.008666100746901995,-0.02891372020656502,-0.01709752140811871,-0.014053922089906634,-0.011181807778857689,-0.0012496583278626128,-0.022992568867222563,-0.010281429172964596,-0.014887175584996637
2023-12-21,0.014007907416855092,0.0019709863292507457,0.017924004915019998,-0.002235118758162402,0.011469939228784032,0.006536024019130338,-0.00026028743181572,0.0009977871623885193,-0.0016813043848145082,0.0016527956785812314,0.0010956417241381189,-0.006784899487925378
2023-12-22,0.000975592165063377,0.009636845884881451,-0.00939702267759479,-0.010055776426909135,-0.010873859070205438,0.011913188123096052,0.017512961920270964,0.008306604796275652,0.008773304088986356,0.015711903467846344,0.008228658572550618,0.020403884104884806
2023-12-26,0.00506817335668952,-0.007439688154876278,0.006942588368036295,0.0008045224897601511,0.002041621261038129,0.010408827057212688,-0.012124821125452767,0.002746031812979277,0.0035524582052459674,0.003479032965980622,0.003095651089832341,0.005236350439972837
2023-12-27,0.0034134030243240243,0.004123096873842602,0.012392646004578456,0.007185280002051986,0.016456451178747056,0.02135318796399921,0.014994019242407619,0.0014240136590655261,0.009111121214064433,0.01545819795098824,0.003967854147071348,0.0017378278797803848
2023-12-28,0.007228914051542468,-0.0029649106327974684,0.0011448336574508833,0.003641786979211803,0.004394403011362957,0.01517809512746049,-0.002839614284458447,0.015313952119068164,0.009776557745108994,-0.007322164925474217,0.007744795822115069,-0.0016426627453539622
2023-12-29,-0.007906275927161754,-0.0017104012545942071,0.0023456606362246557,-0.0092455367843155,-0.014353800951472095,-0.004340586685849135,-0.0126388438440449,-0.00430948629366712,0.011447375534997528,0.0022597714209948716,-0.0021390998288660645,0.0029937382632241327
2024-01-01,0.002050317565037041,0.004665885169165884,-0.006523332163595685,0.002809675729775085,-0.0010902752307575536,-0.018552594999769023,0.005476748501668238,0.01287600769207442,-0.003453421999673467,-0.00015604428727478137,0.0006352471956196926,-0.0018490281733786196
2024-01-02,0.008281024461512132,-0.0073207455167846325,0.0005888843352037654,-0.017160295714217066,-0.0029622900873815805,0.008538658505436558,-0.010925939192315548,0.004914001741181062,-0.015425216217164417,-0.024776857054996104,0.02852597166553661,-0.008319352906811295
2024-01-03,-0.010874019967349269,-0.024172708060622328,-0.01541992926592517,0.001832461950079134,0.006255316318426907,0.013213241836802725,-0.02893646622873214,0.014669917224757967,-0.002773849678903706,0.0006543587029415043,0.0018515163620935748,-0.011777036909830563
2024-01-04,0.00516761314101033,-0.00675835759868737,0.010729871622110254,0.0031502754631531626,-0.0010880030511759564,0.012268181981079707,0.01523492611857824,-0.0017809955770490271,-0.005371084714010044,0.005333789357307328,0.011050411677268501,-0.006186998972928182
2024-01-05,0.004255531729745909,0.019390252343291836,-0.005115721031214604,0.006635209609466175,-0.001244600181842137,-0.0012406072367260323,0.013122209944325558,-0.005142660717382896,0.010607293034770926,0.018272664329955557,-0.009711005809769135,0.00016973199227976465
2024-01-08,-0.00780367992130282,-0.01594462290215304,-0.011146172198728266,-0.011774135832672061,-0.023288459644550286,0.002340950984392798,-0.006361902674341446,-0.017828863346104673,-0.01595374848555242,-0.005905825369713957,0.003922609456655124,-0.007018116041412448
2024-01-09,-0.0026475651835438097,0.0031535256931469746,-0.0077849964255890525,-0.0022912243927039055,-0.0025517281004509007,0.01472753794937054,0.004268510732428288,-0.002040876181345852,0.000581665543805121,0.015666485516861783,0.01432609463835055,0.007781481847998428
2024-01-10,0.026971545945415842,0.006273902537667464,0.003302071110967697,0.013574911128169331,-0.005836401657126733,-0.0016909859217945078,-0.006146667361910052,-0.002690838986284083,-0.000911028064338848,-0.002938671203532861,0.0006420793631694011,-0.0013865844689486817
2024-01-11,0.026300947772074146,0.006059802833002115,-0.0041970136743026965,-0.0019133271374258687,-0.002492840468886204,0.00014117383983891507,-0.016909133344384264,-0.0014029593678962504,-0.015985004103862277,-0.01146530640508836,-0.006491378583080687,8.988614923821636e-05
2024-01-12,0.007960075435434977,0.03941851262710894,-0.0047302051332679396,0.012460214874863595,0.021605891113898545,0.012701611595611118,0.07934026681947803,0.008753880042518425,0.0030754168074969,0.018246145079335196,0.007369397544340961,-0.004539847904991401
2024-01-15,0.017071106552575044,0.005408400831409699,0.019254341307271883,0.006327862775802551,0.010258856604355104,0.024202311740260773,0.024399214626896537,0.0019285947616818344,0.011477988578994403,-0.007215276634910617,0.0025643512042923255,0.012166757627918967
2024-01-16,-0.013987131296874233,-0.010886792902174869,0.003795940875719328,-0.0007921342377305018,-0.004999212171522105,-0.005896202684482765,-0.012438575234073213,0.010051192323097924,-0.001593272181621308,0.00859422063789328,-0.011960928984514285,0.009581602620522656
2024-01-17,-0.009493519580024645,0.006034223244327563,-0.08435816933540463,-0.027055157142308883,-0.01711412991839989,-0.009718085958050238,0.005301520691023631,-0.012068579395091872,-0.0024133464801543436,-0.0007135679456969912,-0.011001305934121075,-0.012947326048010188
2024-01-18,0.004682012239050959,0.004633781475987808,-0.03339832046152602,0.004685442591762845,0.0036740327481832313,0.0016587697155745484,0.0014632947544368502,-0.0023573885821867036,-0.005813752102082903,0.007014996680677399,0.028290831661512472,-0.012654663773882247
2024-01-19,-0.00036549294992371806,0.01740369959281174,-0.01042964288698256,0.013027866497856477,-0.000875348039057311,0.03491079983258749,0.010105923575354225,0.012889269960389305,0.006828936436223065,0.013904293393513179,-0.00011231692153967909,0.011406316995316024
2024-01-23,-0.02842879948539434,-0.02150614252151717,-0.02944272161878536,0.02987398249937101,-0.03608127562500185,0.02933340522893446,-0.010275856937474792,-0.025874958074642795,-0.0740040201443275,-0.02605598593043612,0.031970714675084055,-0.017658455793549077
2024-01-24,0.01151617895516277,-0.004263683429155285,0.02000212927332834,-0.02900741547705754,0.021814574994251323,0.0275905877453142,0.020247792721739044,0.009362141279507297,0.02782516260911616,0.01075756795700289,0.0027570059605135366,0.01295573692165064
2024-01-25,0.006845748689584319,-0.008199323438935702,-0.014424104954546602,0.01075867571620881,-0.008976249560146199,-0.024706897091073876,-0.003760416215346063,-0.017148327569292743,-0.0054677585300468845,0.0011841009762072474,-0.009984718554843841,-0.010732708481290265
2024-01-29,0.07019202245224365,-0.0024407015974400315,0.013763988567043084,0.006386371314388795,0.016646338122189297,0.001378674435740912,-0.00748898496615924,-0.012838858479950477,0.006630074412280695,0.03187736315913292,0.023788481880056667,0.01117305916836231
2024-01-30,-0.027916800826681687,-0.00011830973292636937,-0.007115055564845263,0.0004919626608157479,0.006099987068408197,-0.0030116307724495917,-0.0031088726730331695,-0.026122732825149098,0.005829823239037246,-0.02014555273273544,-0.020773036968557368,-0.0039784487847372985
2024-01-31,0.013497792627487293,0.004051907190075976,0.012635858315975579,0.011063009465116957,0.021938540375563864,0.01039995846160835,0.005722347514822923,0.007989964313283693,0.009314080914258227,-0.04226187579699714,0.03404402644322646,0.023639272104720277
2024-02-01,1.757932671186957e-05,0.010010672210190474,0.0025980566787080495,-0.002917798803917848,0.011163274881268226,-0.016656742252801227,-0.002318121085738145,0.0030574250958630422,-0.0032036300017752595,-0.023493036668601475,-0.007402291922133819,0.0442775167268028
2024-02-02,0.021764296027886765,0.02909858000218213,-0.013775593195995861,-0.0011218622914037635,0.003088108305293824,-0.00034741358155199187,0.021906486227267985,-0.006322104124948935,-0.008489702574128288,-0.0064596983078006875,0.006179074485939129,0.001645090075966582
2024-02-05,-0.012811219482966152,0.0017647663983875184,-0.0008990832594822917,-0.00048825028618726396,-0.010313324111616118,-0.0323687213884557,-0.003631847330367699,-0.004657919072352024,-0.013495961087175545,-0.010159798077235216,0.03328281694605639,-0.02129437343192453
2024-02-06,-0.007800462687801102,0.04094840379462483,-0.0005189005625584331,0.0028334428032312786,0.011353881707854452,0.018409559977953016,0.0250413966265135,-0.015180956544246116,0.002831283138918339,0.024687656749468934,0.007719525864580801,0.03991930572737079
2024-02-07,0.01005047344215071,-0.012717670687110383,-0.009798637799016019,-0.004140727818990109,0.03844671398347321,0.00022037568860500123,-0.020642373816693427,0.0009272453971302941,-0.0003709539660721184,-0.008629613786114154,0.014304057181532936,0.008377288413538242
2024-02-08,0.005529874015297365,0.012416098312623358,-0.018811770056097576,-0.03213815806787679,0.03598671589209279,0.0069206365973535355,-0.0009742233194823813,-0.025297487698681898,-0.003463380777982805,-0.01743894029089399,0.002272558259562185,-0.017538952748670233
2024-02-09,0.007326965683905007,-9.664795251695946e-05,0.000391888017976072,0.021631564589647212,0.03673797615147678,-0.019174432655913454,-0.01344474175519772,0.002291641834492708,0.002937438982486107,-0.0032828133596962683,0.029307215035375922,-0.001028580774925958
2024-02-12,-0.005750482688546277,-0.0031448920438787997,-0.00968927543013598,-0.014445543791476334,-0.02392277193428005,-0.0013835187628125079,0.006439649482471443,-0.020818413662652357,-0.015881778846443928,-0.0075199035304019946,-0.00022811883634199503,-0.0021568047706270743
2024-02-13,0.00877883789938716,0.006989199785395472,0.0032014075701101152,0.023792803117466788,0.007840110862566974,-0.0007599392900040636,0.002648627761835387,-0.0002457410620834155,0.0035002962980490437,0.00665243914534841,0.005050648328024376,0.007917922157692603
2024-02-14,0.011108443676987934,-0.011905084634793894,-0.00745796739601956,0.0028437230719080553,0.04197911030456547,-0.0017891159589771277,-0.010893091317759063,0.0118008810109973,-0.0025273786853944324,-0.0037633291495074994,-0.014135435058806767,0.021626869188266173
2024-02-15,-0.007273645854000144,0.0007560416032534878,0.021675454822285056,-0.005915692768368563,0.02461660815477007,0.004346525593192263,0.006091609139130982,-0.018588200116523512,-0.015536206271514641,-0.0026292151794204965,-0.006906165957670907,0.005649290064943191
2024-02-16,-0.006816925896236836,0.0061170862790689284,0.004137042787938361,0.006491903811203681,-0.009190031152647937,-0.0006246036814152589,0.015092406796300528,0.001733097895364244,0.010379224394206021,0.02619451798311867,3.304321664487908e-05,0.026162650084685213
2024-02-19,0.009191657235465334,-0.005934655170352854,-0.001972010983429584,0.020034278379224668,0.006028810989290756,0.019821431868653816,-0.001116591661557531,0.011492797397467891,0.0050098638547164676,-0.01384792107542454,0.013344805559073247,0.009046178597998056
2024-02-20,-0.0020183338909782744,-0.017824855250670457,0.026250764107825786,0.00479035455959953,0.0011195801582895015,0.0015319518005234567,-0.008530620426044688,-0.007697030451064957,0.00710066599913417,0.005059983875750351,0.005620548534364778,-0.0032133455289070634
2024-02-21,-0.0022603421318484473,-0.009713144128680629,-0.010417344205750023,0.0030511294129829114,0.014998144881058773,-0.0035401984316719703,-0.01762344420420381,-0.006771696021490636,0.0012478148299142067,-0.017978714876269897,0.0030545731983371294,0.0016949002021553472
2024-02-22,0.009572788452789194,0.023950940777889507,-0.013619080318770682,0.010219183162325729,-0.007258618664694794,-0.0038160015657194846,0.01558374535883722,0.0275195051630599,-0.007893369113735837,0.020431405581377904,0.00949204614634036,0.016740903021773557
2024-02-23,0.008014184592298523,-0.008563421058183418,0.0007394619045104633,-0.0013173390857179612,-0.0089438322922899,-0.008630206506423654,-0.002676439204524317,-0.007359138551129685,0.002512565243592446,0.007194368503101067,0.002053814174287849,-0.01048214644770884
2024-02-26,-0.004217955695542952,-0.012598494073365107,0.0011967667196908227,-0.006689931963037132,-0.0001975700832537175,-0.013946394568759679,-0.009958992060359884,-0.005347616797967247,0.00423952189501553,0.02426247234472534,-0.0027542436523372293,-0.0059468557352651
2024-02-27,-0.001126091609882418,0.025830600615324162,-0.0015115588901156718,0.005691514569529543,-0.011925247873345368,0.015720081651207085,0.002078043772806293,0.004765329168687327,0.0004366866284675197,0.010460631132742648,0.016570942545258927,0.0029345165021132935
2024-02-28,-0.020210008325691198,0.003545096917781043,-0.007569684636121066,-0.013205161974949142,-0.009801859730306228,0.0011086130664716976,0.0045984607832558755,-0.006931693228092728,0.006755981232804631,-0.010338106703731031,-0.005623188008341717,-0.030246106672274564
2024-02-29,0.0035552197626391724,-0.005790318658827842,-0.004257155145784841,0.005735036643003344,0.007542120916094852,-0.004783976012164515,0.0015856714774984404,-0.004898481704818769,-0.003819880735211556,0.0021181411089563618,0.0026050743434056223,0.012153853331645204
2024-03-01,0.02144366808541376,-0.00018321604936311076,0.019488410710327697,0.03297864434169284,0.02813789229845476,0.00476245518427576,-0.011470202408959351,0.007876082961407294,-0.0010777564074814228,0.04484465362339063,-0.011850821800788336,0.02946417999660489
2024-03-04,0.01023701342599459,-0.003333808304953334,0.0013628291317000496,0.005014241878951831,0.0037703124135932686,0.004252734912301825,-0.010575980381365424,-0.0009767741209417702,0.005104449559541591,0.003013712963389814,-0.004585548387158744,-0.002306275539518121
2024-03-05,-0.004776469739736444,-0.016810878735732726,0.005688774929099472,-0.003936377906940125,0.015413673229426328,0.03123068772994353,-0.018751450279796744,-0.00721098781973073,-0.009145479126239198,-0.0087393463326213,0.014238864375347271,0.006593838915672556
2024-03-06,0.0018664767112457348,0.013010627950449605,0.001214453393338255,0.008317495085236715,-6.37923342494684e-05,0.021216479394002397,0.006878259936038411,0.004185573772979456,0.0003957912698195898,0.008193505880732532,0.01893022772671915,-0.008872808532025656
2024-03-07,-0.01601793214046021,0.010899890830064818,0.0024262256836158347,-0.008340119875751784,0.005294032775402524,0.005026295892603505,-0.0006800235944602884,0.013975901379953859,0.007809991047456277,0.009540905668234512,0.00105989297336051,-0.004927708438508205
2024-03-11,-0.008333811572690752,0.003346589424632729,-0.012654688172886619,-0.008502264633173606,-0.018209548670315656,-0.002583895372974987,-0.00980542794387984,-0.010035103003189216,-0.01227503648916739,-0.009885806407038733,-0.007535760313557738,-0.009947768183528494
2024-03-12,0.006017321374223394,0.016956385747494584,0.022236839497142835,-0.001715127395793603,-0.01809482415528585,0.006393150529540037,0.007715886803536298,-0.012090852426010046,-0.004895731788491897,-0.005205246094515559,-0.005835834297088782,0.010034560788471092
2024-03-13,-0.029313565099640226,-0.01031673620538398,0.0005824146923627538,0.0065934448971909365,-0.016388102461226906,-0.02947903507451799,-0.000961104543421909,0.0445046958332338,-0.02756332265562067,-0.022945299386768148,-0.01622165658270014,-0.010404089407610173
2024-03-14,-0.0004888471763835334,0.014123998808324822,-0.003389447303076998,-0.00032284955303174545,-0.008297110823630827,0.022117753237170135,0.026002407580095976,-0.006627904759773151,0.009513101608401575,0.019683199794757744,0.007442419462152072,0.0012685337275248898
2024-03-15,-0.00925613232791167,0.0027687738104553716,-0.0019237562569377475,-0.002999302248864688,-0.01234729378165278,0.0212623849946052,-0.01167377026733507,-0.001310642566175746,-0.0029556756357549396,-0.019691284780643303,-0.014010786253591534,0.00631768881384831
2024-03-18,0.014983453782571932,-0.01582026045196472,-0.004543490325907618,0.0007868247959832431,-0.0012979870414383532,0.004344279557630726,-0.019186048491162788,-0.003936920697318547,-0.01192157148037798,0.006799213758489131,0.014888230516171719,0.01391087760032561
2024-03-19,-0.009882018608837861,-0.042191626153454176,0.0022821139254969314,0.0025434244683706364,-0.009781808002503944,0.0024890967761930227,-0.025707389194482566,-0.01892453013951545,-0.014348193981406854,-0.0167078249230026,-0.014510819489473081,-0.003373070720832816
2024-03-20,0.012980250727125275,-0.0016091317945845507,-0.01262631193685071,0.0005074174598238557,0.017200853093219726,0.0028087139004451256,-0.004162854117459869,0.015016561321266497,-0.011027977450351334,0.0022846460911252198,0.0005813398526310909,0.02967132170294584
2024-03-21,0.005004161720336242,0.0005162625371721852,0.010272124715075215,-0.002489537803618269,0.010933785608483904,-0.0089300086344275,-0.0001606643975446964,0.01335092294939444,0.00017841611352720221,0.014331644601108584,0.010229967986518984,-0.002763546671809225
2024-03-22,0.0027912890122081535,-0.015618182349980136,-0.002005883442723122,0.007857238273734524,0.003224545369927334,0.01253273373713193,-0.029491340492937224,0.0174480702002906,0.006332699395930508,0.016235987733457247,0.027919910524703218,0.03607198168712533
2024-03-26,-0.009243784098813213,-0.008540172580802863,-0.012094037661256829,-0.006053431450233515,-0.008905907979188776,-0.01860692005581599,-0.010736534690085398,-0.002216519327667754,-0.007334360898083703,0.014456299136402784,-0.006712652396598351,-0.007063770122008761
2024-03-27,0.03556867292553645,-0.009439112000660166,0.010733822662921666,4.618148399582189e-05,-0.009121001860270206,0.00964479733589485,-0.005895583025008921,0.0008183833432375831,-0.0001337854088914181,0.009890727644408903,0.003785681889862502,0.021207164679695634
2024-03-28,-0.0046890415903863,0.0092166353806733,0.004997421915724942,0.008811943827436997,0.025978467007055972,0.0031023567965118293,0.009569628714581446,0.0008178777806187032,0.01100589502099325,0.015513687403434506,0.010223551202236392,0.007194042031187786
2024-04-01,-0.0007233697055262223,0.010435215527770492,0.015608976726662505,0.00580817027930669,0.007908508175680007,-0.009156685010504928,-0.0017356663835048636,-0.0038520680932622176,0.009516952617156349,0.019687050532992467,0.005368491733215519,-0.0024403666940108204
2024-04-02,0.0014647607470079649,-0.008412603108509553,0.0065623260153508944,-0.01677809242753492,0.010681886422774012,-0.007475182763868604,-0.008425474411253187,-0.0019919156342356192,0.0003500838562517927,-0.007972895331466279,-0.004296358063319405,-0.0013644140010015127
2024-04-03,-0.010323074649119857,0.01635000791043484,0.0014526534956316173,-0.0036998210611376425,0.006067280186280888,0.014442333723124756,-0.001483502720812102,-0.0015265019922729994,-0.00940216751624956,-0.006552999405620041,-0.0014795358426265004,-0.009926363700362373
2024-04-04,-0.005894875971114488,0.014186962192700436,0.030560550247808127,0.001531907618153694,-0.015238916570310623,-0.015379018077539941,0.004085939642211933,-0.00576185691899278,-0.00011043632315232976,0.004071414444570598,-0.0003086195642473255,0.011216761723603419
2024-04-05,-0.001931177032471365,-0.006007496032788717,0.014368904588213605,0.004217580632366769,0.007177656656831566,-0.013133306262416933,-0.005111944856500905,0.011354246647126587,0.000883021762776437,-0.014416017509625956,-0.0063914293119656795,-0.011589676982652453
2024-04-08,0.017721450440681963,-0.0016838164140731138,-0.0019037653994998793,0.0034612210091993223,0.004641957314285072,0.011502784141846245,-0.0016227626674671924,0.003625186511586831,0.0008822427232517693,0.01729849283211382,-0.0057800555602239845,0.035703949204283214
2024-04-09,-0.015023871684024193,-0.0065449348849103695,0.0012608270930112297,0.018304754464640194,-0.005336434698946402,-0.00020745171987779365,0.012291058244138897,-0.006408810958235089,-0.0021156292179148606,-0.005935127910604354,0.001781710763572697,0.001780092751954232
2024-04-10,0.01088040785492117,0.00965398535879114,-0.007878314137259257,0.0021228274302802497,0.019432095315141895,0.0207149287280457,0.007994208972512684,0.02486217795869128,-0.0014353183735823505,-0.008467138080562986,0.0009359313178185502,-0.015925753484864025
2024-04-12,-0.008397700983963752,0.004203670306540674,-0.011325650134338061,-0.004506992757774775,-0.016366052947953458,-0.0031315281586232757,-0.014633688780185117,-0.015676842277616232,-0.012649774048761775,-0.019703085951286337,-0.039930203208506265,-0.03281621477020502
2024-04-15,-0.0015847512239508532,-0.015044735323928915,-0.015964896849539056,-0.023587602704225996,-0.011483695898532265,-0.00081599618417727,-0.011180325596047425,-0.009765066184697746,-0.017134866038748364,-0.021322312742703353,3.247836665409842e-05,0.012741949432275357
2024-04-16,0.0006315330845154676,-0.017355081161227526,0.009734397112944215,-0.010478819416203211,-0.00765676576641805,-0.0066147724117276985,-0.0365766922100903,0.0,0.012192168473855958,-0.01592707533858273,-0.0016232986565812846,0.0064277363735278925
2024-04-18,-0.0009722404490967174,-0.002788709685374813,-0.00964055214992876,-0.010871083162678152,-0.009179315145312672,0.040527838238135105,0.003393493325861252,-0.0165532401204449,-0.002701729106628248,0.0021166064966875453,-0.013755697029570246,-0.007814346461652244
2024-04-19,0.003960831579741253,-0.009269874183229665,0.02448644556078583,0.011180114209954573,0.007585976374629988,0.018368501430789053,-0.005636756347907501,0.014086261630906094,0.007585335018963413,-0.009180626571372086,0.004220450124865716,0.02466342699813029
2024-04-22,0.006615090840900173,0.010036136303515741,-0.01247300237110427,0.018177482683478186,0.020854118980263348,0.006633104107588883,0.015234668465816004,0.0012948230985558862,0.004436135186229873,0.02681657631725365,0.011360757474476735,0.005865003024707605
2024-04-23,-0.013869624014868687,0.0026134580906191918,-0.0030419290161484147,0.0033129312435218328,0.009006777122813059,0.034526568640008026,0.0067353393736988565,0.009170116366914893,0.009480503351268155,-0.0007059640845457071,-0.03600418287712426,0.01648355151785852
2024-04-24,-0.006270052120062264,-0.011265428622351914,0.00271956277284624,0.005961901257896862,0.00012930860912718778,-0.004432529667921181,-0.00807680425644619,-0.000699077948170368,-0.001104991921482834,0.0068419222401858715,0.0007409105714470954,-0.004016560947178838
2024-04-25,0.006757805531611982,0.005520681138160954,-0.0006284386714442425,0.015500271396208465,0.05122242940045907,0.0017210520747910074,0.005381749232835187,0.02016790914381761,-0.013007354480321087,0.00480076245902139,0.023153292466087994,-0.0016648105272071279
2024-04-26,-0.005085633694074887,-0.008008520787325724,-0.0006287494703812735,-0.005252394667328075,-0.014027425538329585,-0.00948683247799953,-0.005700570499068802,0.005599306067332943,-0.0036757864354279857,-0.012896001500713572,-0.008946435112068607,-0.016958744226416078
2024-04-29,0.008588388197732222,0.01278341803379357,0.013047983560999787,0.04716123808978501,0.031448995664037804,0.004864227539456367,0.0031463246571383774,-0.004090876350874573,0.001552388852628983,0.008071689299992801,0.009989650205766365,-0.001062766949484928
2024-04-30,0.0013480647310561977,-0.01280276596011598,-0.006145820691899284,-0.008403983949540339,-0.00030254083619007943,-0.007617427581668501,-0.009897213011289874,-0.0058193204026645295,0.00195384490906525,-0.01100623842332471,-0.012815389517361053,0.010059202008572798
2024-05-02,-0.0003067085032111283,0.011163077889685402,0.007992972738920079,-0.009518541410424297,0.004599076425209514,-0.013801773355983205,-0.004294053821791821,0.0076896692506556175,-0.0018605393792695546,0.0014467159547826292,0.011250849468529944,-0.0009479249066326467
2024-05-03,-0.022195003295895632,-0.005151210802365802,-0.00825598735884614,0.002281855553415646,0.0016867499252124496,-0.020436337738615418,0.0013080064378603318,-0.0058087160095625645,-0.004154890328505134,-0.027698291028701916,-0.005167791671689237,-0.024458477696576497
2024-05-06,-0.010094119657954703,0.0202036845736564,0.002007227226075159,0.0037213611145590075,-0.02844439153079903,0.004697052293560988,0.006778120826045564,-0.003894995904332843,0.017658586692762546,-0.010429119072099646,0.011911387681493357,-0.004230769664595124
2024-05-07,-0.012715634020197708,0.014766330579436104,-0.010836286317010613,-0.01256214519160026,-0.00730373364879211,0.0021428161264149814,0.01055467307834701,0.012880934723209947,0.054605091306241915,-0.010264812138833013,-0.009024696542131783,-0.006049396840335675
2024-05-08,0.012183710606438636,-0.0005026826410261531,-0.015602706014046341,-0.007862850609154592,0.011098610552005894,0.0019048430197692312,-0.009472853669704628,0.001476077969935874,-0.01611738817394681,0.017241677003210443,0.004223539416902566,0.014517958879892934
2024-05-09,-0.017218423426538232,-0.004211809276787659,-0.02370764520440427,-0.006500522639970252,0.011100063674882366,-0.010204950062176033,0.008582758937512258,-0.03605434722189138,-0.006578408751279463,-0.060627881230428726,-0.01780856702308231,-0.0031011807354491827
2024-05-10,0.00954018077932317,-0.016741498211948147,0.00693283975520953,0.001210015655068064,-0.0029884244246605185,0.02014982756613004,-0.010176884068839653,0.01940717999344921,0.01586656104993045,-0.0012211901527819924,0.007961884298152366,0.013662933538951094
2024-05-13,-0.0033572841312036195,0.013842169789633596,0.012066123191257994,0.009802610430296399,-0.010460677448515643,-0.011681931281635305,-0.0010176655661091605,-0.003461431512118085,-0.000804297288955591,0.006847103034025359,0.012279669472230026,-0.00013021972673232796
2024-05-14,0.012386827299672554,-0.011804001888962912,0.003916848593604971,-0.006604590203501792,0.011622170881186777,-0.0012831206429696485,0.000878185189407299,-0.00497858587726141,-0.004680765408289322,0.02598786392983321,0.013245552543870609,0.01107408895070372
2024-05-15,-0.0026758565755491404,-0.005331777163391949,-0.01536677714591983,0.003391132920440798,0.002566571759566205,0.019933000727921923,-0.0033340269344078743,-0.00442160904027733,-0.011193367320530334,0.009424569420517726,-0.01155158880960927,-0.0036600170218006323
2024-05-16,0.006407604267281597,0.012602559114108347,0.015119970504954061,0.005959132575704906,-0.010179196950719005,0.026872243745472923,0.023521859904699793,0.008531973823208805,0.008543839898611516,0.014452016939530798,0.00582687975545948,-0.02112033691887205
2024-05-17,0.007261382286290585,-0.017136805797924648,0.0026365124242591076,-0.0004863977868845293,0.007266482593023982,-0.00048322421808710825,-0.0062268108964952384,0.011241199854582495,-0.009730600638800602,-0.00284637110873176,-0.003189571240306943,0.01151006680872002
2024-05-21,0.00029601298051340486,-0.0036255032081667915,-0.0036198379834736505,-0.008447651487809904,0.01565084981332099,-0.0001114022589208119,-0.007027697433532154,-0.0034381075230704994,-0.004158869684437461,-0.002839961229783583,0.006236169063825292,-0.01330531811460789
2024-05-22,0.01707730328016077,0.0030889093049593086,0.00027415530208174665,-0.008787056880078525,0.0022032553062236726,0.0026778679278371964,0.01439880267517557,0.011729652593327922,0.02432169303145293,0.005783337896908103,-0.0010707206626747734,0.004653843556267301
2024-05-23,0.01738956419771931,0.01603608478216434,0.022889141038807015,0.021060134733783986,0.01630531213915254,0.0194004901613003,0.012097849198411836,0.003296212531912479,0.006590900024628699,0.03598821824592213,-0.028714370587699545,0.03220336437453031
2024-05-24,-0.0039030928284150557,-0.011288174905994985,0.016481357665961927,-0.002247698069776427,-0.004206234367539863,0.010516406915587417,-0.004958003476747019,-0.01166879947593824,-0.0056452906068442665,0.011295819233318793,-0.005618476208051226,0.005067681785158484
2024-05-27,-0.009457826453420637,-0.0006365348419863359,0.006920644688955591,-0.0018992788642747671,0.006155017336611834,-0.0029888922106825477,0.004266010105192786,-0.010774939340639222,0.006521669439940148,0.00719820434628371,-0.013889677755214103,-0.007257588897451317
2024-05-28,-0.006854253936252164,-0.001858581183525776,0.0018328648540426595,-0.0025227202632134293,-0.0030586063988439216,-0.009607396489347497,-0.0029224940392357235,-0.0057935434862707025,0.004801697169952268,0.0016976431724626817,-0.0007844272307191424,-0.006779734506538793
2024-05-29,-0.01059255978193685,-0.009440263168959961,-0.014505026062158644,-0.022139288154805814,-0.010226837269015188,0.004412693374716392,-0.010974455119170168,0.004545390354773637,-0.009411649807982592,-0.0063964702359537995,0.00959106324713721,-0.0023363968657090783
2024-05-30,-0.011053153643843294,-0.017759166561468476,0.004342587096262562,0.01061702186360347,0.0038898103318742994,3.631434020534563e-05,-0.01619636595356977,-0.016475385084944727,-0.009269403045903513,-2.7597708479487615e-05,-0.013421693546768365,-0.014907699755109971
2024-05-31,0.0038952465246684387,-0.017438149003566106,0.011024222554699481,0.006599631175603804,0.0054489323286919245,-0.003194999833451506,0.005323665875078154,0.006134242964437764,-0.00950485352249053,0.00951947130714692,0.00047973692772429466,-0.015772348474438425
2024-06-03,0.05587589380157376,0.008689920867067658,0.026541674437006613,0.03474419642857152,0.09068470706739773,0.013367312206829851,-0.0007106600858994838,0.009145388344990124,0.011528208346089253,0.062096248594131875,-0.004623926300166836,0.006197973452539918
2024-06-04,-0.07485139657931561,0.0032811947167985522,-0.056640327834704185,-0.07633626236988356,-0.14404019893146525,-0.06570345909252429,-0.008713370566912237,-0.01742032008835226,0.059595169742935106,-0.126746490738053,-0.015966336276874715,-0.024053912748994044
2024-06-05,0.016800579588873044,0.008465784702130996,0.046286584690063304,0.034719394514274526,0.018769273160395672,0.034354123064689324,0.02615434977260067,0.03636807381657037,0.04264291580201318,0.001704292690899667,0.04017909949882981,0.02681904959027448
2024-06-06,0.0076368018301054,0.022407752850199802,0.005090880916502893,0.0015785090735211948,0.034441332166824434,0.019526306593994125,0.02947348213868972,0.011852122954648214,-0.02042069880800068,0.02157527895364031,-0.009816533950209316,0.01366919789227583
2024-06-07,0.026788141380951203,0.016590968118317173,0.008751652213627503,0.010176362948006057,0.015912892039317894,0.03987285487175529,0.041670904338408477,0.008612847380856214,0.011060609948712274,0.014342919475198501,0.023188647115628847,0.010841469643853241
2024-06-10,0.000986439710732867,-0.009052528080349398,-0.007658785181035688,0.0018722405783968554,0.002229000110888668,0.000561400250413957,-0.022072326187110414,-0.0051235484975752366,-0.004829612893433088,0.003184715636698199,0.004147702510697737,-0.007286802058572017
2024-06-11,-0.010007403811325588,-0.001710307750958262,0.002241775711910865,-0.004983088916150846,0.004508283258018775,0.0008414521069262104,-0.002667084611811088,-0.008926579257479195,-0.0035083430915106018,0.015506100465009665,-0.0088228410933201,0.011488160933494251
2024-06-12,0.00456513344663545,-0.005308945220215966,0.0059751990339891314,0.0012073104156202774,0.004248642695657834,0.007812233809562086,-0.0070533655664415384,-0.0016166681199050181,-0.010816215470783264,0.008781042236570613,0.004734038629296222,-0.0011117247804776076
2024-06-13,0.0013154384400813068,0.012135863599668228,0.004192645832201469,-0.010897282088723426,0.005720556999694315,-0.008794416688174378,0.005891474901685623,-0.00462631544116987,-0.016332528647649114,0.02020480362928656,0.002621409571551103,-0.0001945666708859095
2024-06-14,0.00839447498001955,-0.011887048487351115,0.010216711590982808,-0.0015350541698087028,-0.0055694240997820055,0.0011572180597398951,-0.003380244078900918,0.0019753005522993305,0.006637172021119797,-0.004279378986271953,0.003441877837031093,-0.00012848286492972427
2024-06-18,0.002351950214810161,-0.004423314967808012,0.006825765731850675,0.015556332095948422,0.006792219121384502,0.0006655707870970584,0.006246131165788871,-0.00556641787021428,0.002621276431793218,0.00037959108343121883,0.003265191541009793,-0.0221288460097967
2024-06-19,-0.015107785783289307,-0.00351231523046458,0.031129382910621395,0.01923674778419371,0.009113373663173885,-0.02520387975010485,0.008777347351639708,-0.01189505017576431,-0.011764649370789693,-0.026902877326169472,-0.011144296966938527,-0.025384278114183978
2024-06-20,0.010317629239700032,-0.0038009950262544168,0.006936678673735708,0.01079126937898045,-0.010379984123776831,-0.008043967676862218,0.002679695374333324,-0.0008260928462453521,0.010256214026540311,0.009124132079972869,-0.021941428871998236,-0.007563953115066302
2024-06-21,-0.013231871575590248,0.006205069475204494,-0.0021564940878732175,0.001599224377258679,-0.008829595396912637,0.025268816082167023,0.011416070989682447,-0.008741014052183749,-0.016477238817696693,-0.01653928413992012,-0.0025494582348255523,0.004279923658057738
2024-06-24,-0.008750593308440746,0.0015876473982350259,0.003992292204048509,0.009882168578474682,-0.004304630541632992,0.0026482178874371876,-0.0036209918904728244,0.008818093128130089,0.00036866390144463246,-0.0009617925380271952,0.01857215151479341,-0.001483361326626409
2024-06-25,0.00879304571525008,0.005672242434882291,0.023289831157372154,0.0238013514068387,0.011468686173173648,-0.003416111674313105,0.009691183042215501,0.0,-0.004094698180010403,0.01591346017675299,0.007159554364165155,-0.005482868915641648
2024-06-26,0.04117530565730987,0.004533142333203566,-0.005755713328143508,0.016737055861102856,0.0036805393027083966,0.03148532612845378,-0.000810627413827314,0.0015354408454395507,0.0055095909319136105,0.004222621756676093,0.010596655064322169,0.006738635151644745
2024-06-27,0.010914635166324516,0.02030674404078492,-0.0031442759121885766,0.0015598558337786006,-0.0015968895369020686,0.01116821224446607,0.021191608758473368,0.003891925404479135,0.0067670408020454875,-0.010699597856061116,-0.0032212561414803886,-0.001598608834898374
2024-06-28,0.02276964031814055,-0.007625506730180143,-0.007281212531948689,-0.016640719815131377,0.0058649522224591966,-0.02151375027940816,-0.004194857927272033,-0.0016446967115275601,0.004427165653170029,-0.004474776580543516,0.0030338258419442266,-0.011897818097013513
2024-07-01,-0.0033538119265674737,0.01896690934192713,0.012709388172890135,0.010211819986856163,-0.008245497211171848,0.006890295989277817,0.015350341875290718,0.00976701385716483,0.012959718242335327,-0.006171717554200762,-0.0004931458225554408,0.006215914131881384
2024-07-02,0.0032208997154759,0.009853817179775293,0.014895582820719344,-0.017535196144427,-0.018765935608866857,-0.02410586440613971,0.01901559722249102,-0.008274126336825782,-0.007963787704953651,0.028342155132427216,0.00259847782107947,-0.005454875362909561
2024-07-03,-0.008146097436494082,-0.012981068897537473,0.02198662685196151,0.009238978343461435,0.016703979873347707,0.0006342026738621609,0.003917127627734551,0.006580413674951213,0.010140141783870682,-0.0033502955668911483,0.006495889982021996,0.0067304000530870045
2024-07-04,0.0010306439714371507,0.014046939375370604,-0.02346420080274736,0.026131854529188203,-0.0007739219104039297,0.0022537882833728595,0.014286703791210442,0.00175122125062388,-0.005736273144218873,-0.0113575890906783,0.0156132922161214,-0.0028086154228285087
2024-07-05,0.022264699061864013,-0.002275449454817724,-0.04576909350840774,0.0003245131972251514,0.024365552922213318,0.004672972923936758,-0.0019387837469767577,0.010721373792525135,0.020453254387268638,0.015070126314618237,0.006739849433835765,0.0011952253258231682
2024-07-08,0.007726916342910117,-0.00463638656767551,-0.007736237042838878,0.0013377008364510168,-0.004070959732811796,0.0038121091733365198,0.008619410064857114,0.02294466862308675,0.015763623758897394,0.001337161517270813,-0.007651038159201873,-0.00664650643696596
2024-07-09,-0.006636901459187605,-0.0019282167507440606,0.0007032963179265384,0.01068781679452413,0.005897780829865695,0.00027876375610058624,-0.0027081147626055735,0.02028853013866705,0.0011595363269001346,0.009388805190016614,0.01863270761365965,0.06687679996919571
2024-07-10,-0.0038044474248314364,-0.019157042038456806,-0.006354959680527461,-0.004045748035387042,-0.01428070701929074,0.006617659127824416,-0.005370673488082067,-0.0025407642501562577,0.007837376545868358,-0.004377995347260022,0.008294371963328162,-0.004279766668881857
2024-07-11,-0.00225658996090794,0.003721987228543888,-0.0025829291093619755,-0.003820744254089403,0.009069588006956453,-0.00491337689388438,0.002699797290653505,0.015948579083522096,-0.0006128476859353915,-0.007931322677886543,-0.010509442268447744,-0.004509654021102261
2024-07-12,0.010169844699170483,0.06632791770889446,0.0004932494765281792,-0.004481366534927145,0.00350171090354201,-0.0032685731658336215,0.03572946796130538,0.0008720605722238872,0.005136331193674293,0.007801435789070332,0.0003487784160176588,-0.01200922021637163
2024-07-15,0.000313125966622696,-0.003525561406135136,-0.00036985160673086437,-0.0023928446243247636,0.025183248080521414,0.003035050119820859,-0.002745687269626429,0.0094761446589946,-0.0007436197109030873,0.0006165125964732177,0.005642517433037675,0.006483587655137679
2024-07-16,-0.013132090988028255,0.002218797672072448,-0.0014486303759585484,0.00808991877529075,-0.000737568189638993,0.020102958098981327,0.011130295650522815,0.0046395758356501116,0.0260083356307923,-0.004121520565457448,-0.004349943526925193,-0.0003480129471642446
2024-07-18,0.006613877393753853,0.03281103008050201,-0.0030560564564870996,0.00838776537829311,0.014590750173858691,0.011694527996050752,0.018539479277564386,0.010095582534522585,0.018579498272169204,0.005403517664546165,0.009466133172223667,0.0003560172853518395
2024-07-19,-0.01986862427358238,-0.0007316681515070478,-0.004644516594173864,-0.0013197195806037287,-0.004700433462745068,-0.014760946549615128,0.0198514340951077,0.009144131545513634,-0.004162980153374463,-0.010311220387023257,-0.016057602191707154,-0.009470860513338897
2024-07-22,-0.03502887038023872,-0.00349763557636229,0.02193125943513552,-0.006006406512967577,-0.014111379422581005,0.0024971732742782304,0.009983557507546648,-0.016858068032956308,0.0030436922889991447,0.009105934762828394,0.011920967374002611,0.009337851435112343
2024-07-23,-0.00851276997821282,0.0034983889893267506,-0.014702872559254954,-0.011602232723895156,-0.014712540379715144,0.00020450035926544707,0.014385544261362293,0.054977966243601184,0.011351551404702898,-0.031056151611135396,0.008977292095909917,-0.0009651221633513174
2024-07-24,0.005242268948590256,0.0009065310978584318,-0.008866763167512448,-0.0030568676102581405,-0.013774771466586788,-0.0071636597036744964,-0.0016060397330992515,0.003758707769640157,-0.017821339644041645,-0.0052570974613447286,0.011145100178817868,-0.011227973088185128
2024-07-25,-0.002206367739850834,0.0037735070719771002,0.007824022569540068,-0.02052331108163863,-0.0041080643890607504,-0.004157605924553942,-0.004961898494081685,-0.008298771070301858,-0.00362512488458433,0.028328277826450643,0.028620798015851046,0.0017577897999669911
2024-07-26,0.011139841643223125,0.015118688210454367,0.0009587699364477231,0.007763553474412044,0.01644087836475072,0.045026420449434834,0.029618895381150923,0.025002607238198582,0.0014220803051592235,0.01678570416932401,0.02908518758196421,0.012350844208084188
2024-07-29,0.007339065583135795,-0.0015382388449836082,-0.008095648987968107,0.0045560194822975575,0.010609196699808532,-0.02182380119678584,-0.004151396049735467,-0.012246105816405617,0.00020282566899432197,0.025829486818168768,0.005250055812305865,0.006937085163737811
2024-07-30,-0.0045719870763648585,-0.003595193420914189,0.006541774795796318,-0.0026799035502970137,0.0013768125796149722,-0.007425733568916737,0.0032334629966708217,-0.012398001524449032,-0.0074495205654352414,0.0025695498162958685,-0.012563434068324608,0.00957539583346323
2024-07-31,-0.0051052320852108535,0.004581676076807595,0.00012385544644799573,0.004506163426864829,-0.0004582339040802852,0.014418565281578033,-0.0047413742409891935,0.011124673096872817,0.005294597924003996,0.008019264538492,0.01043137425111662,0.018809667065281088
2024-08-01,0.006559602753897442,0.002679325706126612,0.014265820028954046,-0.003951041889694862,-0.01117600688755771,0.009352506559989315,-0.00837674608225214,-0.003330941478790872,0.0036590881599638525,-0.009357754519815575,-0.002413818039816884,0.01854634552858947
2024-08-02,-0.010542560853573302,-0.025937635194255737,0.012417571192849586,-0.011197373955357692,-0.017156566685211705,-0.007771407125944707,-0.016949133532590865,-0.00931741043158818,-0.008469659781958794,-0.03005848522278809,0.009590848689891018,-0.038359308618878596
2024-08-05,-0.03468218047007954,-0.029885287654544568,-0.026157922193062122,-0.020015927333215222,-0.04269620855670497,-0.018811253492888036,-0.038051856852861055,-0.00633819818428949,0.00867195680064703,-0.03756449532299455,-0.006525635471126834,-0.04129611907767916
2024-08-06,0.006028402393128296,0.0038871068116388408,-0.00900514516341333,-0.004903535665176761,-0.017187159569840738,-0.015112060557355145,-0.00045662767268961346,0.0006173800769624371,0.01257416137406464,0.013662138903972165,-0.007440261306059126,-0.00571684376485504
2024-08-07,0.006026472118986215,0.007012312938104115,0.01392700950082948,0.004799134296519902,0.013727017019721233,0.004318877138828725,0.02315692704332073,0.013057670612534045,-0.0021817941919350936,0.017350844508468466,0.015753423261078314,0.01981698095839257
2024-08-08,-0.010718013814954852,-0.006642297271174047,0.011826399166090296,-0.006695256143169681,-0.0007420349015845318,0.006970759000356264,-0.027070099705051143,0.004262766610491964,-0.0039540218560178975,-0.023280444340580964,0.0014992389824501906,-0.012338902305693455
2024-08-09,0.017372705828472945,0.01346902664230476,0.004565556306447949,0.006010588226952107,0.02011013991787247,0.008472132399572674,0.015833403177051064,0.002324443688588085,0.0051222380360176345,0.010834265317663183,-0.0010076118104100917,0.0004378602749184335
2024-08-12,-0.009275775864647895,-0.007827446079230027,0.005999330850315454,0.009641904903886944,-0.014193924815942949,-0.003756564858228395,0.015050214317868127,-0.0026215805839950868,0.0005459912789385069,-0.005595700329812381,-0.000835663118352592,0.004012506263041393
2024-08-13,0.002053986242250616,0.0003099034896147934,-0.03427509165257059,-0.003794354912067588,-0.01852076030238503,0.0007541117891898264,2.767227272237882e-05,-0.009300525457893394,-0.002655806170614783,-0.005641190183084954,0.0036047540760009156,-0.0079033360271632
2024-08-14,-0.0012126969292525214,0.023421708400409802,0.002869364487972481,-0.005734604528247034,0.006833487601916044,0.008220839743790176,0.014353781445091363,0.004489816913348932,-0.007058402391687202,-0.0018582317354034483,0.000890806310112735,0.0024145279461527114
2024-08-16,0.011184437538394487,0.02812407886263446,0.015113815324923063,0.022037554044968433,0.0113324480766821,0.008052009843481533,0.019580299241674703,0.02123125326772768,0.009625065028861846,0.006530061697955114,0.0006315833209173949,0.0006267046087622408
2024-08-19,0.01031765320610134,0.01674563334745227,-0.00033697525524356564,-0.009559813904657655,0.0019702495748321613,-0.009369397798110413,0.003147083779674986,-0.0023873083143221008,-0.002074029693980739,-0.0037272580394017707,0.002897656333606724,-0.005199239412860157
2024-08-20,0.005072557760318563,0.007416547019768016,0.0037693362618103077,0.003018894437119668,0.00811102558266441,-0.013948918533495225,0.003968154758940967,-0.005284697041583186,0.0030993508151593296,0.004964729374899557,0.010613344203273645,0.005362308707613339
2024-08-21,0.001821661683359288,0.00623455029335207,-0.0072661564429945535,-0.0039001190061123125,-0.005790543968526518,0.009867811916563385,0.0002670541472051813,0.013231816997056,0.014594317002072588,0.006535654106560429,-0.0009623189923799735,0.0004911379675687222
2024-08-22,-0.0003670710938989963,-0.010875714026895134,0.0033828875444974482,0.013831623892006206,0.00582426965806615,0.015647935628915866,0.0040316490483414125,-0.0016818484330710648,0.0005733435487653704,0.0029060017953026485,-0.007933620792246021,0.004533188242591635
2024-08-23,0.001234922923336823,-0.008462733073337225,-0.003831359433338788,0.010410515495483663,-0.0060344018936232535,0.013724942663194906,-0.009652906992003385,0.0024774091120296493,0.008163871739987671,-0.002204336547479091,0.014337461305147015,0.0021138300786642805
2024-08-26,0.008416767308946804,0.008635862453030496,0.009168915755763951,0.008142930325228726,-0.0003679298562290212,0.0045130948242930735,0.00754527233139779,-0.00019782802503864882,0.001971082190995732,0.012046432470507407,-0.0018583648825681864,-0.004755182616583142
2024-08-27,-0.008032478302011592,-0.0011772074887438366,-0.0013413724162418816,0.010755776296620612,0.001042994192765212,0.00607837356650287,0.012765444934128123,-0.010084970009864747,-0.019229806181567555,0.016694650503794373,0.009563133721757655,0.020671697852008286
2024-08-28,-0.0014329035251872124,0.0019790110764550395,-0.0003970161891222457,-0.0020385412044174878,-0.007966723594030833,0.022065299456700105,0.020525183113131007,-0.006592085815328219,-0.0009215674894131887,-0.0036865015430983528,0.012545985723015907,-0.01115476596517051
2024-08-29,0.015100440192906905,0.0012761069186548735,0.0008857668786028672,-0.0015932757055203695,0.006300943649768964,0.006136255594722417,-0.002965301214114646,0.015684789131541033,0.007560514866181478,-0.001518017401554328,-0.0069817618456116115,0.007792813232605944
2024-08-30,-0.00742968766443719,0.009297848701068867,-0.001006946387300589,0.005974141023067814,0.00135053583705802,0.0147837486538267,0.005353376375917707,-0.006335389443359429,-0.0026029825735552903,0.005755430285628194,0.012477788451591199,-0.004079035781590079
2024-09-02,0.004388480741684075,-0.007180801000127746,-0.006078654637820757,0.0006101545418719656,0.00803089259166856,-0.011138804517078937,0.01070132039386329,0.016238264341314368,0.003977776842767788,-0.005816929463735687,-0.0031290540972664926,0.0019672425813803684
2024-09-03,-0.004699072739482779,-0.0019242584083861702,0.006392417470762801,0.014431552320012475,0.003223230014300915,-0.006841137472065384,-0.011835164427634215,-0.001274291132580041,0.0018823406365100492,0.0019140650202456033,-0.0024505606861762175,-0.002438179239308891
2024-09-04,0.0035947909186186955,-0.007335434340874247,0.0027177290225530726,-0.009096747894731583,-0.010063045614759902,0.0008330094074155969,-0.00968447228536784,-0.005987535272166444,0.016801933710524963,-0.010663479865629433,0.01178583552776713,-0.004908463836843846
2024-09-05,-0.014245144871990911,-0.0007367347269223723,0.0022231686933233963,-0.0003234802947924553,0.002755703710500379,-0.00941163552344182,0.005565848546690955,0.009578329538730834,-0.0009853637090313505,-0.007299794427472861,-0.003464586991884122,-0.003051936999213911
2024-09-06,-0.01885502353919355,-0.004289691624328129,-0.005165721165553583,-0.022492868885859996,-0.04427479355925312,-0.005138255509770651,-0.01619117490277877,-0.01858370358252881,0.0001760865984401505,-0.01363074309873813,-0.0010675231903110038,-0.009143223486074659
2024-09-09,-0.0016214031264586426,-0.0016156972993880414,0.005833996694934118,0.022224036183391416,0.002236426486936116,0.002208821130186278,-0.003785763298499112,0.020031926233690767,0.029183341005371455,0.0009930702255245283,-0.0014798563784256258,-0.00331534565430025
2024-09-10,-0.0006324396587149561,0.01310264581787246,0.0023381970469711355,0.0018624467278662848,-0.002040216280382756,0.02281783768602863,0.009315720119196014,0.003614982007735801,-0.007940315833295686,0.0049883789691049785,0.007958953040743788,0.009686552013038474
2024-09-11,-0.0068593037362743026,-0.006322373177412244,-0.0039080735863668,-0.0007678762831900832,-0.01795188093509259,-3.16764045937834e-05,-0.0011243206946177642,0.00146030692689747,0.0019147290722356658,-0.01646199590508557,0.005091642454845946,-0.0016961343795023343
2024-09-12,0.01949710400793836,0.008561608676639576,0.013808542687387071,0.012779679016041934,0.024915545032959452,0.04370005081024653,0.02109787487473458,0.010012636379911788,0.01799146046967426,0.024046119202571603,0.010673379994383003,0.012926188409341455
2024-09-13,-0.004848599618861527,0.0010844703772181497,-0.00039006813627795456,-0.001437689457095881,0.003935175015838732,-0.007469238136044942,-0.0032557201814436,-0.010875902847538588,-0.007931960833456264,-0.0024848091395910377,-0.006245175112987833,-0.006838221874173378
2024-09-16,-0.0008658534199453838,-0.002067232888677051,0.003001276878889403,0.009997259774380707,-0.006701596159305323,0.0006118181798078215,0.003163416722522072,-0.005351630797298945,-0.022451642147080064,0.013631279837578836,0.004962826423281275,-0.0021963096008035254
2024-09-17,0.0006457687627332565,-0.0016838557361837925,-0.0012866060650673639,0.004157273868790279,-0.0033734052795176828,0.01608121574869026,0.0011793524688392676,-0.006554546113861748,0.0022322188221415296,0.008997221808902056,0.0016908227714196311,-0.0035193963948783047
2024-09-18,-0.006011048005007624,-0.035400258999969014,0.015580045676305998,0.01596871465840577,0.012581385259060163,-0.004122137312970731,-0.030933922454622342,-0.0007877990494130627,0.0008176977850178346,0.009539391351196969,-0.016129848995627305,-0.003401228998689221
2024-09-19,0.0042536826716885745,-0.011504339113598161,0.008083553902282103,0.002833101221360934,-0.003532016454706466,0.006012376175357881,0.0010833775904117715,0.001773928430046201,0.012483316142163803,-0.012532033946228038,0.005473814149148382,0.012077932677393877
2024-09-20,0.011056847089535138,-0.0026187392067152926,0.019139563602785792,0.0359520148213921,-0.010443687206268537,0.0281707908237272,0.0060976450022929285,0.01210033396258714,0.02261528164054627,0.029915602879276193,0.010671491781510722,0.02129294466122067
2024-09-23,0.005013723772059109,-0.0038272663860073886,0.010682360381700118,-0.012365074575074853,0.025777092063660856,0.0226084132591986,-0.004880033586602495,0.004957201448249515,0.01711107134411849,-0.0016341911858743785,-0.0016347724653429374,0.0054381671393635145
2024-09-24,-0.0026785427929117978,0.0006560167776783477,0.004688053753033605,-0.002496375600832934,-0.004489571234366885,0.00354192599943004,0.0011336490385553954,-0.003288410524643126,-0.025754916214949297,0.0010296680920021117,0.0028990282304646176,0.004375946687110055
2024-09-25,0.0030717162285438526,0.0008076710042479451,0.006249668787258189,0.003981505688759102,-0.006451604194574911,0.0021348398873632934,-0.0017379807166152395,0.004463857595408349,-0.0005422067850600065,0.0005934484420748731,0.0013115107179144658,0.003665994825905239
2024-09-26,0.00267751209611089,0.004152263769380937,0.00244513589806461,0.00392795368877108,0.011032600551833749,0.00607807271158034,0.0026115440882896745,0.010047329621534429,0.012597722978137105,-0.00835568840706602,0.014888633038168564,0.046811636958354885
2024-09-27,0.01884245948180774,0.0037740245268740313,-0.017269891971677165,-0.016891813690790847,0.0009977176280469013,-0.0206086237663472,0.003420730980154163,-9.570675293035791e-05,-0.006647541511607735,-0.015018024830919297,0.02649598159015576,0.008353290319562445
2024-09-30,-0.03249960872518631,-0.009329937886001671,-0.01175359606077464,-0.02571549308638421,-0.018376599953125128,-0.014441375112022148,-0.01633668535114252,-0.008704819621880744,-0.002680151689372745,-0.008122675444162675,-0.011289612396631288,-0.019087689093258864
2024-10-01,-0.007957616967555259,0.0045450216446751845,-0.0033775197975013382,0.0010997800439911387,0.01148624254109798,-0.006346717523424861,0.015328399733734566,-0.003763377709469329,-0.01167904365337935,-0.0059991218320591955,-0.003503364295808109,-0.005438864461084436
2024-10-03,-0.03949272356471989,-0.01286185949476737,-0.025605400197079464,-0.014163653527217712,-0.003576153051874642,-0.014864341531770298,-0.005749953730596058,-0.006683364197119679,-0.010397489730657017,-0.04265770485617937,-0.0047396415699489935,-0.039393163517444596
2024-10-04,-0.01453472549048096,0.004606938543876948,-0.014476767574050475,-0.013212899505619657,0.0032112122326177772,-0.01945074262598845,0.01307164707334807,-0.017942554212523887,-0.015414653132980294,-0.0010579296705485186,-0.0004186489157097517,-0.003289207099509528
2024-10-07,-0.011395360443265057,0.004844438289324016,-0.024040072325749895,-0.0047186255129572086,-0.03263667894730726,0.012889207339726427,0.008419619749848062,0.013206288776576702,-0.0053883731733406215,-0.0073268233077044,-0.002513075727122893,-0.006207498052099081
2024-10-08,0.01942397970975418,-0.004587196587462317,0.02055255365350872,0.00218812903054566,0.01401416228754071,-0.0027676432759339287,0.007367028756387395,-0.004410047697393726,-0.005152829859401575,0.018466889930781605,0.006245918835750208,0.0003552834686937345
2024-10-09,-0.016280789607546198,-7.031005374458221e-05,-0.010841575519110469,0.006105459542590674,0.02041078359662274,0.012458879800991252,0.0021553572724613,-0.03199142068387173,-0.01768489615541191,-0.012824065555977926,0.007146111443850245,0.018253366058085918
2024-10-10,-0.0025826049780599547,-0.006007545330620756,0.017910122026293607,-0.0005223599783119592,-0.000376291654488603,0.0,-0.017283316617690225,0.0007119036941158896,-0.0051463119993863105,-0.0076710925503883365,-0.022321808612367433,0.014372145125990166
2024-10-11,0.0007658406340240731,-0.018498502463404454,-0.006857472707004431,-0.01648573363594641,0.003324604226183414,0.005542061540532162,0.00838983639832569,-0.007824391379738227,0.010345959300598784,0.006415496423475275,0.007522048615993704,-0.012936311169025161
2024-10-14,0.0003097629900348231,-0.0030246684837815785,0.022471162046794557,0.007154488301332362,0.006752079195146088,0.0048595093674947965,0.012299120395589558,0.01792293100226572,0.0021199274550234293,0.02081806857166124,0.0041011566785016385,-0.018690383958676837
2024-10-15,-0.020764648005787145,-0.004798579775896483,-0.002369531953926307,0.019281492100022612,-0.000620958661613713,0.01276831564158365,0.0002041875552856176,0.0032196797632277896,-0.0027428784873034795,-0.0008861663628438876,-0.0059170661497969235,-0.007266006287397597
2024-10-16,0.007477475917652132,-0.00530747622764749,0.009322605571025377,-0.009836697599777455,0.0009941669395421293,0.009724781815699579,-0.020007157036096235,-0.010731227146112632,-7.198767658678218e-05,-0.00543359016958922,2.6328276274023565e-05,-0.005049494433748691
2024-10-17,0.0017355593812362624,0.0034310345436117107,-0.015678354199355926,-0.009572394972728882,0.006952571643334737,-0.018916274046714143,0.024998650695774227,-0.00871855938413102,-0.01531684623768792,0.0106719928019412,-0.004714209173433792,-0.019392154478974022
2024-10-18,0.0021195106263276475,0.005867161883388317,0.005199715686236228,0.027005008920464535,0.011528347518600102,0.003938523714851039,-0.04496716696976766,-0.004499918660916036,-0.007868709604180957,0.002100612370217192,0.011007901139520992,-0.0031826654913804653
2024-10-21,0.007283123146972992,-0.01047750791044122,0.02785619781426263,-0.004309890685562312,-0.007861991387209333,-0.008958588613419582,-0.01428496908322674,-0.006266586860394718,-0.008667388442478274,0.0021801519930642055,-0.006988203428378581,0.005848794214363906
2024-10-22,-0.018879541745163153,-0.01577263939211504,-0.00818519665846551,0.0067113009511610144,-0.028932987316865333,-0.00017732589458074877,-0.0006207426889078826,-0.0038251541333853556,-0.004399366438404662,-0.02055445316992277,-0.004981551532683759,-0.020745949835792366
2024-10-23,-0.0035917690672500058,0.012638405044316237,0.012393864383192454,-0.01254439104480709,-0.0055668593683178,-0.003811488881764191,0.01177366271740099,-0.003009469036540313,-0.00835295115340462,-0.016088174772099895,-0.025535781686295222,0.0027593473329918794
2024-10-24,0.0009525988259191376,-0.004512755238212929,0.007978984124992206,0.0009188725074555926,0.010877921090135523,-0.004359957886518329,-0.005364627095370111,-0.01800773765559316,-0.057985113132548505,-0.0036898801251625812,0.0051920349230729634,-0.016100406091819286
2024-10-25,-0.008919403815719762,0.0023840164625554827,-0.003572126587339297,0.002155204425075885,-0.017116632159890233,-0.0074175781334121504,-0.0006976385666308538,0.02247186096852727,0.009161099615965451,-0.03376759764261339,0.006219941215462876,-0.022174244587450653
2024-10-28,0.004895123245520772,0.008206855475575203,-0.005277089775018173,0.029790204607939685,0.014213465596061736,-0.0015906180988862761,0.0017723044854256464,0.0038357900845660264,0.018888301899233184,0.00432906909343278,0.022844629479020773,-0.0017038329697617316
2024-10-29,0.004234317022260736,-0.0038134162275567096,0.010177580242386908,0.030165795294581077,0.05132255981570166,-0.015781430998511037,-0.002738132219273881,0.00784886943766172,-0.01092878763112004,0.012003051316457514,-0.016448706387716006,-0.038077159243959824
2024-10-30,0.0029105164135998507,0.0023067145591897376,-0.009846674362155472,-0.014791375815806695,-0.012309402958638027,-0.0022905853334017623,-0.02022517263458712,0.007377755603521496,0.0028653915280398845,0.008119231413771466,-0.01041885410475274,0.01905209867523583
2024-10-31,-0.008817616322833066,-0.028448097714125042,0.0006341983503013182,-0.015166031175916972,-0.0027356905113894436,-0.012703986432801795,-0.024887563101359533,-0.005594556262274564,-0.01045029340324799,0.06277228342947883,-0.0017277822853343228,-0.015990805860156998
2024-11-01,0.004954743276563756,0.003968885176795389,0.0009218197977793885,-0.00034817313737212086,0.0012192063837359601,0.0023874507383945254,0.00204859606575436,0.0030687252208863036,0.0036587464180386498,0.0011181058269271738,0.005138250318404536,0.0030289127086422507
2024-11-04,-0.027266285564600312,-0.005032308587026302,-0.013354077015226395,-0.011302139009703116,0.01053336628547874,-0.015589688515429523,0.001590257079407742,-0.011625452381840762,-0.00500497683817569,-0.014311991141992997,-0.02663581202576315,-0.005179972639118846
2024-11-05,0.0024190894752966763,0.00181621516102215,0.025523553630931728,0.015267813193357904,0.023317462322707483,-0.008075336175345726,-0.005358304877485898,-0.009079623832903838,-0.0013664068812883068,9.794400429208316e-05,-0.0029300558791927056,0.010644556938821825
2024-11-06,0.015360331365554813,0.042378490956708204,-0.001479064190870738,0.004357270338073649,0.006594381322296172,0.012924443204853864,0.0396191810750568,0.0018741527179904072,0.0033501963477287067,0.019763331434969444,0.01322358488614972,0.016486014299673224
2024-11-07,-0.014863940136967457,0.0027177127468118734,-0.0049565045676509545,-0.018159571167762456,0.005615339806285924,-0.014385824040039408,-0.011323044695825124,-0.0066514349475824686,-0.010077094640438489,0.00030176046962426817,-0.01997316590600451,-0.0047646231887227275
2024-11-08,-0.0167731862886642,-0.0009395936279662509,0.004523147267709859,-0.0155235739231665,-0.019136776413983703,-0.00374410198738917,0.01491914243114012,0.0003138501149129169,0.013007403493114245,0.0037706291469312703,0.010413519427720841,0.0002521698696711372
2024-11-11,-0.008607733532774997,0.012466981680415046,0.00675424247674572,0.008301354072035805,0.005337204694857878,-0.005955786368477156,0.016475837407829985,-0.0023009892455546632,-0.006639546770402571,-0.008592100281889503,-0.008289177566988104,0.008555206868299914
2024-11-12,0.0012179914460044294,-0.000309861177447468,-0.02723210442636781,0.0010241174329141955,-0.024715505709925534,-0.0031398991059917725,0.004677193181553019,-0.0085962335352886,-0.011862434240152209,-0.01033387319510859,0.003482658002388339,-0.022509344054134406
2024-11-13,-0.017421984911027644,-0.011209234739166019,-0.02144678590998239,-0.013300882267026415,-0.02183365937191284,-0.003342720019536616,-0.00021402724240426885,-0.0013746873975111207,0.0014015477740543236,-0.012084648033006462,-0.012133156096028275,-0.008390841396213378
2024-11-14,0.012419639147505102,-0.0010722312199421546,0.006780258410395756,0.0025923005536949706,-0.005441223499313419,3.2236198566071295e-05,-0.002060599238257299,-0.013235962986141159,-0.030730877459529404,-0.006116131385069612,-0.006070778762359619,-0.003941406943318904
2024-11-18,-0.0054039379248916886,-0.030487947529722503,0.007295762919392823,-0.0027844596871149374,0.012496118605945128,-0.008706869296396524,-0.02847878914048174,0.0012877447582146928,0.014105079943995236,0.004509004991023913,-0.011565489465437118,0.007986569380677322
2024-11-19,-0.015149758756049403,0.004988244501328731,0.021787694374535205,-0.0034703514846723404,-0.013876923555922294,-0.0074821264951825395,0.007342223637379686,0.0017146619702199661,-0.005179551496018897,-0.010233963008501101,0.0168789104536744,-0.012137252537068544
2024-11-21,-0.015020367381370248,0.008243489700277884,-0.0006027556544796475,0.001160845358396223,-0.027708696308688108,-0.00022942572893525082,0.005096628283686844,-0.02182512544386994,-0.011429894565985643,-0.0063892069861613,0.0015472253169603878,-0.008928408157049206
2024-11-22,0.03466896418556509,0.04216952228024806,0.0025269610528741993,0.021990313533031047,0.0452129436513804,0.02894802715199929,0.037185472082681637,0.03828061888393286,0.026208565701669295,0.03444812766324623,0.008595572632221993,0.0186116106385108
2024-11-25,0.017069586263143144,0.01660930892547552,0.02291479672655239,0.01791791540151233,0.03480179937582473,0.006021761514162671,-0.006597554825666374,0.004529610136659867,0.01071474355286961,0.04148749145496855,0.002005243246380406,-0.003475278149320471
2024-11-26,0.006759889878657832,0.008713567639544895,-2.79622204341079e-05,0.00307465221244807,-0.005980194069209244,-0.0009500661825229129,0.01823049414316369,0.00041957649601420677,0.003135730353613697,-0.01342922454171025,-0.020734858067057882,-0.0073650174107633415
2024-11-27,-0.0019293973968529388,-0.0046293390982607985,0.014981336985099514,-0.0032568697888990528,-0.006314058310972981,0.00025358664286678767,0.00018191175238002621,-0.00010488617471182682,0.003105766888867656,-0.0010534009427450863,-0.006897181599290647,0.010453269904979523
2024-11-28,-0.01732131069906484,-0.020230529252340035,-0.01056674012940717,-0.011032536923663683,0.005694740740774584,-0.010934010635930247,-0.035255905151943434,-0.004298188861924013,-0.00993202405857263,-0.008827356679068976,-0.00868831885635546,-0.009811639282730211
2024-11-29,0.016839707555085237,0.006113225593537219,0.0016174351102442586,0.0106892515084136,0.00011930823588746087,0.042777521550391606,0.0006462835273843837,0.003895632696206075,0.013788595877896936,0.01602540281887177,0.026899145964859317,0.011356373638250927
2024-12-02,0.013117210209329766,0.0013580831913420077,0.00481603997529545,0.0034997332668735837,-0.003039466143092695,0.010109610982316442,0.011814753848985449,0.0009438936134458231,-0.006810540448916824,-0.005570826140697371,0.015525857777077157,0.014908422698818091
2024-12-03,0.01080860395911376,0.0061029019738993995,0.011968768182130773,0.0028743413641207916,0.020982686008423013,-0.014023965206376277,0.006543218562434561,-0.009744417728293264,0.001492480002075025,0.0224079348658488,-0.0046998727391363015,0.003554637537859451
2024-12-04,-0.010844222992581254,0.012003945467738308,0.01850730896534092,0.005846831576474365,0.006733387456948625,-0.022492486263304134,-0.001506207856548425,-0.011533123904332476,-0.00739078269033111,0.0007525738399840609,8.330253810262533e-05,-0.013245681743687676
2024-12-05,0.010008081942164404,0.025181207407229067,0.0030375058442828617,0.015538937313291035,0.006688425917051433,0.019727353175903017,0.024136494632441607,0.0008562847005288976,0.012213530553904173,0.010989793793971803,0.007360264379956183,0.004708127620752567
2024-12-06,-0.007942161610169252,-0.004155245027916976,-0.005306228100804722,-0.005798711613990926,-0.002079784542582508,-0.010833531633782756,-0.006434564441505919,0.007807574916524507,-0.004329387030969634,0.009173749502471296,-0.004742298350332574,0.012135299918504705
2024-12-09,-0.012504334774722237,0.001495784959830937,0.007624606761233332,-0.004854235693140141,-0.006484195063504394,0.002941404060990971,0.0006502285418068521,-0.013159344769578252,-0.03343677840338766,0.02084469925560528,0.0009973164011600755,-0.0033707492995187494
2024-12-10,-0.007952826815636138,-0.004402342341939147,-0.0010161537440817048,0.00616343733283653,0.011013368152046343,-0.014913704411983808,0.012944189305748255,0.0010753793520656973,-0.0014159840895867637,-0.006118207001879372,0.0018265802420740496,-0.007234192142837492
2024-12-11,-0.005175666490439101,-0.0011505171413096482,-0.0026764367998716176,-0.0022172136524044594,-0.006801229987604018,0.0046558085611483335,0.013137914228606551,-0.00042966011122258507,0.0016685031551735285,-0.0016312820532335959,0.002237553095688183,0.00710384844173606
2024-12-12,-0.011969914156727657,0.006211209544601193,-0.0020664982713252122,0.0013182395974056238,-0.009168903265635575,0.015479243323963443,0.006509140217999976,-0.009994630635384638,-0.023486863740543318,-0.01451462484642041,-0.004713306686397689,-0.009784758649486358
2024-12-13,0.007878642465797059,0.004253526815471975,0.006723178043169797,0.011773598992114165,0.0091952449335575,0.044208462699842466,0.006391567587072711,0.020408155647609894,0.01925413652126884,0.007020962711147716,0.004431029187137225,0.009415752137898359
2024-12-16,-0.003574610687712587,-0.013120205050152212,-0.00349942587806662,0.0008922065440162275,-0.0006963997325636351,-0.01141662564498902,-0.00982645582878594,0.00021275031358358731,-0.01002068389042099,-0.002354005624827127,-0.002012735992198089,0.00039483645200166784
2024-12-17,-0.01813443510820112,-0.019636833350590965,-0.01712946287032946,-0.009174633199441895,-0.012079684306511074,-0.028420198693692833,-0.0017424700586318176,-0.0011698778328338433,-0.0012255493874110401,-0.018218911707230556,-0.011465353317716143,-0.014937476631043722
2024-12-18,0.006383925574390714,0.004470567401958281,-0.012300600860076782,-0.014695339635051874,-0.014578790719579793,-0.008295619716180869,0.0012901324743883613,0.0020231380440391966,-0.0017137293914580853,-0.012883421589361399,0.006707471791235431,-0.009551259969293069
2024-12-19,-0.01819275722362368,-0.017468661174102063,-0.009499070103680562,-0.020735856670544783,-0.0063831409094539104,-0.0009988934209197442,-0.01664857877717041,-0.008395291550641892,0.00027553617764453087,-0.011122496900247025,0.012353963220325781,-0.004280815478176048
2024-12-20,-0.020439499828989516,-0.02378325983101215,-0.012266503456425215,0.0011655946383417604,-0.024975995450551847,-0.013872394501169172,-0.012357316049013134,-0.004072441943970495,-0.01099637857012703,-0.02327547818026865,-0.00792527780308483,-0.004956584607230141
2024-12-23,0.014104307375446101,-0.0028774536395929085,0.01665259084160753,0.00651971135534124,0.011268586743966802,0.005576296408156711,0.001118458316468729,0.02066067264332405,0.0021421950433879733,0.002933918490123366,0.003178828886884144,-0.007251576964636408
2024-12-24,0.00036817478984829677,0.005098112343055128,-0.001610315179043198,0.0003470471481916704,-0.011082119281156988,-0.0018904522617801955,-0.007924955706672732,0.008856090005629369,-0.0014321650348977366,-0.00020600378694290988,0.0024247704817150773,-0.007891331374373922
2024-12-26,-0.005070584497742225,-0.0024882705315560916,-0.004087676970981113,7.69779581983876e-05,0.0004925927275953867,0.009849143892277201,-0.000864290341289764,-0.0031351089440116997,-0.001198910785034868,-0.002816079126128801,0.012286941979016808,0.014846482892691082
2024-12-27,0.003699048513918557,-0.0010193076781264132,0.004188240535847543,0.007862334610527322,-0.015754738295312154,0.00021881145792801426,0.004901971674011518,0.0034595161060784196,0.003643796275598854,-0.005896099650967157,0.010807309409343269,0.0041345016535994095
2024-12-30,-0.0084764870077213,-0.0014528200740685504,-0.0113165114397078,-0.009865879182446524,-0.014193773290554379,-0.008094564457118092,-0.005608448800772936,-0.0033430535813946394,0.000961041967752152,-0.008079120653590066,0.012169291492438061,-0.012987784624090892
2024-12-31,0.003923367267915978,-0.015389004439369858,-0.0028405184195470223,-0.010041317178742237,0.008435892786860633,0.0005356634852025088,-0.013641193279194996,0.013941282917228293,-0.007104861035117427,0.008019085286714578,0.001300511215416078,0.0055052449721832986
2025-01-01,0.004771917014613658,0.004310489972854992,0.005584282852247879,0.0015605246026291208,-0.002201401003172343,0.005007106693982966,0.0013297865982782042,0.0006203087153837661,-0.002041278516099587,0.016589742942474173,0.0019083226053902003,0.03222383840112708
2025-01-02,0.016827100720942623,0.015392186172338729,0.00617027065903808,0.005414236021687557,0.010085738808315536,0.00877353587328944,0.04002662316415817,0.010538142495450264,0.02062793161888754,0.012542650405117373,-0.006322797880659814,0.056475968924806885
2025-01-03,0.0075293538610903266,-0.018164326116025142,-0.024836265035988347,-0.01979703633174812,-0.00973536108197226,-0.006740328403047058,-0.009755607124568688,-0.015233551570213666,0.015295272847128283,-0.014433892812462212,-0.015095917833101935,0.007849696986843346
2025-01-06,-0.02649555953674909,-0.0011952080424784128,-0.022124410145508033,-0.0007509342060827429,-0.02142686125945159,-0.0065047255750443345,-0.0004642031425539095,-0.04547800300415006,-0.012488315397370386,-0.01549219122067691,-0.001216366818857617,-0.014965318830825525
2025-01-07,0.018760110007393527,-0.016288184654991378,0.00169544115365583,0.011984821653049371,0.003026773590461662,0.0015108703413524438,-0.0036123149878770633,-0.0035016843076087767,0.006144322608701458,0.011129009023890468,0.003247774591951913,-0.0029220186898258893
2025-01-08,0.019865530979382928,0.019884335210538007,-0.011147380558615416,-0.012116536976960357,-0.009759146335756141,0.00524876866298718,0.001191224559295767,0.019156698141242767,0.004266366056077775,-0.01288665004058176,-0.008444007049306923,0.008591167747403095
2025-01-09,-0.008494666485831082,-0.01692876365483509,-0.015640693684079388,-0.001068173456763244,-0.01387545721791561,0.004908827815594652,-0.008198995973532353,0.00122343101288247,0.01432720989842684,-0.01903321475656361,-0.006203215575052656,-0.006889670891307098
2025-01-10,-0.01024109342998425,0.056154692668590744,-0.0066254819651471175,-0.009941432316995402,-0.02261816471187561,0.005506943360245264,0.025895628706274598,-0.011553037255183418,0.0027306195730019134,0.0023385079887385807,-0.022750281794934213,-0.009322453189013591
2025-01-13,-0.0016507150421680716,0.005966294507383285,-0.01563308933311025,-0.01608189107921132,-0.018499811023665047,-0.011572561937191028,-0.0024148400380634705,-0.013149041497441116,0.003665024966973407,-0.020318649210948392,-0.021234861314035403,-0.011469231778777123
2025-01-14,-0.0008871995398558319,-0.013527982729163779,0.0096575425181884,0.008578994088809022,0.02556544862760446,0.0018156758525023076,-0.011288265819444199,-0.005580129388052968,-0.033884237642314186,-0.0004907822996594868,0.013710013262037801,0.02117386377314001
2025-01-15,0.010857618472363662,0.003909676096900627,-0.0021558897891663653,-0.0016529567041762006,0.007418302347986794,0.00459347368419416,0.004948270309358849,0.001717847167114428,0.002132712280502158,0.011205434498837485,-0.007905844626586278,0.01756650172011809
2025-01-16,0.011380021144143493,-0.010189242896405437,0.005477607644661653,0.008762442496032863,0.01671747872188245,0.014152869068010832,-0.01087376732774925,-0.010289180254197894,-0.011799370375647045,0.0018564118088910675,0.0036714338146153214,0.012128052229537722
2025-01-17,0.028346977701285025,-0.0014527752987689713,-0.00926122659371409,-0.01893372644568403,-0.002870968216868164,-0.0016562080084714381,-0.058596319700087385,0.016980398171347666,0.003838020373255757,0.017318048874395586,0.013185510788173982,0.003642772180961762
2025-01-20,0.0023803347179069956,-0.01127456221174572,0.008859024386233205,0.00612031803667179,0.019827315614525443,0.00838713783292544,-0.001184193970448999,-0.005679277924031556,-0.003738411495220584,0.006823366353505778,-0.004645908178798619,-0.009582736418226712
2025-01-21,-0.024321110451110406,-0.010287414083755997,-0.005359618202701144,-0.02984718281036014,-0.025922394030670426,-0.009139957541237753,-0.006948738378760866,-0.00034275139426664936,-0.002004207196445784,-0.014444765622370515,-0.008744640703475581,-0.011343549611792403
2025-01-22,0.0026694537639297966,0.029919426796888304,0.014399678507978075,0.003594800083256189,-0.007377575796948754,0.0034436844273171285,0.030960239329291595,-0.0012569842231113793,0.0010467747554072648,-0.0064669330415637605,0.020565141263449327,0.011498956112422354
2025-01-23,-0.01053167108029096,-0.002682558982175731,-0.000690185774186447,0.0010830609922165557,-0.010020557297335864,0.0026046251708429224,0.004847960027776876,0.007322732413864941,-0.009069672702323173,-0.004249294589656838,0.019261219993610856,0.0021130622248923814
2025-01-24,-0.013730040438697966,0.00166454554621831,-0.00906963770625735,0.006199315151001583,-0.0023461639581969784,0.005378944232774963,0.005360634113181328,0.0031803685596087927,0.01998539698867252,-0.012859531993494544,-0.006217255186973691,-0.00646280682812761
2025-01-27,-0.013600401095603454,-0.021000275051865858,-0.01212270117490144,0.015506055762669169,0.006786231906277473,-0.02565666897512231,-0.028499839655068082,-0.0033967937847610985,0.010451388041828436,-0.00015901392371964196,-0.01939968459614061,0.002168226591258815
2025-01-28,0.004107922914950768,-0.006112936598640206,0.024911092169212168,0.015432236890422724,0.004271243911910139,0.009827780520160534,0.004253635883327833,-0.010565770529730734,-0.001671641176894223,-0.012653116621655913,-0.04552700737809767,0.01083056289499118
2025-01-29,0.0008911166028169326,0.014726560835086389,0.004130631309269717,0.0038095234305288717,0.008040892628293106,-0.011060672890076173,0.028145835597937152,-0.004822629503664966,-0.0020512812963920934,0.010486499495594659,0.01750226927980192,-0.012030097200836587
2025-01-30,0.01420481101409754,6.108989393593944e-05,0.008466020110509342,0.003155716538735698,0.005471685625148437,0.025180468774519404,-0.011322226425144355,0.0065766542070155865,0.010403079421927863,-0.008334034790698497,0.0021608536629402764,0.0018451082946049358
2025-01-31,0.0096164947627011,0.0030121191053344987,0.004286101872654546,-0.0022298440670143194,0.013506490354626255,-0.008806951789964712,0.010672338256347835,0.025905577496605048,0.024929954726180314,0.04280969854783634,0.0027888468717307546,0.025887468569163463
2025-02-01,-0.00039523248984307813,-0.009544325628858097,-0.004591637785077429,0.002195022305696348,-0.00892749362644052,-0.0018753853564362766,-0.015134608251837989,0.03363122642748406,0.015088294327447516,-0.03360985064047839,-0.0010034827088343246,0.04921348884270449
2025-02-03,-0.014787208604033264,-0.001104790399483968,-0.0076583789402612235,-0.0020310467483590777,-0.006592656429130872,0.017926957507247376,0.006454773756250809,-0.01772775222821843,-0.025578200637731086,-0.04591728766310177,-0.0009182793470432493,0.017299576495696467
2025-02-04,0.03154335209732628,0.009437988593686608,0.025566146449135907,0.012130890298564623,0.023983159179752134,0.005507284573787352,0.019052209202868875,0.0017607758432223175,-0.001597091805572659,0.04558845434221337,0.014161728709100707,-0.0022830468142968074
2025-02-05,-0.005446621423933262,-0.0038834850447312386,0.009820450253057,-0.0003942931856922849,-0.016876285178788808,-0.000601875604323121,-0.0009216342430028446,-0.015379599290642365,-0.01927766277488352,-0.01626852997335404,-0.007081195216440794,-0.0017658656399767159
2025-02-06,0.0026209472919784815,-0.002041016510407223,0.003481414615891243,0.0037074852098857303,-0.018014481815156524,-0.02451145753624806,0.009804772944896678,-0.015731313814609238,-0.007674538311238099,-0.009000248294884883,-0.00014343551612350236,-0.0009780906326908312
2025-02-07,-0.01158756678390982,-0.013067179652977656,-0.006365173963728266,-0.012181572891040382,-0.020006605815645506,0.0351906704455327,-0.006264255643993355,-0.023237261226221162,-0.003729909024053013,-0.0047274965597629,0.004477646355190101,-0.001873979760896538
2025-02-10,-0.010302333990412138,0.001873724115955655,-0.009811064498901345,0.004534820200616574,-0.0005426070329127564,0.00972120869553006,-0.012265917261953141,-0.008471628674032394,-0.0010153957413520098,-0.002472361170537285,-0.010115540898135711,-0.011398926755338157
2025-02-11,-0.014996213895739241,-0.018181959618783994,-0.008363671494921565,-0.007801271205466032,-0.007736283497356555,0.0021853674538749868,-0.00247292639661989,-0.020833456049786814,-0.019564108185105122,-0.02673756976823627,-0.018676754668153994,-0.013673653028513644
2025-02-12,-0.014819609664862288,-0.0033808865964169987,0.0031738806410355203,-0.00075840618845191,0.002804161342488065,0.008722628522744857,-0.006664420799323834,-0.004613818214976639,0.007450513256133329,0.01543377237664667,-0.0034710845957806047,-0.005406969163569975
2025-02-13,-0.0003700161801112323,-0.010126174469354265,-0.005331595924920607,-0.0023165841042315227,-0.007501952971681103,0.0017819020101725869,-0.010680816693337536,-0.00048794134397944777,-0.004715873799413628,-0.007903624970680645,0.030994478637188294,0.0012445399228113718
2025-02-14,0.0009457331801288049,0.0063169424044919875,-0.0016788140292314235,0.008967821486656424,-0.007558483453225073,0.0014290049922127679,0.007134050502398459,0.0013424937541499649,-0.0013568835195401086,-0.007966513668474673,-0.026254801717270126,0.000706358667954099
2025-02-17,0.0062847360811397746,-0.0077131279259818886,0.01327552455066372,-0.00710253729550725,0.0076852996110041705,-0.02416942464704952,-0.00759528692422351,-0.004022002189731144,0.004766216805659695,-0.004880037221638878,0.008056475713050792,0.00651802062272
2025-02-18,0.00040820359558924046,-0.00801647980291953,0.003319136882338647,-0.006474079884892903,-0.0026110090391064933,-0.003968795048591045,0.005238000981332425,-0.00819862215793854,-0.014338328613663576,-0.0005277145519160253,-0.007350341399489868,0.001825601433295132
2025-02-19,0.0016727408352932294,-0.023004142545348993,0.002408473517411469,0.014963253253418074,0.002066714551754112,-0.01420099075637593,-0.022219797082353332,0.002837694948758296,-0.019860778618837505,0.017312813744667865,-0.014692019236754339,-0.007824809604305427
2025-02-20,0.004521637495415787,-0.0012421701142482089,-0.02321679680218469,-0.00927363263129366,0.003299958142663817,-0.0010333629250898202,0.007924684088330913,-0.01070380222629208,-0.0010441507800604821,-3.0458376539699294e-05,-0.004354056937111994,-0.01935186332064731
2025-02-21,-0.003933493591583903,0.0017463499712313535,0.00320070824690033,-0.013600512413462273,-0.01055239075037806,-0.0025859279953514003,-0.005561169629744067,-0.0028602811053137778,-0.0028469022452204396,0.011997092009962351,-0.015305915823978222,-0.009420711250996638
2025-02-24,-0.011073436404433479,-0.029159931507897086,-0.009098889114868336,-0.011841501063063808,-0.007756162018816126,-0.02315082766849219,-0.02804418860452762,0.0024943955576846033,-8.919168244980735e-05,-0.01731472898472952,-0.0025855001913166475,0.0017648923002264727
2025-02-25,-0.008686382129851511,-0.012528701365248973,0.003130404238644191,0.004760575802008171,-0.0076772663856782275,0.025042173879912033,0.0020407142769278686,0.007340153583364373,0.00796353303630748,-0.009761567142376526,-0.01579745557554546,0.010623597989787514
2025-02-27,0.0025746723497552804,-0.004683815171847794,0.010907347315639804,-0.0013887964206850123,-0.00984669417571249,0.005483200338002536,-0.0019233878706057528,-0.008027709999247956,-0.0063516218359179755,-0.005083781073068172,0.021008897677020633,-0.007674545687896939
2025-02-28,-0.005799020532345489,-0.03579184244572298,0.01863936909491537,-0.015010829513102175,-0.021451969729972653,-0.048594315546391376,-0.04341664619779295,-0.016434283037246367,-0.02436567828810343,-0.01422334454432217,-0.0329286307778589,-0.03511550033501698
2025-03-03,-0.024039698599903736,0.0028134564981703303,-0.017807618912381695,0.0017439631707285574,0.009436774933028191,0.016303683894976384,0.012383696239158581,0.006202588741563764,-0.006117916568902482,0.010572549749936933,-0.005115373612168628,-0.014251779093668149
2025-03-04,-0.007982883563999676,0.011165142159857755,0.004966063972997592,0.0034820598022020643,0.02984314060097959,-0.012814918301019884,-0.011881036626758323,-0.006541691236110259,-0.00895793905209119,0.004910416055753819,-0.011734300206964421,-0.013532210822466473
2025-03-05,0.011790981021192692,0.004246705982511978,-0.011695925787411077,0.004378722105951693,0.01997070424011338,0.027232006942207176,0.013741657119940909,0.025832527418641726,0.006072200199814137,0.008294378853225481,0.010181859494694079,9.46727075235021e-05
2025-03-06,0.02892137856724375,0.015379065521642143,0.0007100231514729494,0.0019331360435945744,0.0023276438362132,0.0053452874705615105,0.0025415687954739585,0.0016048780954942554,0.02234544937567784,0.006250622128225469,0.019937520838297695,0.004222277683524123
2025-03-07,0.03323425487731768,0.0026654013621749684,-0.0011530340561120012,-0.002873486251211088,0.0009563075256424636,0.002335744233861181,-0.017396632474362517,-0.004436853871053192,-0.006489421876717416,-0.004662624188948694,-0.002911963861876088,-0.00019289007359646337
2025-03-10,-0.0091214390020945,-0.005967560619887791,-0.001035913298955804,0.0002469648247733769,-0.005254190563407368,0.00015324895035928598,0.009163727343526551,0.0027233823592194284,0.019595884375497752,-0.020649119793376136,0.0013670015052376083,-0.006695782132522643
2025-03-11,0.007186637014978459,-0.003997572543844585,-0.0011851498973893815,0.0251471263067371,0.0013032247573572242,0.019620425742123304,-0.02342120334627862,0.0029630690815378724,-0.01370260093855269,0.005585844579058197,0.027179691694148245,0.005256370361854001
2025-03-12,0.007816969840073407,-0.019327034427992218,0.015218019058619747,-0.0011642941686980102,-0.009316867278823082,-0.012086915402909848,-0.04257934382526485,0.01526332011718079,-0.010848307018305192,-0.000563377474042781,0.013018729529090223,-0.0005881971743764147
2025-03-13,-0.007279042194173413,0.0013833513884315973,-0.0026590210807055925,0.004903733295305912,0.006638446395437203,-0.006300012738257199,-0.006914699948270875,-0.0008487209787496619,-0.008253926001132617,-0.0019882424198793824,0.0039358741652362195,-0.01085040617286126
2025-03-17,-0.007252200212939597,-0.003802388411648594,0.00222659785884316,0.015159505108839566,-0.006457251914246731,0.004073530920782664,0.00645642019990933,-0.00995020979348471,-0.0016322781060954528,-0.004345390721760989,0.012385433783108857,0.0034653883749720116
2025-03-18,0.0,0.0,0.0,0.0,0.0,0.0,0.0,0.0028189939193594693,0.0,0.0,0.0,0.0
2025-03-19,0.006699817904729732,-0.00017147172637288488,0.01970301758225035,0.03475158426742553,0.030353178487182886,-0.001220203782472007,-0.002201187468687693,-0.014788690928876802,0.013264319984526152,0.046038219435142747,0.016458318014112683,0.005353328851658512
2025-03-20,0.017640128350000284,0.01888705921632372,0.014133437055984244,0.0065494545317477115,0.005972341681437676,0.041596691596177626,0.01827864517955491,0.0022331346293973375,0.01924938968343226,0.009489215672605855,0.010332797215688805,0.00987033092977807
2025-03-21,0.005673147612239138,0.004195697400053211,0.000904523977991456,0.01619135405551586,0.004869635543037543,0.012051097953434509,-0.014236630209562784,0.003960785759859586,0.001694747425507348,0.019367101418530375,0.019568614040009535,0.00022167534370942654
2025-03-24,0.020174727116697655,0.014211480042614077,0.016748088583559806,0.011205441875285826,0.03664363774494639,-0.004056106024106776,0.00012561693800083873,0.013191952179374189,0.004451892344986108,0.019291894819743804,0.00016815823995108836,0.016147101340711068
2025-03-25,-0.012787039143588252,0.007936152716872424,0.011916664815102784,-0.010639565901107817,-0.010181863995143647,0.006807045883492124,0.02241400270743865,-0.0026769877105750073,0.006692660839501041,-0.003518279804722302,-0.011233823982465752,-0.004474821102911086
2025-03-26,-0.009646421132837424,-0.006000974241707979,-0.008180266495797062,-0.005804845021033067,-0.011451089111119583,0.004651903814702374,-0.017808415221912344,-0.005978501479532605,-0.011161006798565465,-0.007147749170429929,-0.00328657952364797,-0.011340663882463686
2025-03-27,0.004045346724523613,0.004235684987601962,0.010406558422902057,0.0005614206859101412,0.01086387420438406,-0.007966545698558591,0.0025634763861051013,0.005155296237488338,-0.0005787478424168491,0.01648858859045399,-0.015634360475124787,-0.0010524200520601878
2025-03-28,-0.002425308203808707,-0.012338468957135196,0.001561273795473106,0.008753192761792539,-0.0010358105161891729,0.005044495889346079,-0.020516951097389602,0.0007326367751181451,0.00632615990321983,-0.00265594605109587,0.001877077914258507,-0.01704494951337876
2025-04-01,-0.017645690501992828,-0.015348800291001163,-0.03301060437727232,-0.022175228214878162,0.00025920059414863417,-0.005336349120074746,-0.028109431241027272,-0.0075655414026926104,-0.01106751337723455,-0.015892115245391247,-0.020954644817074652,-0.003562822557106826
2025-04-02,-0.0011575237916060521,-0.0019290974236606528,0.01643243138646744,0.00970838800583862,0.005507345056896318,0.017660823389091362,0.015493017219828209,0.005901851746163755,0.0018128876828207297,-0.004917409671919337,0.009008841832195413,0.020468490368397596
2025-04-03,-0.001958242079422967,-0.03972973991792372,-0.0011408512444062158,-0.0012769736693135636,0.004188364751310347,-0.004901348620301449,-0.03460960068585206,0.0008555920474644374,0.0029716030977133823,7.304883576608745e-05,0.03288301000489047,-0.0023898776007885703
2025-04-04,-0.035236663910407695,-0.03048644017170654,0.012508060771296181,0.004324813426934915,-0.01507948535175796,-0.0014605572447066173,-0.029969845765862924,0.0007328059317470714,0.0,-0.04678159717033559,-0.034265573081625256,-0.017633267614841852
2025-04-07,-0.032373152212439305,-0.007683102993415125,-0.03279599423742208,-0.03575978013190306,-0.02677702105103974,-0.03257903335255952,-0.03781908152850433,-0.008908958492486296,0.002160775144091742,-0.05878550259841664,-0.025155801654952903,-0.013259965380394534
2025-04-08,0.014154618272830488,0.005772683856541283,0.006514290898725017,0.009591839330115759,0.029053312721069258,0.020010005778817508,0.022946167434048537,0.01600781172735255,0.017715796429751185,0.03017761123711593,0.01320252176049741,0.011399225366961474
2025-04-09,0.0026645384242292014,-0.01407563872587203,-0.002345785303134007,0.0006923435959553803,-0.03434811238561519,-0.0028190332232386206,-0.01756737653854179,0.009089896322703295,0.02653721313563695,-0.03383322287065471,-0.02141154148253288,-0.00013077697270713617
2025-04-11,0.02834600587270697,-0.00465100975243693,0.023654381134639912,0.008340997406485195,0.015696550828923295,0.02392813509514058,0.004096406702512434,0.012611079230547606,0.006872082745028152,0.02023476986664341,0.0213958966095269,0.012363129610752255
2025-04-15,0.01735106601006997,0.005167800786405552,0.03218483328956068,0.029390404668372394,0.01280094720064362,0.024023734236943373,0.011742217815352785,-0.0027280478594903235,-0.0019651251849072127,0.04545973603426612,0.01034037680918698,0.02206643535023889
2025-04-16,-0.0006450607873236258,0.00788131510045198,0.007024491948179223,0.0045919916092633795,0.010805572255675022,0.013230970791794805,-0.00904635045770219,0.009633794692112563,0.002159703621228859,-0.009178607579428122,-0.006979435148880442,-0.01611135561844057
2025-04-17,0.028403081361119353,0.007666993699057212,0.015282182622484042,0.037083360579238,0.0333009636017918,0.03648634906801451,0.004529120159982192,0.0065966238869219485,0.0035493307300804577,0.006072481239686178,0.034492925303031274,0.0026577636882907374
2025-04-21,0.016477043342625786,0.006881203902082467,0.010699165245330988,0.002203909611486754,0.024139336496507235,-0.003017261684755135,0.022190900249224876,-0.01029833164982652,-0.01010533551901005,0.010223845412410837,-0.003768265801077364,0.004275319747419459
2025-04-22,-0.0033192768965972785,-0.0021677581143689784,0.01795445331631984,0.004752376628267552,0.006979422225436904,-0.01656584755981627,-0.019434897579677313,0.02542271102095861,0.020289426790680132,-0.006919601613956772,0.0014328143309481067,-0.0009366035764453162
2025-04-23,0.006815426227561927,0.029749050608481875,-0.019269017622261853,0.005577094015597028,-0.010882849027309627,0.015873053257969838,0.036617936006624774,-0.006342252344168409,0.010463926318477812,0.013260373971340611,0.02369230836694758,0.014743519370428393
2025-04-24,0.0012307715038371025,-0.003340248031649007,-0.003690434913577345,-0.015234529242412864,-6.139993886500328e-05,-0.01913265415961607,-0.002373041041909385,-0.0018568611526474932,-0.04063862141606045,-0.00012113324332641007,0.008441453951971711,-0.0010918353342499465
2025-04-25,-0.0009219202768825374,0.013640732669608191,-0.0029215408770987272,0.0014971342732850168,-0.01813373088858261,-0.01538799414051828,0.00598066072102843,-0.0052319099590319995,0.0029673895009003637,-0.00863474814802756,-0.009146908576338375,-0.016478839637535936
2025-04-28,0.052599177762373994,-0.001305097577357528,0.004709074904107213,0.01708432631034995,0.023414435855908966,0.00253148303972206,0.0012835923722847031,0.0023375484230405696,-0.005831383884486785,0.016869884788397016,0.0303234387192306,0.012651694100347832
2025-04-29,0.0225744751242265,0.00842148697625933,-0.005936809911262553,0.0006998608439447995,-0.005872705193006533,0.0010978001305921303,0.01039072652608608,-0.006529856490020247,0.0013369143267687456,-0.0015027578729144286,-0.019602517718859236,-0.00042201493868920803
2025-04-30,0.0037865383223170124,-0.005413871920992408,0.00848693916403298,-0.001958257219614845,-0.029413428048059465,0.022316000970439287,0.0017362433007710454,-0.0004694238642697357,0.008786689687307447,0.0056286008688146705,0.014843486725749644,0.03513212522446385
2025-05-02,0.010533849468939094,-0.006572628939780056,-0.0016104005388690723,0.0021722965213872847,0.010207176656873873,-0.008742309859757547,0.0045329944871876915,0.008689453487872756,-0.01003365643496601,-0.0018257798627093758,-0.0042023424305392965,0.01207469360987612
2025-05-05,0.008099785134819015,0.006791069449955556,0.0077527826000634015,-0.000489396566746847,-0.008409640321721645,0.00963103489924988,0.0011281773978861764,0.01734584097188141,0.012938852067141848,-0.0014093508853191272,0.006576808788369526,0.004272549396580061
2025-05-06,-0.007266177649733696,0.0016500440175677422,-0.002633254447821476,0.0015390301749369506,-0.02012666003204766,0.018756706660321143,0.0019222940402585653,-0.003204142408882227,0.01413608578716885,0.0011410865502043954,-0.009528520691392317,0.009873140342747666
2025-05-07,-0.010486336160832499,-0.004306347706052427,0.0071957223858245545,0.00265446045799278,0.0025836279019040287,-0.002209359154058732,-0.0021171351174287256,-0.010102082779064325,-0.00461836627902934,-0.0037792352821369724,-0.020779432365698236,0.00413321187984983
2025-05-08,0.0007112498232164643,0.0011029669976614365,-0.008788988957606492,6.965564272487512e-05,-0.009148186226873856,-0.011545818349392278,0.0020553100859599382,-0.0012756281389368906,-0.0067067989719010734,0.0007526762258369679,-0.007915692133916186,-0.019077019339836077
2025-05-09,-0.021179777793082,-0.002493457928858911,-0.02011926469092129,-0.03246254001571891,0.01332896823326446,-0.014134058565946073,-0.0025141900003474715,-0.01637255857837383,-0.009342139001795702,0.036102109711211305,-0.012675327625349286,-0.011458949011136643
2025-05-12,0.043058351107950754,0.05235000040777371,0.03571992376668609,0.04291163251478736,0.028745569495877366,0.012118610500745808,0.07913240517681541,0.02821391546237817,0.021261128336051316,0.041609868530331884,-0.033585619611320894,0.029877520430489524
2025-05-13,-0.014479664614505894,-0.029112777289091674,-0.017678330000462705,-0.012357653784269229,0.00012476558025986684,-0.02683349549582681,-0.03583505178723412,-0.017451231084208207,-0.009443816576281794,-0.005631150552086073,0.008184169166468802,-0.01062151150467483
2025-05-14,0.0061453540610170165,0.009587523813743282,-0.006241493206634363,-0.0030756520217534167,-0.0013096379980642725,0.007470112532625972,0.015172806937768124,0.0028044177787975855,-0.0040255297536703205,0.0017101708287381445,0.0048234567711853416,0.015061690329403854
2025-05-15,0.02092113971943621,0.008791794972674793,0.012142736728829595,0.017248694534003794,0.008804826129836796,0.017991450116505936,0.0129364571622832,0.008273121955358675,0.001999581318960608,0.01262200097688515,0.018674636904167485,0.022257342237130606
2025-05-16,0.0015128514905287105,-0.005195510593356878,0.0004654626032958298,0.002205662368634842,0.0003156789569334073,-0.028491894131883355,-0.014321148672298833,0.0070496797802070965,0.01112441718388113,-0.003731128504934622,-0.002988238953999134,0.003319920066960247
2025-05-19,-0.010711341598050206,-0.01193394272502557,0.002067507416179337,-0.003438741372539522,0.003661128195731056,0.002370495045940224,-0.018932014057657875,-0.0008033336926813739,0.0005458295929503532,-0.0012482982927636277,-0.002709180159910729,-0.0004617332259178042
2025-05-20,-0.011243742082533759,-0.005825730491330172,-0.012276239156466584,-0.0074534860198017805,-0.01176092673073248,-0.005169647546526934,0.0005127707409344762,-0.0010336880012752347,-0.017459126752712106,-0.008999547855881751,-0.012946387019983074,-0.02702279688430964
2025-05-21,0.003228928433082867,0.007860960733237388,0.006214441990134656,0.004519578601629437,0.0018455134054582434,0.007518360256886902,0.0050622192375520125,-0.004368826708828433,0.00973892488586503,0.005942062087543221,0.014053148079867128,-0.0018199758383198317
2025-05-22,-0.013853833322909237,-0.013840934780896208,-0.003581162530276516,-0.0017997319120717226,-0.002350342959979601,0.004883423531158559,-0.01338858124655562,-0.015935377727959943,-0.014044487758768542,-0.01047648522659661,-0.0075644569578288134,-0.013475969015775191
2025-05-23,0.012345734016484755,0.01081402576343149,0.007135792229040261,0.005339512313703443,0.006685768183235297,0.00016374559542375877,0.011179282731006879,0.023938058242326532,0.012227976951721065,0.013656616838492175,-0.020422355842765083,0.0006428523416079912
2025-05-26,0.0056068761250060994,0.006458739780027756,0.003413311811998554,0.007449202090612506,0.004933646475426157,0.008571352165439583,0.010033259296142294,0.015127224424280383,0.014793354254776903,0.01355591571585446,-0.004454729156299186,-0.0025696773271512985
2025-05-27,-0.008851440092437768,-0.010912387483445918,-0.00716419775757926,-0.009721977929487924,-0.0008811888932342971,-0.0019486712056724365,-0.006580176684588546,-0.020320678590894703,-0.005806089758385369,-0.0023843826076187513,0.004355282190800169,-0.0005635826550434153
2025-05-28,-0.006469296318463824,-0.0002857535941754863,-0.001453533638011928,0.005116174836402809,0.003590727660369275,0.0066709200262935475,0.0010827657468199803,-0.013730681756290997,-0.0076464170301121515,0.0017307651555595882,-0.010098556923190283,-0.006686007357451285
2025-05-29,0.003468121654575773,0.00011436354625904421,0.0020794805666251026,0.0018571552784039103,0.001004321429348698,0.0040407757478244655,0.008779705559551543,-0.0034508109577129353,0.00198984574654526,0.0024683179304862968,0.02004322710144346,0.00494690412388632
2025-05-30,0.0021864194149390226,-0.009919719201165633,0.009027269201477672,-0.007346289193481237,0.018749616208126874,-0.003970874811704106,-0.0005756090600607111,-0.0016716483893101097,-0.007774512292761049,0.005416778985832815,-0.01306035465270361,-0.005890874952951708
2025-06-02,-0.0050672635520357945,-0.0039267207348231414,-0.00658132635298192,0.0032507805416828184,0.0016619648927413966,-0.0011313079331155551,-0.005695232309131937,0.0029900574369707833,0.009922131313681248,0.0012244535389449585,-0.0017882940923821256,-0.002354174635453843
2025-06-03,-0.005800273178426574,-0.01292836475078385,-0.0038818339414775638,-0.008686698420884098,-0.0047317994072001435,-0.006903564341965818,-0.006950710778507507,-0.005604443190226016,-0.008137924679873287,-0.0002194355819292726,-0.004239769923088277,-0.013181371284796572
2025-06-04,0.012806787396711927,0.0016888036948825569,0.008625200280024448,-0.004798659553553741,-0.004075088746931299,0.018519518845046212,0.005314308611814145,0.00011982570388013869,0.005186368535098351,-0.0050208682032918395,-0.001559207682060637,0.0028858267211622213
2025-06-05,0.013277120171936607,-0.002898598409566744,0.004327195311416787,0.016631704306069972,-0.0006199664322884546,0.0018129082416411535,0.001998493314153027,0.005035990991046235,0.005032772455628054,0.004439561449531615,0.010931498250473348,-0.0030419619256769614
2025-06-06,0.0007626139236709406,0.0038860736941737084,0.014926140501737573,0.0033681236345242116,0.008746895546670519,-0.0045773400504981465,0.006112073665204276,0.004652818385589841,0.005638682707831855,0.0037610222682133987,-0.002317170877987884,0.027709015825289507
2025-06-09,0.0036716435351531462,0.011139861919722271,0.00010112431037945235,-0.01705815656502563,0.008609607073667425,-0.0027269900302715477,0.005819158641383382,0.004750004845935463,0.001422787277799209,0.006181099458161032,0.009051964134240809,0.014042732168640715
2025-06-10,-0.007109403277025583,0.011981721644962473,-0.00687245300228756,-0.008293956973374428,-0.003658334778017691,-0.004289388651517734,0.014686236400958341,0.009336999993115436,0.0008355408712883428,0.0002446556379755993,-0.003304944316320002,-0.009258476114132108
2025-06-11,0.007229809741173154,0.0025989810226125787,-0.0075815761441124785,0.0056926315481129475,-0.002447844888097128,0.001669293338303346,0.021992470808734677,-0.001990666847159428,-0.007848848580016554,0.0013587762090492284,0.0010657580706492364,-0.005431352190244043
2025-06-12,-0.005038255784043266,-0.010858690781282765,-0.003588965038381242,-0.004053143019272509,-0.011164917759990622,-0.008601241307131358,-0.013794403336317873,-0.012084988771808636,-0.01838924223727223,-0.021955116057464252,-0.0018927532428322236,-0.004979144667117019
2025-06-13,-0.0095033733687242,0.003348702665604275,-0.01327577260643853,-0.006385073422077503,-0.016874563059850023,-0.0020604586847181583,-0.004102943549498028,-0.016864566506753387,-0.005872989535046114,-0.004578355235629328,0.00023701535267672824,0.0014528385152365875
2025-06-16,0.006933309097606699,0.01468507121546847,0.009282435811056589,0.00762665206679447,0.00018938196860940337,0.011356225932027897,0.0136080467116233,0.01038906788986882,0.0036221845535631125,0.011512482564939974,-0.0014811413876025803,0.00983232945716428
2025-06-17,-0.004590408089462872,0.005434217457872315,-0.0029967204119509816,-0.0025931330137790587,-0.00025238307564101614,-0.0034921681683547368,0.009915008420867677,-0.0019130114010764698,0.0005156490530102698,-0.0017636606420716738,-0.020827238924701064,0.005187583506583104
2025-06-18,-0.0007685818469123085,-0.01817759537756014,0.0022284203172229233,-0.007448012091143763,-0.000504815153896887,0.005984504275375446,-0.00426854715511904,-0.0035937329627980796,-0.013441601938134595,-0.005742228241543357,-0.0013331955276049134,0.012147653684407622
2025-06-19,0.002237695986731625,-0.007938907506855997,0.0007239431986829636,-0.0009201389956100536,-0.008587055155587442,0.005948836240874611,-0.008879911401724061,0.0002404873404771024,-0.0013494193626262252,0.005442242248162366,-0.0002426818777307993,0.004549745893266177
2025-06-20,0.022953917524542122,0.0034170978587437784,0.015191419251939342,0.01119528533703118,0.014074746791238102,0.031806025998814436,0.002780514600576822,0.006129760235219273,0.005230673626592353,0.011294845961053568,0.0106214846749626,-0.0011713694418247211
2025-06-23,-0.006411090241396078,-0.01225365954508606,-0.008296485775162177,-0.004905035508462108,-0.0074734858618838995,-0.00020652117810648907,-0.023969441801684144,-0.011109756765263379,-0.003111008006238536,-0.021381789432576626,-0.0015614551779529195,-0.007192512902123416
2025-06-24,-0.00411860249971141,-0.0009430862769067572,0.006415555606764212,0.002816680935695315,0.00658058778500803,-0.001394386368614775,-0.0015152157074030947,0.0010873062619514151,-0.005274430554441767,0.005887796309075988,-0.0004812791767138114,-0.006929701308604264
2025-06-25,0.01137306138106009,0.016045493889211837,0.009842427771912687,0.0011937161610562352,0.005846063301000903,0.01654940633269608,0.02105467097223035,0.004826734394045351,0.006892996171558474,0.004161139202641939,0.0047542695232447585,0.01237013833331635
2025-06-26,0.01908266081831589,-0.0008709282677733521,0.02100801401635133,0.009328056294600096,-0.0037497100209235024,0.024776246072820918,0.0006811300627538319,0.009487176353135673,0.000921733583433948,0.010995088019819077,0.0001198451414232693,-0.004072995921459266
2025-06-27,0.0134420860335005,-0.00020333690464002796,0.007550661052185825,0.016051671251746003,0.01047612157739275,0.00635445199302298,-0.004950443847486885,-0.003925701350168009,0.011443164844477272,0.0053557734436091575,0.01065990640468506,-0.00574130705638054
2025-06-30,-0.009766436377643628,0.006073617739626114,-0.006650411176158055,-0.011215846680451613,0.01856221308510886,-0.008632996030964013,-0.0038557206878608863,-0.005254974076037144,-0.005331776023170032,-0.0025549051666508005,-0.007051542973129821,-0.019142543519618416
2025-07-01,0.018525947099128137,-0.00932994819111066,0.005296008397041696,-0.009544963653943195,-6.097267242688442e-05,0.0048766243862974346,0.003121574451673048,-0.0032417147979592054,0.0003922449671103223,-0.0008447476146040689,-0.005072480603431573,0.0033871424634934755
2025-07-02,-0.006281089763032099,-0.001866021806507634,-0.012971503743565704,-0.0029329163706924843,-0.009021021402258467,0.006883217801401997,0.0023026302309974156,-0.005179478670340076,0.005053439070537014,-0.019063466314111932,0.006178130244750113,0.014467104452313029
2025-07-03,-0.000658344818495471,-0.0065725765249750046,0.0005538408190579602,-0.0013307624546881058,-0.007135051327562425,-0.006885325068221593,0.005091572833707092,0.0009686662284493774,0.0027306225991907684,-0.003864568213803099,0.001311425068892147,0.010299465337798575
2025-07-04,0.006259085481400639,0.005586894366741424,0.001107193704058096,0.011852234252771598,0.0058852643668976246,-0.0010399931658826578,0.013591090485032042,-0.00193545764444214,0.01119574054720096,0.0032656045441725734,-0.002024160276998699,-0.00831234000897596
2025-07-07,0.009297338276263556,-0.0023685252854455108,-0.0009551381479699916,-0.0049211309599296316,-0.006158732884850804,0.008278805421503499,-0.008349950399619943,0.008726293910857663,0.030393533908293913,-0.0036722285835930624,0.005446531455335579,-0.009963600646416326
2025-07-08,-0.002530062867381666,-0.0016121804804564155,0.007044384340888499,0.004388166681729588,0.007188475521063387,-0.0019175515934504173,0.007191015713069682,0.002523176934100535,-0.007343137107297504,0.006980476157009363,-0.004405014994297907,-0.00846652895964628
2025-07-09,-0.01209672737504952,-0.006576210409969918,0.0048964886598470425,-0.007004052591730869,-0.002091948955528,-0.005073889381376984,-0.0030511289532565433,0.005393068205408413,0.01283068144101307,-0.007403481649509769,-0.001853560609944127,0.004511043043973428
2025-07-10,-0.001185043006442732,-0.0005318716188282835,-0.0024860444906277257,-0.0054473730604578385,-0.0036377071404014583,-0.02733074899489496,-0.010956668123773494,-0.0061986064485803904,-0.006189654915994436,-0.0013967720255528837,-0.004133207142354323,0.014434620125058473
2025-07-11,-0.01450032197239437,-0.034299231001064134,-0.011215174409386575,-0.0015448450172454997,0.0008045293572469525,-0.021684937779325564,-0.012934888519740784,-0.0001200080158905159,0.046171924764905725,-0.009539223939630137,0.005714314082620353,-0.006007892191024933
2025-07-14,-0.007691329035668826,-0.013257828166635344,-0.00035286990087468606,0.0007736612489150918,0.000247265746440517,-0.0005203112710459035,-0.015424124114500226,0.006238017435425736,-0.0011908235850744964,-0.012625035519031158,0.006339693803597557,-0.004771690806615325
2025-07-15,0.0011458537942672375,0.009184891543765783,0.006303589038414659,0.0054813560406543615,0.009396080185865907,0.006923813780963517,0.00974336078173299,0.006437826212575493,0.004092897988870803,-0.0005434852360581832,0.02668491676832052,0.00175801660351671
2025-07-16,0.0001346130302264381,-0.0025299685562171215,0.0004008417302299172,-0.0030752219045273588,0.018678419192883933,0.001240857568161502,0.014064150291884792,0.0059227358596292135,-0.0036803871710251457,0.002804841970195371,-0.015340076160219707,0.002233570752129488
2025-07-17,-0.006192692010126066,-0.007392325125458621,-0.004708719780823101,-0.0053981956327595615,-0.0032463966819724632,-0.003459617458498654,-0.015175071935531359,-0.001530874687327377,-0.0030982457162292976,-0.00850504307964739,0.0014108730792858903,-0.007004160865642928
2025-07-18,-0.00027095061635218354,-0.006013889127689298,-0.014847255622456923,0.005004553369734044,-0.006815472639172593,-0.00674020502199657,0.0016417953174130417,-0.0028305227789025,-0.008048425839342066,-0.0026482656943042082,-0.005753201504228422,-0.004568781990324733
2025-07-21,-0.03211388916092317,-0.009937704512935408,0.022019047004099512,0.028054467531247296,0.0010324568480808427,0.0043134866176515185,-0.0011347276310409438,-0.0062684777267919545,-0.00992123891534602,0.010967484183942,-0.000767507603431361,-0.0011273468395511799
2025-07-22,-0.011059745551301958,0.0004433841441739972,0.0032991454681567944,0.005321305626571071,-0.011162343555379484,-0.0012569778781604812,-0.008458025565570737,-0.009759575756610683,0.006004165130524264,-0.010905581148660581,-0.008450087444567322,0.007013401328044511
2025-07-23,0.008352212772528844,0.0061717118325870235,0.00856965313813407,0.010179094448753201,0.006932547881932871,0.019404186158732628,0.002291656053789337,-0.0025240098689200963,-0.011815872585004383,0.005859225740290741,0.002681812041909426,0.010806838624373372
2025-07-24,-0.015232314313711859,-0.009782703197908749,-0.004989442785946707,-0.003493146289979987,-0.006031816097941567,-0.003961350396020524,-0.013972705346624426,-0.012049658281530151,-0.005141972027574826,-0.002123431973139911,0.005646314022742738,-0.005543645538955255
2025-07-25,-0.007983564911071106,-0.0038755219192346813,-0.0022894633978292056,-0.004247060917104917,-0.01121741647496155,0.0009297468755671279,-0.023703702374586855,-0.0013416824471476074,-0.009188700709216069,-0.009949694673800136,0.00413704432557882,-0.012184415321874642
2025-07-28,-0.00294607045514228,-0.018017581165798324,0.001945526375720652,0.0076502232021946615,-0.011654522847277526,-0.024562625024190043,0.0001979054105702982,0.001221371300627938,0.010847164951371058,-0.006012368866316176,0.0018835237279182238,-0.005159656773104482
2025-07-29,0.02125974232938521,-0.007566748058850048,0.006522271262082935,-0.0014781898242098856,0.002571621835027349,0.014812454480433113,-0.001517197325189068,-0.0035374451578487065,0.004914853357117277,0.021448243206922957,0.00487602882341065,0.010453793299592062
2025-07-30,-0.004939664122301846,-0.0007852922205647817,0.002077587109102108,-0.0025567739108900422,0.0030655600691946727,0.007454476813180788,0.003501506411481614,-0.0020810741282554224,-0.006602672129046749,0.04848950053323531,0.01362174743745137,0.01194967960030513
2025-07-31,-0.014112474038723288,-0.0055017820774354576,-0.0037516518796359977,-0.000674555532673371,-0.006361884653781513,-0.009469086454774067,-0.006583292960204434,0.010672297499175754,0.034380962879891896,-0.0078033701131321465,-0.01563048855765392,-0.0007925480570166732
2025-08-01,0.002517666933043783,-0.011130083722217021,-0.002972929019413595,-0.0066154581758712805,-0.0032012696807022234,-0.015619319846700175,-0.026110111456710716,0.010923597902079862,0.012890612137214541,-0.013529432700439492,-0.045116252985169525,-0.013709620149819468
2025-08-04,0.012771749405182442,0.023776164326888116,-0.010038762947834123,-0.0057080704858827325,0.002141007728412525,0.01602628667061845,0.007417015227782597,0.0009605251670197212,-0.003915856820833508,0.01220970938157917,0.007301922263047045,0.005121155074598649
2025-08-05,-0.014027645661354837,-0.003415236256140819,-0.007228948535774382,-0.012848578075037143,0.006158088902781689,0.008983654954102915,-0.013644025975914187,-0.0064772080745508775,-0.003538135705015155,0.005921127268898152,-0.005786991092555649,0.013910172272157961
2025-08-06,0.0007903961995867625,-0.010313767555152564,0.0038936654662875547,-0.0005537730080317216,0.0056832941126434555,-0.0010871084170217538,-0.0161610684064869,-0.005191359660952188,0.00035518753254493163,-0.0066255255854787976,-0.02260892208179388,-0.0010368806626595006
2025-08-07,-0.002441008878437123,0.004847865231157877,0.00508739190862606,-0.0022859230722696022,0.0,-0.003679309253245,0.00013916239572964173,0.003883521543247559,-0.007138479443100532,0.0036380207101862627,0.0020060849751277754,0.008623414288301046
2025-08-08,-0.01554635100336188,-0.003478827321332978,-0.010774760784228898,-0.00305493807010937,-0.0010557177418228925,-0.033288273651864486,-0.009603953459784043,0.00217603504437891,-0.007507331980547094,-0.009336561033916668,-0.007194669309169122,-0.003324860846608879
2025-08-11,0.01345223906930193,0.0014490794777888283,0.01099339634295271,0.00048741969928922657,0.02380949989759995,-0.0006456326621493425,0.003583666198091917,0.00566949786366866,0.007924338124724262,0.016853316801737517,0.013548359351615025,0.0005560181858765834
2025-08-12,-0.004184030550368867,-0.0017759488130711931,-0.01287827459922819,-0.0025251962674345263,-0.0034610757631355904,-0.0038225277050073503,-0.0028706502498464515,-0.0011995426949823473,-0.013738849152272525,0.0048249969221307865,0.008579925321425597,0.019290242601480267
2025-08-13,0.00159364347911084,0.00026362436167226555,0.005279416637375078,-0.0008438630088650756,0.0015232467197041633,0.009241735700334264,0.0017554986255381433,-0.005404079038432319,0.004549442475386689,0.002061767140696613,0.010849521933803619,-0.0004672967195893385
2025-08-14,-0.002396234915443829,-0.004577999389812293,0.005453712621415141,0.004574900644521929,0.005718853936892865,0.003427213626405967,0.01479032308598871,-0.006399417910115557,-0.005811350618253552,-0.004521175595089133,0.0009757612462699683,0.007947681338327683
2025-08-18,0.005750387752597064,-0.003672663873053872,0.0062779420585099555,0.005114495053901047,0.0013308858584957228,0.009873025851642403,-0.008219915651863086,-0.012516752673251808,0.03527372700337361,-0.011395137707170488,-0.005300403080096605,0.08750771650123457
2025-08-19,0.0277918481328272,0.0016604080129907217,-0.006238775388107243,0.0011850014681662469,0.0033226422400636224,0.00919508155108728,0.002925300467010894,0.00689148681125995,0.014290729314138106,-0.006079612775474197,-0.003736149203324768,0.0129371688932447
2025-08-20,-0.004999603624136206,0.02731924046443357,-0.001456464608844854,-0.003968527410984968,-0.0017461341266860053,0.009792151650679148,0.03902767715754085,-0.007455413622310836,0.024953881176229542,-0.005729306295208958,0.003996061343320534,-0.0020351066100021686
2025-08-21,0.008351050852788644,0.0012908263849180646,0.0015088937729046403,0.010764703351546778,-0.003920607712559865,0.0007778934177051777,0.00013371289742147852,-0.0012313690597990368,-0.008165381942294658,0.005650940375387048,0.004347502064527831,0.0041488445853472555
2025-08-22,-0.010948986783200665,-0.01566426443742941,-0.013358792659587615,-0.006638941201889681,-0.011444878253685342,0.0017617093691926211,-0.005947651460804226,-0.01787702222464238,-0.0068353782333674395,-0.004650377867512323,0.0009755984722081834,0.0048319012546793605
2025-08-25,0.002412750251587381,0.02835622326994569,-0.0002544822092365173,-0.0022278561375354,0.00024503962235122856,-0.001344884270582658,0.029983180470175563,0.002636334992935474,0.0006463819246700364,0.0020301755163931734,0.009075327279763679,0.007178181868675582
2025-08-26,-0.019609227068779322,0.005285654811861384,-0.008808058620231485,-0.01158244350649218,-0.010533437545424684,-0.013466634092450858,-0.0016317510455677864,0.010016303933597426,0.023179911046009805,-0.017151945706019966,-0.03404350810987622,0.018129022570759767
2025-08-28,0.0007221359781603987,-0.020112834183683703,-0.016026371585568855,-0.012353565256034371,-0.007303332502144766,-0.01239038244974433,-0.01928603316799038,-0.006074192288507807,-0.014187159358397206,0.005308788990465496,-0.009123391011456206,0.002582568277507802
2025-08-29,-0.02070862138199292,-0.002909165329686214,-0.006473164848890711,-0.0009291187124245148,0.0006858555389266385,0.004093388528642494,-0.020332040675054452,0.022075342982495805,0.002034460536466165,0.011488445700672312,0.005549668319572598,0.002643715373908062
2025-09-01,-0.0024314600515965568,0.009044766338384358,-0.0010508991029281045,0.009443376246108581,0.004423647501889283,0.006247342242239773,0.020277718470835593,-0.009517980212299437,-0.003872541708392796,-0.0007220498850416535,-0.019567257798816518,0.006490396878773064
2025-09-02,0.009306434069823899,-0.00035356444095890893,-0.006416915096540965,-0.011906445480868166,-0.0026672590996965617,-0.007050440674491676,-0.00046691187492264863,0.002217587964585377,0.010379401620277617,-0.006530685452386886,0.0012153049467473753,-0.003022783647020022
2025-09-03,0.004463939560155561,-0.004499325881555549,0.010534648106045319,0.002008334242761034,0.010262413691503935,-0.0017485827846893676,-0.013078034279179307,0.0122924981925574,-0.004594740797565611,0.007245010603295521,0.008625093606871914,0.005727021352768036
2025-09-04,-0.009689625876550978,-0.0005812834288252411,0.007124489331857609,0.006084477752664519,-0.003386055461902293,-0.00185780602654817,-0.010884906516930082,0.010078909991803942,0.0007131239146314083,-0.002277250098981831,0.002280413893756217,-0.017753076930396516
2025-09-05,0.011550109855192225,-0.015311406122788251,0.0022367054380347806,-0.0019209816423766402,-0.0034594340972584625,0.00792379775926566,-0.012577025267862307,-0.020557781335365788,-0.012450408190392226,-0.010855659914042137,0.007141444128598851,0.015891444654892117
2025-09-08,0.0025454506535760313,-0.009611889183457012,0.0026987552237063284,-7.134290603616478e-05,0.00272752959940048,-0.004009958962583715,-0.008098978634648923,0.0004909914192394726,-0.003607527783485609,-0.0067537062032007045,-0.00790655234925497,0.024370593865684853
2025-09-09,-0.001668579358936717,0.010069447807599552,-0.0008798649970191974,0.0007128656497046304,6.184338933734601e-05,0.003178464831803396,0.04982898341051589,0.006134184480552474,0.006898254908233481,-0.0013033093510909088,0.006767865056900524,0.0070126792975657715
2025-09-10,0.0005813609478000359,0.01987283884701596,0.0007770767501502629,0.00014250664541370917,0.011559619947093092,-0.0012144608171900106,0.01881268816286541,0.007316142806998771,0.0005676861277135181,0.007092233797679537,0.001068090560396584,-0.016726308948216806
2025-09-11,0.004575245705825681,0.004565922950080958,0.0019670059198386713,-0.001638286018223134,0.006660979156037916,0.011420049166851465,-0.014941959712930664,0.004842081234050832,-0.008133220913636663,-0.002901428311609777,0.01022961749487239,-0.0008604950196728911
2025-09-12,0.008458009292861446,0.0029446548938527606,-0.0005165899549602893,0.011486820825514554,-0.00012145676297659058,-0.005436493475277415,0.010531931659025773,-0.0031321980676887184,-0.015827524453605357,0.01132865517863868,0.004286574666094278,0.015236887304510782
2025-09-15,0.0030823948774383325,-0.006861481464229602,-0.00025849262112609406,0.0011992144281534056,0.001457130061137235,0.0009986758384765704,-0.011274218783652867,-0.0026585655504115513,0.0001937064196677607,0.0017877520938771596,-0.009031400885934127,-0.003915229709352652
2025-09-16,0.004287876866437168,0.010861642830015006,-0.00020678340679602947,0.00154988713862525,0.008244955776000706,0.018377500056140583,0.0019226518761930045,0.0010905223524506624,-3.871451999626352e-05,0.022753918353825675,0.005305886241097735,0.020176875915857595
2025-09-17,0.0060485713051525725,0.008614749842052793,-0.00036199393523794754,-0.0016882009852803304,0.030785881193954534,0.000928116979830973,0.007344655915148657,-0.009198832506234655,-0.004339661219425528,0.0048257862789260475,0.006023036600518061,0.014640753626603109
2025-09-18,0.0008486758999204369,0.0012291430563995398,0.010760524816156192,0.001761487574001075,-0.0032667164048837405,-0.0001030850837794306,0.01195472450113444,0.005497240236826961,0.006654518240485574,0.00013565409756988167,0.017528694820197588,0.0010125884703995336
2025-09-19,-0.005370967430211482,-0.002360736327532198,-0.010236508275741407,-0.013715928375991449,0.009363898952045036,0.010973229883568747,-0.0002596364021906217,-0.0021868743212193342,-0.010514810414301468,-0.0028757710769046207,0.0044886478053096646,0.0029715204244167293
2025-09-22,-0.01193697408733907,-0.030102274270853213,-0.002792426048868313,-0.0004991751232047426,-0.008233335110652495,-0.0031594509912210578,-0.0264251730701186,-0.009009996948656784,0.004922502868870415,-0.008407239259343058,-0.007246357945266957,-0.0030257637591296627
2025-09-23,-0.0005751644315916682,-0.0037088267412744846,-0.007259905344918827,-0.0051373259063201004,0.017947935360086653,-0.008945902746465006,-0.0013337641009982804,-0.00921492121040235,-0.0194386573945452,0.0035944861682055684,-0.007785922607738915,0.01776682448423239
2025-09-24,-0.004892858315176718,-0.0088166976304892,-0.006424978193304343,-0.008319695104019198,-0.005053901286056983,-0.003920191466216361,-0.0019365619738304085,-0.005456415789393043,0.010824035146849154,0.004429177410076424,-0.0025134716886862085,0.00944279246010482
2025-09-25,-0.007664448009885971,-0.02569671554370112,-0.0012618342628776258,-0.004990125425744507,-0.005830045919305027,0.0023302894356969084,-0.006556912622336375,-0.0022443294942919856,-0.004393108961094128,-0.008002708838329875,0.00018442584320887967,0.0012308228739288385
2025-09-26,0.0037889514205171615,-0.019713194929929734,-0.005053387398649578,-0.011775061800240016,-0.004877241712910041,-0.00981604737563313,-0.024178323482282993,0.01249681020159521,-0.010440061524221722,0.023350968371251613,-0.025009316102335033,0.0010449375911250058
2025-09-29,-0.0034843534361621575,-0.0010347843849826122,0.005555229482790303,-0.008458332616551045,0.01610363006721527,-0.007513328210467907,-0.0049002836454377086,0.005307335618759845,-0.005533828782915862,-0.011020295844818784,0.0016386660278764342,-0.01854352871590248
2025-09-30,-0.006410272444172027,-0.002658826539378767,0.000736661837417385,-7.414638066127743e-05,0.0019523655627546876,-0.012511805398428222,0.0,-0.013996338468829195,0.006605482786548267,-0.007970898204337273,0.003146095562865936,0.0028153265036992003
2025-10-01,0.003445729911237372,0.008932306558979475,0.014984205365028425,0.01780412178514612,-0.00957081157790085,-0.005749575562954856,0.002774281018595781,0.010086008449004868,0.008670134522764439,0.00308826923924288,0.02628104008747756,-0.003992802187158362
2025-10-03,-0.0038722179717254335,-0.004220737605155289,-0.00010355236683690094,-0.004956277272310516,0.0037033111417021924,0.01558147320054637,0.0005533211353960787,-0.003205174488995266,0.003430207287426379,0.017110341116692185,-0.00305584074845322,-0.009959280489140743
2025-10-06,0.008508154209957652,0.02980813885223288,0.00859965793966011,-0.001318458728779226,0.007782783580600583,0.003374270511220523,0.020323525236064288,-0.00878062605213814,-0.0012180536828518829,0.001044715956127762,0.014406528275064945,0.012147280305483843
2025-10-07,0.00712726183001311,-0.004919080479447779,0.009296849251305472,0.009168261764599617,-0.010697326677793995,0.013609391321765862,-0.011856395619015192,-0.0023704790107065277,-0.00967817896235812,-0.001953466697522499,-0.0009669004831748262,0.006875859598054479
2025-10-08,-0.012565010212474692,0.017991001292797737,-0.0038676704279507756,-0.0040700021400815745,-0.007459256168315331,0.007516870314250967,0.025025734412872147,-0.00012512591645930105,-0.006793209259382649,2.6835736211427985e-05,-0.013005803068267596,-0.0059597382408209665
2025-10-09,0.007605702038898432,0.011396708259723942,-0.0016348924815232646,0.004305470175902881,0.004485833400602823,-0.0007717859725244747,0.009565266367886238,0.00037518452977902683,0.006999740511004493,0.010563544591005947,0.016486861699412936,-0.001686229695002095
2025-10-10,0.0028305316105254885,-0.010908844475715718,0.003889109053228923,0.0029793605842078907,0.021517301166249947,-0.0010813985697787354,0.003710290615941192,0.007251887624514453,0.004488265200592201,0.003926535061399505,0.007476605942810188,0.017516415642614636
2025-10-13,-0.0048490284679943985,-0.006967787114845914,-0.0039759426940012554,-0.0006521067542991643,0.0026117082791843327,0.0077323735869412324,-0.014324417147475232,-0.008813324339664197,-0.014274881451372345,-0.003831890893556955,-0.0014961527553237763,0.003565911508801811
2025-10-14,0.0006545571950453688,-0.015595774147580177,0.00015355572961639474,0.0034072322565121826,-0.006795441134712865,-0.0042457718216795115,-0.0022099322892892292,-0.006136570171213718,0.0038110010698124697,-0.0066852515976562055,-0.008391349300112982,-0.0037983379091611758
2025-10-15,-0.001162886150263942,0.006950640232817218,0.0011257119752032807,0.010331689873028127,0.010433873091187262,0.0112503849609642,-0.010403337988314054,0.007812508192054812,0.006673831272441255,0.022540898742933857,0.0004230770433570896,-0.0030133393814043563
2025-10-16,0.017463421964418302,0.00030307908043769594,0.016457924155284243,0.013515496539897365,0.0009592722993996272,-0.0005587884857799486,-0.0019669885323125857,0.013128374473970306,0.016871767834812257,0.00864528560632416,0.002356455038977856,0.0053047513935855495
2025-10-17,0.013230393728203227,-0.002861195681668427,0.008246599680788558,0.01361736847435413,0.002480438880828606,0.022669502946164544,-0.020659148741809408,0.017277460895473773,0.01647470949273422,-0.005800409679508234,0.012115667018451237,0.006319777229713663
2025-10-20,0.035290716445324666,0.017892050757828626,0.00039898441231578374,-0.032228811727195716,0.020637674750559,0.01963225439270322,0.013739492985189727,0.0021836907962169416,-0.003571828843193292,0.008673201248357465,0.005657821112344363,0.0014023644497305199
2025-10-21,-0.0010908202546936474,-0.0028189684853908714,0.0047360425532414485,-0.0059700075871318425,0.00038561555389104996,-0.0038996178287765693,0.007871842773240711,-0.0004841383851613701,-0.001040755398912685,0.004002382816324479,0.0011251980531681305,-0.0017048276524762596
2025-10-23,-0.0114659946029676,0.022117213767940624,0.0010915842847574186,-0.0132416506831885,0.004075600793163936,-0.017421060084299222,0.03810102851639097,0.007508787592487742,0.003819982989902604,0.007844273046641703,-0.00035494551466119795,-0.0001830042695581957
2025-10-24,0.002209355342217556,-0.003254012636532466,-0.01392744811264468,0.010266168997269176,-0.007734076780455901,0.010657906084966973,-0.0020280904023657342,0.0020434733429721685,-0.032749099084724675,-0.0035216362425747327,0.005384899450823655,-0.007259174316756822
2025-10-27,0.022389029988648,0.007084197665820469,0.008243283616533814,-7.255333966060817e-05,0.020176908083279654,0.025033243674443373,0.0013976956201109392,0.00923704212848353,-0.001828067247824805,0.004840162636333467,-0.0031783103447925454,0.007005022220603285
2025-10-28,0.0018867452120525652,-0.008752388961779212,0.0005982069997889639,-0.0105255548365224,0.008127858628698581,0.004855485284094296,-0.0028580523068583163,-0.006537467462363722,-0.0058522755385788106,0.012487855312223406,-0.0038970358582869347,-0.004698560024730236
2025-10-29,0.01163483310742941,-9.800526560832523e-05,0.004284793179051949,0.0053554706997449575,0.010212301410774005,0.004975724566974815,0.006799131223506949,0.008853838297131933,-0.003604162823988233,-0.0037001124281159647,0.017131002817123653,-0.01060630652836636
2025-10-30,-0.010437403705000348,-0.007293366961630965,-0.00962438441689173,-0.005837700814689262,-0.0057462030508889095,-0.016328709021409593,-0.010990478172126061,-0.006760047796400714,-0.007435399546831034,0.007427770495425978,-0.007284794075506085,0.0042136182646070885
2025-10-31,-0.0014107318108448341,0.00747865325484498,-0.010870166544315829,-0.01255137010901397,0.0028362062149152045,-0.00571074059508947,-0.007698438797820617,0.0038209979552097373,-0.0016602041663625888,0.01088395755994731,-0.007455694996938433,-0.0012340887247467291
2025-11-03,-0.0011437600722541408,-0.013472756380385476,0.005418867341157929,0.0008175821802771654,0.013553921454855011,0.009491386373890132,0.0021587102122944124,-0.01522543331035131,-0.002230863300141217,-0.012503378262465836,0.009286144787238548,-0.033053272703196024
2025-11-04,-0.0078130381840249,-0.008817283524945041,-0.007454795197989084,-0.00705581714285719,0.008318359988754631,0.01894887907770637,-0.011847834929373469,-0.012199615850964629,-0.005812930147231943,-0.014093712414268933,-0.009610890084951196,-0.01769850991361588
2025-11-06,0.015613345081491259,0.006922498348377104,-0.0006089537613914731,-0.012341985651076581,0.003289486490758442,-0.008706798813170824,-0.0008175638856127154,-0.0034238335194413105,-0.00396620841248807,-0.010906059398611334,-0.0024260206919163307,0.0050734481335412696
2025-11-07,-0.012098138921255441,-0.006343576055434119,-0.0023867007140820906,0.0171159848480682,-0.005100173196345703,-0.04472766425357755,0.0068863183526914895,-0.008466229489861643,-0.0012411805418726107,0.00023181601810584596,0.003262337833904949,0.001747404713971168
2025-11-10,0.007645503023053557,0.011163810027504883,0.0022396834592501857,0.0037230473662404062,-0.004917066232604572,0.009294460297093243,0.024850994777016355,0.0037123924803497133,-0.002154128095071428,0.009272396571315067,0.0037839009816003077,0.006718774334265376
2025-11-11,0.0027530023395538894,0.0072061766750126655,0.007313327082023147,0.0076409310334562,0.0022604282192533187,0.011139709356207783,0.011100136396105631,0.0032055698532167387,0.007763206635174491,0.00931473410538275,0.010778600738008626,0.0039786486279655975
2025-11-12,0.01211992909292925,0.02783063238573047,-0.0022183916416598226,0.0004417187699663483,0.004038632746635962,0.015423800918270558,0.013984138460696016,0.00036863711570012114,-0.0012358118859420175,-0.00010110339835822657,0.009323489614925018,0.0032598447089546845
2025-11-13,-0.00039690971869799085,-0.00833391708825093,-0.0028802007299384424,0.01986902126669654,-0.003291032760174506,0.00867976021584238,-0.006380099214911006,-0.0031939922496774242,-0.0069704696219762274,0.012112439344295067,0.003059895870374474,0.0033766336598819446
2025-11-14,0.005294826136542197,9.666000134100905e-05,0.0029898266032626353,-0.009308000734386312,0.014517780112230483,0.004254671410808708,-0.02529511684151775,0.006038849905465327,0.008348499774590401,0.0004746958238839305,0.011338729595182562,-0.004127234927964074
2025-11-17,-0.0003949759893837612,-0.0012235076261447597,0.007023032569990706,0.004369984684746253,0.005682667728609259,0.005474300513890862,0.003194060436778612,-0.0025725545303378894,-0.0011121796984944199,0.005818621225513132,0.0038700544494127964,0.012369310982317527
2025-11-18,0.0007244356949636099,-0.004867442724559301,-0.00411416613346649,-0.004060941981072319,-0.0009246088238860084,0.017517353027993066,-0.014062095178724365,-0.0030704825716798556,-0.008659804928105364,-0.006976669740708763,-0.0028913162322394825,0.003274999914582466
2025-11-19,-0.0003290652512906167,0.019630076862509505,0.002166326784506456,0.007062755700877554,0.010591789320213651,0.004932071010872008,0.03680031238369086,-0.005667151718031338,0.015640716953394307,0.00500052484307556,0.014384756966518975,-0.010169519441460606
2025-11-20,0.019882826481121718,-0.0009212685965956924,0.014327410084544301,-7.22700714770319e-05,-0.0012210831291239455,-0.0006945502415187654,-0.0029848784769667125,0.004708221749281538,-0.005406412766746138,0.004428266745987841,-0.003755351768106485,0.0020928462828302408
2025-11-21,-0.001613860485537244,0.0018443167855544118,-0.010705245599864077,-0.009761437231621262,-0.00911820258222884,0.002038595405703836,0.005532043516112584,0.005919349514120098,0.0021825872174181526,-0.0030960672953933566,0.0012939511077767474,0.011138535598936405
2025-11-24,-0.006918402716518335,-0.002983587454748915,0.0011021386425635882,-0.000803135022053203,-0.0020563558280100036,-0.00490117015623226,0.0019417916159578663,-0.010543099500177844,-0.0039036033620380994,-0.0028819975937314224,0.0006181758655310343,-0.001189237557533418
2025-11-25,0.0024740929270772316,-0.0070036130197748125,-0.009357957943524453,-0.007746249668727279,0.013393791397273258,0.004414250304579648,-0.011240338961612806,-0.006814564873353746,-0.004166216916944521,-0.004136314020050991,-0.0022462216410367164,-0.004323822156675705
2025-11-26,0.019614227507197768,0.014009858717275225,0.014245319807291823,0.012667508544113248,0.00030505435071681575,-0.0160991643288384,0.017836172185772492,0.003742575459207531,0.004597904764414906,0.016338504008078347,0.015814968090248627,0.01680405017035347
2025-11-27,-0.004140396168178739,-0.008315086480391476,0.005578208294847675,0.012509050045779624,-0.011230900052700443,-0.005266124389333604,0.0054560527467264475,0.004971388342616123,0.010926928460351704,0.004751346041743654,0.00299182714397217,-0.015659817307829726
2025-11-28,0.002622519213936192,0.00028688096265372387,-0.0018821130851079948,-0.002442093885728691,0.006321663035905534,-0.0066174748732032995,-0.004022004505517596,-0.00012365406469194706,0.0060775288558638785,-0.0028666947382358643,0.011765985163603832,-0.00018861546572390697
2025-12-01,-0.0008931406081523763,-0.0013067426597057619,-0.005458524762346428,0.0009360093983852291,-0.0060265548205520325,-0.005662400388652622,0.0024998325291267776,0.0,-0.0008514753440096445,0.0008845491876467992,-0.013212486772515186,0.012389925897545728
2025-12-02,-0.012642863060538412,0.0007341045743285424,-0.012274202782653676,-0.012301264078151686,-0.005960354971400239,0.006843109948293069,-0.0019181223691103755,-0.008163206814514101,0.005396705756899767,-0.010483133066375272,-0.004370916174182393,0.008821508544017309
2025-12-03,-0.004850269145247221,0.014127529005347528,0.01081023547315052,0.013474141858950128,-0.016799340426468135,-0.008555174069687088,0.011338870666792955,-0.001122344489831395,-0.012026821867133441,-0.010544588650272968,0.004001073652463161,-0.009668055667504283
2025-12-04,-0.002079562098127874,0.015471738125459211,-0.0032983193993855187,-0.003449614738172402,-0.0031018333921443153,0.008533121531119514,0.011971846896486671,0.0063669117181670565,0.005800598324911865,-0.0011033055089920696,0.006420674778698565,-0.005471956224350261
2025-12-05,0.003256017134998901,0.002787093279878583,0.006117109077992566,0.004182646645853216,0.02468098057545398,0.002376597872824515,0.011642478246658872,0.004714142244090613,-0.05019891578427149,0.013706174177292585,-0.007149595113943086,0.01800677495811298
2025-12-08,0.001557889183141814,-0.0005250147095650082,-0.00019937400026992513,-0.0020825682899053843,-0.015542975702947714,-0.01071698743149263,-0.003341107568014867,-0.006544015154844263,-0.010519216806196274,-0.010276870515277592,-0.005040749120292953,-0.00583468043958113
2025-12-09,-0.008814042063944538,-0.008713122039908594,-0.005981423099213901,-0.010362728725219372,0.0030844819445055016,0.0016777127743405895,-0.007325620214527873,-0.003107117714135188,-0.0032410689153993255,0.00020022041516676303,-0.011245987152028403,-0.010316943087350205
2025-12-10,0.004903945359473916,-0.005953347755306981,-0.007321218272822949,-0.008435157562706408,0.0004169773108770869,-0.010862852932700617,-0.008880512717761135,0.005236195412271716,-0.002081093019180247,-0.001550996742043509,0.0053491258320119695,-6.24331683410917e-05
2025-12-11,0.005270284298839245,0.000846686511916106,0.010608204874447358,-0.0026400116130178564,0.0036467394059365166,-0.006676311210682129,0.008329126564652345,-0.0006201133622163457,0.0016944477958142912,0.0031568423152013025,0.01215342805156383,0.014295563649386223
2025-12-12,0.007443411420030577,0.008960109792794047,0.001199645558421114,0.0044117567193278084,-0.00010379001261417997,0.014708655182868124,0.00012510205026106114,-0.0069495632959342135,-0.019517688547049827,0.017532975575474508,-0.0075807469449413745,0.016863602759456642
2025-12-15,-0.00019279610688960336,0.0030119655029656744,-0.005391967575958834,-0.0005856685051376376,0.004256864431786411,-0.006575700652016847,0.005381134286299716,0.0054986124876907905,0.014553602676970145,0.004467237214737629,0.0020072294326980433,-0.006476240670020061
2025-12-16,-0.008931955777110256,-0.007770420312449677,-0.001807024642456856,0.0005860117137421739,-0.006306550125712795,0.015606071862750204,-0.00865073871659816,-0.001491464237277973,-0.005406585347625725,-0.006964308993221868,-0.008791867291410349,-0.003716118875183416
2025-12-17,0.0013616007284771303,0.003962427912653554,-0.010359015914392256,-0.009956094237207558,0.015294151567640801,0.002854477511007536,0.005712833950994423,-0.004729825556658684,-0.0024110998165700614,-0.0003445699327427887,0.006512089795983389,0.002690473367220836
2025-12-18,0.0,0.01957861500392344,-0.0043699227745961355,0.003253524112569517,0.0017420939434347193,-0.007590078307241677,0.015480693681181323,0.0015007104478219624,-0.004438384936390483,-0.0077047634461515635,-0.0262145692102691,-0.004207803019503076
2025-12-19,0.013403186310904314,0.0003657729205728266,0.005920174882679152,-0.0019900226683305933,0.002813139953108834,0.0027245444872643354,0.007314899368866756,0.0016234001107739982,0.0064003556696610175,0.010518189790121202,-0.0005727807638233884,0.005205490159645221
2025-12-22,0.00658110679344337,0.013071311218222137,0.002232410988758149,0.010634405240484757,-0.006120547718759695,0.02378806956146251,0.03106121656564742,0.004114210542108809,0.0041666459343940865,-0.00027003697666794224,0.014270188926895244,0.014316969628645593
2025-12-23,-0.002983431547231463,-0.004481308161632724,0.009010763931792232,-0.004019059047245532,-0.0024632830521725824,-0.011501352731287828,-0.012606480409848464,0.011547028399641501,0.0057217392915458465,-0.003339507764328342,-0.007853982385580105,-0.0038440533825998546
2025-12-24,-0.00795817911602592,0.0027189812767149935,0.0006020808426916435,-0.002347649776244465,-0.003035290098217125,0.00037695095701528736,-0.002937153174881635,-0.0018411588937489176,-0.008859545933945334,-0.0012811561685820427,-0.010763679130155968,0.0071148306185007115
2025-12-26,0.0006417426942348925,-0.011750455999179898,-0.005114327770677218,-0.006912867917709731,-0.0027349927931497042,-0.008617132222214607,-0.004388606103427617,-0.006025562117769279,0.0014021318455643694,-0.0015542230824630021,-0.010074950814547456,-0.006406003045742126
2025-12-29,-0.008722386443924313,-0.008689089886921075,-0.00040318699715369277,-0.005257614543818345,-0.0012935695568689898,-0.011304127793756447,-0.0068836627040668175,-0.003835252886813967,0.0034567708323778312,-0.0021248815128059872,-0.0013375218950256729,-0.0032537853947079975
2025-12-30,-0.0037525936694431383,-0.001445500696961477,-0.0008066366810288716,-0.0005956571280272271,0.008704224416254513,0.008743194838451096,-0.014045114642839751,-0.004967683978726267,-0.0013517911070857203,0.003293147975391486,0.0017469895939592472,0.00634754433060758
2025-12-31,0.019872749161595316,-0.01250463662079171,0.00030274077769254504,0.00029800607345542574,0.008988669088845214,0.0027622231198616287,-0.003823337710604058,0.005991014038208453,0.011221700492472397,0.0077739409803248005,-0.00029066909246577843,0.003003490187137192
2026-01-01,0.0033111527772029525,0.0066121841967967665,-5.045195815567283e-05,-0.0036487993291453025,0.002596183378264616,0.0022795836026368033,0.008914186384206824,-0.09714640105888162,0.0030657870033590218,0.013934064052611772,0.0008140957691804562,0.0006588009892884994
2026-01-02,0.010599232824698213,0.007219385196045147,0.010543238508079034,0.013004469576272104,0.014419937212882372,-0.0019426571740733811,0.006503869946475227,-0.03792785288844158,0.010761954306098165,0.005555094440416131,0.004009050047743212,0.015082584592104542
2026-01-05,-0.008917991859113128,-0.01064375802690809,-0.02406144154441614,0.011878358805123668,0.0066068885454309,-0.0006172406981685974,-0.020726690484366816,-0.0009997240564110221,0.015374816358139975,-0.003122510855423699,0.0005208997200671917,0.011497610029709726
2026-01-06,-0.04467397667305939,0.012344133767710597,-0.015652197094406572,0.02894636221659752,0.013276338520123332,0.0001424558639320228,0.003610541318017191,-0.020731947512027227,0.017029473424181818,-0.002361187288981381,0.018103936035723356,0.007986062597566068
2026-01-07,-0.0022552717026890212,0.012224348743963276,-0.013666586966833316,0.01169217848406423,-0.011532020118695585,-0.010022274199398717,0.016623294968570956,-0.003504254612220259,-0.010434346745672007,0.003960860322248738,0.012725831190841586,-0.02793198130117802
2026-01-08,-0.022337423385908717,-0.02782494995802931,-0.002476163429401379,0.0051132351854523694,-0.00908508852316292,-0.008588410562249238,-0.01568028785226816,-0.0010256919129500996,-0.0052929478857142165,-0.030935861218101435,-0.012285425212704704,-0.008626352378666602
2026-01-09,0.003196041265173921,0.0012172748177980974,-0.008133504186030871,-0.02139373594650673,0.002505024680423462,-0.018971156228610564,0.0004958170940481121,-0.011000236125070284,-0.00590773142782508,-0.0007943346437611076,-0.01749297878291811,-0.009781543631430911
2026-01-12,0.0053547636931428055,0.009913288831319145,-0.0021831917297068237,0.006266385643852956,0.014642695827021823,0.008337027526874152,-0.011275601044485883,0.003707529070236637,0.01416169697544234,-0.0015402621550808515,0.003526150287433527,0.004908717274072494
2026-01-13,-0.020496171220296455,0.008766560903658016,0.0004269190647672172,0.0169132575415063,0.013101453696532817,-0.008365941326535897,0.0019424539138996888,-0.01093376777223165,-0.0069404613677203075,-0.03274448828410159,-0.004205116233028772,-0.009407754338018437
2026-01-14,0.004129973889475558,-0.023102864373790943,-0.012695339519595006,-0.01294368582628791,-9.721010620189485e-05,-0.0021708145729062434,0.0005003292501839507,0.00014936759748240824,-0.0150658886857572,-0.0055563620018326265,-0.016197077615340727,-0.016680861325875873
2026-01-16,-0.0006169565104086061,0.022707640360314585,0.006105106955523132,-0.005358088376260062,0.013565481631364618,-0.0030160621351580374,0.05625706074194747,-0.01657952627138548,0.0029318223972452095,-0.002431645017962336,-0.01869812730447229,-0.01814018535722728
2026-01-19,-0.030386222382269512,-0.013440520237555598,-0.003436744182823248,-0.02140636813515462,-0.0037417109442153818,-0.0031739629235375544,-0.005089435612882887,0.012150604258642117,0.022665598701389955,0.0034747759432431913,0.0038947768094923507,0.019988690235476225
2026-01-20,-0.013865288327362557,-0.019376657928196983,0.003556383560383569,-0.0034766717394878466,-0.0019260511947375436,-0.006965200991706166,-0.013264245798949581,-0.020708309979631245,-0.014416450231753308,-0.015323768381970027,-0.036767349570101526,-0.018360534022849317
2026-01-21,0.007604056306050433,0.006543522779421718,-0.011651693421642073,-0.019479646810778295,-0.0074778211271469,5.0099067965270194e-05,-0.0027126271391266776,-0.004750185630757131,-0.004665650495839446,-0.0115470591782173,-0.0005576846362844723,-0.006864400783704316
2026-01-22,-0.0014950853130218933,0.008902767314289628,-0.0017927454649970809,-0.002594487025329162,0.019151256868243483,0.003055951972696036,0.005500467292467226,0.0003079867012820703,0.009543970711743288,0.007248097062805492,0.013206002953574325,-0.0003170520129800458
2026-01-23,-0.011693449417618407,0.0038407873898465006,-0.0028301326122368575,-0.0015607232409247107,-0.017980629023889527,-0.008740373291689085,0.004388342235966736,-0.004463693242349742,0.00790597466167875,-0.013179398345347648,-0.001407411528156044,-0.0187758198728587
2026-01-27,-0.00404010662257559,-0.0014229047381563165,0.011243416433832643,0.0133988140890835,0.02297238475784069,-0.005693489263533302,0.007122263951240937,-0.014687716057678823,-0.0035693167724623054,0.011752783352072749,0.004289479840275057,-0.014480557080762568
2026-01-28,0.011734823320726173,0.01333130274311678,0.006800464932957384,0.004627576314816917,0.00982766365899046,-0.0079558824561069,-0.009627351196617062,0.007845658556810964,-0.009371483395334335,0.0016367978769074032,-0.017267733144763486,-0.02413905638957592
2026-01-29,-0.00408100477061113,-0.017405808436043002,0.0030020507261359075,0.011625366960408945,0.002538696543032959,0.0052102672843565845,-0.004200390561712175,-0.007940153455285315,-0.010847554079378985,0.03661042741979248,-0.013224862588698594,-0.02520670710494821
2026-01-30,0.0031631999215702145,-0.0065194520090091634,-0.006680924664804744,-0.020670756635300158,0.010270219301205419,0.0004064526924492107,-0.011147938072588515,0.011142419460919317,0.008671253134820978,-0.00015250728750404452,0.003775314675439123,0.006688775995686624
2026-02-02,-0.0035831590207748842,0.01462914998072562,-0.0012376212007129128,-0.001623549766056609,-0.04497987719110419,-0.0016761951594206348,-0.0070689040117084545,-0.023125871868587833,-0.006616130762846284,-0.0027973337935789377,0.02043502238615691,-0.014727041878739522
2026-02-03,0.033587393461975035,0.017573220706301074,0.02219595265139751,0.027276695526662786,0.03450953535863355,0.016230802582518855,0.01632505107605864,0.006196365577229468,0.004793645884750397,0.029964511507811098,0.045580132237048376,0.027669588769918096
2026-02-04,0.013708276482541581,-0.07013301834510222,0.0046378811875502635,0.013456166433760686,0.0037587140965908983,0.014269249732788092,-0.07258454969424133,0.011929795266854892,0.0010132134233962198,0.011959049758385465,0.0013513396152677881,0.019550841904517835
2026-02-05,-0.009198276446980902,-0.0025341201112869527,-0.0035672904482948464,-0.008449319553143098,0.004961635132690434,-0.016487306527579015,-0.010157624300343282,-0.011629736270052038,-0.0070012694215041416,-0.005823209127350459,0.005432755770568454,-0.0007962430626521355
2026-02-06,0.0051268004167235315,-0.0166806367148169,-0.009055499806620904,0.006874351667523371,-0.006613837463494421,0.023087706894790117,-0.008617275240571987,0.05029004371878498,0.02964661778811739,0.0011812679658753655,-0.004404999123011288,-0.004117157116013237
2026-02-09,0.007444133077086468,0.0022437183793835302,-0.004090951344630334,-0.006969593452346712,0.07464360465949627,-9.811395031811276e-05,-0.006568907452738859,-0.009208113054155476,0.004455141903370707,0.011184625832918682,0.005604347911160268,-0.0012668841982208523
2026-02-10,-0.002121020056346845,0.012346539613439234,-0.005174678926825216,0.007304945206078495,-0.0016579178399723782,-0.013197863768451112,0.00040082380453587696,-0.004336997253371,0.007638656571190339,0.013467495089541925,0.0018773540071315153,0.011216420659139859
2026-02-11,0.0069935003177907795,-0.025062001849009752,-0.005684298040796065,-0.0002843583727699661,0.03391314350190333,0.0003976822212385933,-0.01729204792604755,-0.009800895952607025,0.0037902241406762016,0.0003357568377784226,0.0019322434836053226,0.01756241660040292
2026-02-12,-0.01348130215075427,-0.054883481590727534,-0.007011091743491349,0.01699736852104028,0.008031104113453758,0.0011928181254294845,-0.05835995501934854,-0.0025137300152110464,-0.021600547140828708,0.0037166766193410528,0.0022208488994464037,-0.005580108142315354
2026-02-13,-0.02022224400288386,-0.021053793432892043,-0.01814034153399624,-0.010769219909464223,0.005199586000773193,-0.004864743275635575,-0.012193416726503203,-0.011655361317089552,-0.0433663874420247,-0.002866734198685439,-0.010146420797589761,-0.005807072659106849
2026-02-16,0.012327398069824858,0.00534878315552878,0.024228299578640033,-0.0021207804987397605,0.007925907908676422,0.012321075026559436,-0.002556360582020245,0.013386487876413833,0.005986503727121839,0.006612515654786488,0.0017673222745910877,-0.012207180065082146
2026-02-17,-0.009811374982602317,0.0039901524882470785,-0.00010796492286002657,-0.0029044698365845445,0.004387069352500772,-0.004484104182317483,0.018746319078381646,0.023588588637442953,-0.0028891901408713005,0.018636169473704056,0.009761854003740522,0.008504436437645868
2026-02-18,0.012860184532927255,-0.00827994796042042,-0.001080234977414718,0.0004972954422077791,0.004532693142573319,0.000742508365302541,-0.012579114746727016,0.021508702146574077,0.004843739434250649,0.010771582882376451,0.00425133399012978,-0.0009881896809526003
2026-02-19,-0.022063441957186347,-0.006308225011023683,-0.009841057154273192,-0.013776349086977557,-0.01082945886044362,-0.01642106648069641,-0.0023293707339959724,-0.019401475481130692,-0.019023103994511126,-0.010494945887999707,-0.006378998505183975,-0.017211846927373098
2026-02-20,0.007023806447532088,0.0030995277308316638,-0.004095718973815776,0.004104170755059977,0.008625662748418916,-0.005632099873832508,-0.012623239952484822,0.003067487907324029,0.015443398820191412,0.02338514020406457,0.006419951365346899,0.0049654734034145775
2026-02-23,0.006058814721798367,-0.0036855253054521864,0.012885907866915458,0.003513872983457844,0.009620986278317423,0.01006374234819285,-0.018991922391850102,-0.0048929331733736925,0.013350510163579576,0.008560457209025651,0.004581329782284538,0.006343077281248499
2026-02-24,0.0005602723452611258,-0.038336540696323196,-0.014183610096832222,-0.010433102537313554,-0.0036650627947290015,-0.028188096152105047,-0.039171447443614005,-0.005838963753491799,0.0056281654750469645,-0.035965643931877955,-0.0002886128897130469,-0.009686871984182499
2026-02-25,-0.02120658722132207,0.021603163841764195,-0.0031850946754928833,0.011337361325356232,-0.01896516379078972,-0.014219407764545,0.011446503898235205,-0.01159195047423689,0.006910822863894772,0.00922698437118541,0.01870878658402919,0.009647606932214225
2026-02-26,0.0059349587935093595,0.006998089159136356,-0.009916273908654127,0.0031417822406680784,0.007832747308004429,0.008466541173740572,-0.0007750868637663721,-0.004534841483005092,0.0035369954563211348,-0.0027916396254537013,0.012186854558325466,0.009489051094890621
2026-02-27,-0.009169794935556141,-0.003890222027764345,-0.012074263837782429,-0.018506621467999862,-0.006449024380470569,-0.026067501784179492,0.008533052700256505,-0.014765930092074164,-0.018965299219698584,-0.0019129645417741425,-0.027272180206242336,-0.023401020902514724
2026-03-02,-0.025755137390645833,-0.009061943817042617,-0.009405834929033241,-0.0035536264514219873,-0.00981931480411169,-0.003245947317928377,-0.008614719162860385,0.00414534249757792,-0.007484683970458317,-0.04945889834341821,0.008923424652042211,-0.03156762876206731
2026-03-04,-0.009572822989874274,-0.009833497332849994,-0.0122242200588204,-0.006259077350968423,-0.01294235969032076,0.017456759301887947,0.01435332764071684,-0.009367959172458584,-0.025553726783094755,-0.04527008840888258,-0.0011412147242888526,-0.01598553104392353
2026-03-05,0.03301116723536035,-0.0034779042081746203,0.010475984155599027,-0.00571266444623697,-0.004257049885802222,0.0005771420862983323,-0.00122374805727965,-0.0014425855474333726,-0.002786011419756651,0.04020495893754261,0.01942295575101949,0.018152262165173738
2026-03-06,0.011083904066363504,-0.00822084259439626,-0.023583044150976562,-0.032557424262248946,-0.022659334185677227,-0.01898265482471817,0.0019911106764523012,-0.005778477150167549,-0.012993415962002208,-0.022012023683074977,0.008349696040804266,-0.01775924753676028
2026-03-09,0.013667380231682458,-0.011807956184319623,-0.01907700037065352,-0.02664839264050245,-0.038932590188359706,-0.0021916582728310763,0.005044328747412452,-0.011947027616860173,-0.013973028604252868,-0.02726713435600514,0.004445947474495782,-0.0459778474601823
2026-03-10,-0.010674129241834973,-0.005657977922131852,0.010407957360046627,0.026204656074120036,0.01247152296184284,-0.008731922194917474,-0.014752888477840398,0.00996723314746606,-0.002005041259438345,0.008823217271869632,0.002987705855513445,0.026576863266956074
2026-03-11,-0.01320281777802923,-0.019179507853614663,-0.018247092896708117,-0.013186998996644439,-0.018971440881331625,-0.023454391511064543,-0.014896500050198491,-0.00016168993368581575,-0.013149485042217246,-0.009597502386384682,0.007226411607790251,-0.026682069793920737
2026-03-12,0.0014386776973818183,-0.009128231300207679,-0.0014389417316761355,-0.021705568913144013,-0.0054073847128085495,-0.0031543965402192065,-0.00822689638345464,-0.015857611120709714,-0.01133529842875658,-0.031077412507398927,-0.00032858148116921004,-0.036008028352971566
2026-03-13,-0.008260270305528894,-0.01306087680065715,-0.01891320432964705,-0.009237948915631566,-0.03520081698902944,0.001165798282243724,-0.013825298412313392,-0.008714211550031159,0.010810181971281141,-0.07541339123478352,-0.012984240338393294,-0.03228033078842596
2026-03-16,0.010429502180503425,-0.0005393155904525049,0.028886147550208685,0.014424547993713954,0.01881566640870913,-0.008095772975103999,0.0012016614257990277,0.022557639686753506,0.007268440417776301,0.008839782966030496,-0.010213158472535011,0.013183955954511495
2026-03-17,0.0017919207711702967,-0.007263776234175845,0.0056506682863521895,0.012412549507167192,-0.0018749523077792318,0.021355098080946933,-0.013522223163531466,-0.011030059727299979,-0.008043361013582717,0.02115644738753164,0.006280873388077257,0.016853499940231664
2026-03-18,0.007512956232144763,0.02052931321192042,-0.0027207607032612158,0.0004656706187058379,0.004790144627585535,0.015544594613337015,0.027739457555591374,-0.0026243264365924945,-0.010610702166249819,0.018375272937899867,-0.008972328511114291,0.005858835157025677
2026-03-19,-0.016547107763784985,-0.03474276110078034,-0.053199650627666184,-0.030404210643703133,-0.019536439649928128,-0.015306658807292983,-0.0365400480422573,-0.01989796760038276,-0.027162356917585617,-0.04806118040346119,-0.01906315826131677,-0.03441145120688216
2026-03-20,0.0213749079885428,0.014685991154442357,-0.022237509259669497,-0.0037596483773592038,0.008675723293867454,0.010454262685321014,0.0287515526408455,0.006543625784934282,0.002599446488265933,8.73551327815747e-05,0.01874568811917343,0.00015877122968244173
2026-03-23,-0.004666257826481779,-0.00284454234206033,-0.04651157983808685,-0.018227097392761182,-0.024669132346591516,-0.027192446988129504,0.0007166536830904846,-0.03167192633434346,-0.014644442134026936,-0.026901164686000456,-0.01052276423284959,-0.019522238650852897
2026-03-24,0.0028412958929566745,0.006292524089351659,0.027884110635976178,0.023309054075455027,-0.0010659768817354864,0.0034522986876048822,0.017106994976597623,0.0027543279559592015,0.015982844724276912,0.0521781017969849,-0.002900295040933254,0.008822324362248501
2026-03-25,0.0009207592824262978,-0.00892120996380008,0.022748052841367272,0.0067934909600329,0.028909499259144322,0.018200987302630534,0.0006257542660850213,0.015279034427797544,0.02388490505511598,0.0376762725845059,0.024011813906539947,0.019817065691270175
2026-03-27,-0.04599812997457742,0.00521581510323732,-0.03336317260600907,-0.020560351116284292,-0.03875162017004197,0.00490492315865132,-0.007348940821984673,-0.0033818092186345128,-0.02829312755925162,-0.023346905180434696,-0.0010025583062946986,-0.025332431417553813
2026-03-30,-0.003115491227037581,-0.012930025669942169,-0.03259723212950971,-0.022613058056771163,-0.03933296834292266,-0.033353200394516835,-0.015042917885841112,-0.023752992619853197,-0.009255649648497899,-0.016834558270177435,-0.020294424393323518,-0.006699498964705453
2026-04-01,0.01882573816032962,0.02089957456189162,0.014626523965534544,0.0056388496415988865,0.03920767762618471,-0.00028058363337502,0.02007036954932917,0.013903385656813372,0.00462239852083246,0.02950824193199919,-0.01633274487764247,0.016496091790620282
2026-04-02,-0.013657577915861752,0.017648073759990668,0.011653777095683715,0.0025563915574924323,0.0005895468346335253,0.004377320398446294,0.019675573244817945,0.003942426642911556,0.00029067628492418507,0.0015524085669826881,-0.020190954253667792,0.009752913060332213
2026-04-06,-0.03391338056926663,0.009466713706658192,0.026767855041769595,0.012830972695986542,0.01409069596251622,0.0017322328890116978,0.004151212709408547,0.006829441553616089,0.009441696516462761,0.031717836121147425,0.0005904880903300214,0.0045127353893865685
2026-04-07,-7.660557771316245e-05,0.02663818437456622,0.0012969825219191211,0.01145032597255935,-0.0022754973201943862,0.020917009495465377,0.025417269563083655,0.012209567450056191,0.012375320242597132,-0.0011803477912490923,0.013808515979776281,0.008669609140715906
2026-04-08,0.03311362925154748,0.0076383117206269,0.05712439300525385,0.05114413288136577,0.03013388098927572,0.017100971314262248,0.005076835023299475,0.013402593441115496,0.016583021440832457,0.07590041500699285,-0.0019790459075247346,0.06282233044017094
2026-04-09,-0.013206752133664734,0.01164434069895015,-0.022546206951919445,-0.02131062531822081,-0.019313199955323657,-0.001181752357213517,-0.010845353978939598,0.001818437551274421,-0.005779385410408233,-0.027384615801197443,0.0014581041847454568,-0.0009557681660310458
2026-04-10,0.015187987035020889,-0.02499042104815019,0.015795366089045526,0.03168649951098401,0.02473707468015629,0.005700700935930669,-0.029363102339199365,0.004125442674980384,0.010360123876148375,0.016349238477956884,-0.0362238317901562,0.008830658844323214
2026-04-13,-0.02599616182950437,-0.020480827820098302,-0.019252139613693764,0.022089358320372066,-0.0029530440597482777,0.0004813386422919397,-0.012146981076221142,-0.018405996500248656,-0.013037665383790586,-0.001414131906040672,-0.0016316232277119314,-0.04617405429806365
2026-04-15,0.02205158901526394,0.03328474442421636,0.01912672339401622,-0.0022203635674509226,0.007474933506357528,-0.008124512253100624,0.02232144514134693,0.011384618226851773,0.014291131915848743,0.030852530429435587,0.0268733329866524,0.01628944066412985
2026-04-16,-0.0005951538075245066,0.008610836189215432,-0.01784172280484997,-0.001928627716684117,-0.004059700938611632,-0.008137040603340417,0.01064880248265676,0.004469395852635616,-0.008574341056066026,0.010671349575464673,-0.0020629456312796224,0.003461462238627533
2026-04-17,0.016154221932395352,0.0017850739316833675,0.005594352903883548,0.0009662229994376048,0.012275677610649849,0.00342278660683637,-0.0003789946762072782,0.011206381883472227,0.04754326698088707,-0.005752634731839623,-0.0103951098844699,0.008848927807835638
2026-04-20,-0.0012453936740434157,-0.0007358694275600985,-0.005563230230687499,0.006979411831912863,0.025549652404580847,-0.00043314846665643003,-0.004625790714864464,-0.005867000020333912,-0.0041502772593003945,-0.0110104892238726,-0.004118243208200423,-0.00022303858024874668
2026-04-21,-0.00733514411354752,0.011978571828847429,0.020491541469136454,0.02374288720000073,0.0036106181428066098,0.004820998752819383,0.000457099401685257,0.015245881335384182,0.03549173923182436,0.006023163391581043,-0.002037636869344772,0.0008178438988859504
2026-04-22,0.006502548387833373,-0.027580911584488055,-0.014598051977781523,-0.01498135244099319,-0.007689835872451201,-0.014016188132567553,-0.033962799554866474,-0.013402257551621055,0.025143964464466206,-0.013323759615809228,0.0027625267719464386,-0.009211764104155917
2026-04-23,-0.013728767947403075,-0.006578677186015902,-0.01944000812886426,-0.014331596895618803,-0.008202785157899073,0.006670295794165559,-0.022071616407382866,-0.0006546857128901795,-0.001013231985147578,0.008206676308356586,0.006168326804339763,-0.013271363914678869
2026-04-24,-0.011612322406057696,-0.04952819973363032,0.0006374932238164543,-0.01617214121220789,0.006260037899565418,-0.014501419710257646,-0.06932132872095875,-0.012119106817976899,-0.016522886083590316,-0.009817226787279032,-0.035533599147165695,-0.008510590775025362
2026-04-27,0.02861873765675349,0.021152340197958308,0.006306917078756191,-0.009123856385237494,0.009762993059082348,0.0030862479773852147,0.013597868773237654,0.00746014153397323,0.00042970821381693725,0.009790017223542336,0.06979763313412812,0.013335349213428715
2026-04-28,0.016913139279922884,-0.001184876037325644,-0.009179512571661053,-0.016817531622625004,-0.018482721312886308,0.013021307656084558,-0.01555162902773255,0.0019747225200184015,-0.016664564066337983,-0.003922473241102509,0.00796076621721764,-0.024958402662229595
2026-04-29,0.026279801764230504,0.012271440290016145,-0.004536462160496746,-0.008513964114992723,-0.0040318209354972545,0.024026458970762832,0.013366931887263345,0.038758331367479526,0.010875688839586894,0.01446370519301432,0.017970553777104215,0.02831215937636178
2026-04-30,0.0037884784278527928,-0.00032323788850752155,-0.009370971627915337,-0.013739184115041936,-0.016974963167004198,-0.0006885072577385021,0.012248465296620381,-0.004268813946959771,-0.02743691104606416,-0.02004346827010084,0.016641411538494966,0.00429956783342611
2026-05-04,0.022574711776720546,-0.017219717952895564,0.009978036340457797,0.0058572095444628935,-4.675632638106997e-05,-0.03164094237121051,-0.011338667231728716,-0.012067216831803784,0.02594519994407718,0.02162426717242627,0.008405622735682572,0.01997899684952742
2026-05-05,0.0003417276634201105,-0.0016451414702955969,-0.009109672141757286,-0.015344708889922787,-0.007955809716116535,-0.011493567024294382,0.008301918773358175,0.0011250765712100819,0.00783786237204498,-0.011290456969838769,-0.0014806299241347798,-0.011340206110686535
2026-05-06,-0.017559404857963812,0.003336911402203935,0.031399749089936924,0.0225365505835049,0.03405981451913398,0.015281473451375982,-0.009252240255914868,-0.0024081689923657335,-0.0044255397428071275,-0.011345389975017328,0.016146732231839156,0.02204676140943218
2026-05-07,-0.0011823388612344221,-0.013960774730437886,-0.0006277293256695682,-0.00039080099483967956,-0.0036496561411178963,-0.003871932854860205,-0.0038553611830102197,-0.010621219292606843,-0.019377714994459505,0.0036172818952817654,-0.008539599776916651,0.003498012775369652
2026-05-08,-0.0006962564559982454,-0.002915051654487355,-0.019094287675940236,-0.011102336627374032,-0.0665751479440777,0.004325012952098639,0.01419110741372065,0.00016276177774199319,0.006821612166346247,-0.012055654037645858,0.007359359983944547,-0.0031953522981923443
2026-05-11,-0.0327480499097329,-0.0006263836579122328,-0.022027220345781418,0.0012649613776545277,-0.04483466079283771,-0.04071949617291204,-0.0018656012010918044,-0.005204164473580852,0.008523871162207097,-0.008630026816635716,0.013420603351594229,-0.017703641679292725
2026-05-12,-0.017432646312707356,-0.038697715313190106,-0.017285402840883424,-0.02060953073787042,0.0010271218500037538,-0.0017047707381522281,-0.031180925722075647,-0.016838249832236585,-0.0195908450278911,-0.02124257677619923,-0.014417696764347676,-0.023066050883329137
2026-05-13,-0.00381228544543466,-0.011955056481173676,-0.001132669214373161,-0.0037894532492172006,-0.004617305789352821,0.018442556917219965,-0.015083864686515902,0.012470887258366758,0.0023430361998548754,0.015376679882652233,-0.011323534024280879,-0.005238350449411677
2026-05-14,0.0022078400297471656,-0.011791545814260118,0.026614222277917543,0.00841690813820084,0.010102097664349774,0.05270517248585582,-0.025019987652072695,0.009032665025406006,-0.00820364720150979,0.0062821814164504275,0.021043298896884943,-0.0021369219952334095
2026-05-15,-0.01865176919350786,0.008014244295923012,-0.0026639166161285255,-0.0012038254876876042,0.0006753149678522252,0.011627288871271846,0.021917849407550483,0.007324251586557251,0.010450506809055682,-0.007968713742493194,0.008050679229051783,0.011166313471975275
2026-05-18,-0.0003741258009706261,0.008480452056328636,0.0014983680439768499,0.005303315207532133,-0.024709289339017504,0.017161751497807076,0.021000848686875795,0.0022619483714945154,-0.00792177065602917,0.0022512061226549474,0.014694974161010732,-0.015505655532170648
2026-05-19,-0.009881095096107906,0.019227567093740072,-0.008066086243387116,-0.008232735553478587,0.010006347812018923,-0.012692875015051452,0.04761492564390868,0.0004836526417846265,-0.009449102665107123,0.0008168217071580219,-0.012330793480193059,-0.004609704394341385
2026-05-20,0.027973085446836077,0.00012883557127674194,-0.003869072903534665,-0.0028207309038392747,0.0022133607168131064,-0.004494345006141542,-0.0026736616713510797,-0.00886237555753544,-0.010569186687764076,-0.0026268988761191103,-0.0010625186327639646,0.0036277044860506535
2026-05-21,-0.007428072844503308,-8.595058568272584e-05,-0.0004608213615903134,0.0044451298224843505,0.0,-0.010289215683093711,-0.010471636857328326,0.0016257026763191185,-0.01371473695420522,0.004551579322946031,0.005850165922960837,0.0005382821305353058
2026-05-22,0.0036307001155833074,-0.0042540644009113615,0.010077033756975995,0.01729968906201962,-0.0017877927893406032,-0.007372861347996973,-0.00567221394352746,-0.02061339182022126,0.011289693689472413,0.009279038081544844,-0.024692049087327916,-0.0017678089101450523
2026-05-25,0.009228523034322533,0.009578876866111585,0.026147593265809732,0.021751199545107625,0.021491743696329335,0.0018168465206236384,-0.005108460549326788,0.007457668752199664,-0.0032221373257245167,0.027199053132823003,-0.002168535186760856,0.014090958562352762
2026-05-26,-0.00782727074955647,-0.013863695533430809,-0.01010353495589067,-0.00983137247465371,-0.0011344632978902425,-0.014881645436590762,-0.0006847677595628321,-0.007567072836789035,0.005872939219357054,0.0010909274039050398,0.00010871891810904089,0.0028853387717258094
2026-05-27,-0.004276436694568342,0.0035147038427931765,-0.025998210590779114,-0.005003470863179094,-0.0007227797697793026,0.002869675518123449,-0.0066796722140674,-0.005789142601012265,-0.004978691375049582,0.0024022861594372724,0.0019013436862385102,0.011811051259436711
2026-05-29,-0.021695675384946322,-0.011076119411967511,-0.01858566838678044,-0.01280738948641702,-0.003513084750765172,-0.012525628748964679,0.0008620911182357638,-0.017297544440469936,-0.020423880384703663,0.007164916615194583,-0.024453758185755126,-0.01773421826178312
2026-06-01,-0.0009082506285353897,0.0170436861551837,-0.0024847023765377507,-0.013291974905118242,-0.010680266038341268,-0.010060184720562249,0.03583427000602346,-0.025270129502393268,-0.03213371539520693,-0.01611675485634123,-0.0015006272907779339,-0.013788368556349129
2026-06-02,-0.004090889791988239,0.06507358393714768,0.007472758041013217,-0.0105670686339141,0.0026727270656923263,0.0019883145134671487,0.05679838726070363,0.012873256506660935,0.004509822714294565,-0.002468371986598439,-0.0036738188933865823,0.005870525391070025
2026-06-03,-0.001064961136754583,-0.08386122221554515,0.007216830370820881,0.012555017646492583,0.014425325292205082,0.005456963550974692,-0.037928963126298454,-0.02206531332744921,-0.0014805445444955323,-0.011922305565288505,-0.000782178822393842,0.0016894486719376545
2026-06-04,-0.007234252850892964,-0.0003122011517167067,0.0007297335723297493,0.00780997491923463,0.009067945470942362,-0.002850724146546302,-0.01742181461756276,0.011913313332017061,-0.005357398805573954,-0.0028078148468899666,-0.004696678198333637,0.0015333201655989281
2026-06-05,-0.005162943225685335,-0.018786335800248022,-0.009480276968216628,0.008308744426129167,-0.0015828315475810983,-0.01138051899140713,-0.003163214606722198,0.0014271296164234393,0.02024631318344472,0.0028157208697527913,0.0011796930804104377,-0.0010716884362975687
2026-06-08,-0.021456197654434517,-0.02160170492476765,-0.011244112901075853,-0.009428746880817962,0.0043469366338722,0.008397302486354175,-0.00826732718636769,-0.004453152638547286,-0.005373529716407477,-0.019654950959119066,0.0037032970028951784,-0.010574719732928783
2026-06-09,0.0046702304406802675,-0.00018587231222533251,-0.0004062111669768109,0.019836810056854892,0.021131421907478076,-0.00788620040356025,-0.006146752535401534,0.001968107958289389,0.010757785553269894,0.006476608864985245,-0.0054785504064337465,0.01610903240690531
2026-06-10,-0.00819406141179535,0.0013481386260374428,0.011512144817837466,0.014353007261128425,0.0005485068178647801,-0.013229547762682703,-0.00865576004272095,0.013035692487444184,0.017207359031339742,0.004332641624529732,0.0041596857563561684,-0.003582283047047885
2026-06-11,0.003336472043979466,-0.008496096254216212,-0.003012635723958046,0.018325185401073085,-0.002541727179634967,0.004168519686362782,-0.02680526668413219,-0.0044068395095970825,-0.013689758599580881,-0.014167198468410969,0.004366283875182786,0.0019123041246389416
2026-06-12,0.02375296912114022,0.012080851356331301,0.03740260424183384,0.018071406826400516,0.016438505052828845,0.022383084770302153,0.0016149729656855794,0.009560949948252961,0.013552673935375514,0.048498200110855816,0.007524250552502387,0.020461194714357145
2026-06-15,0.010827532869296164,0.00027757530025041,0.006343421388081083,-0.009844923925420912,0.0036375668122372584,0.010260602037701405,0.016571121099455022,0.009821072371188011,-0.005855725698908909,0.029758169166606452,-0.0009404217436068674,0.03284451704097213
2026-06-16,0.0166794558746175,0.01711383174475789,0.009712599233722363,0.005046742733137322,-0.00543663410461781,0.006408853057386921,0.007665830456182077,0.013025356302537316,0.020314300479658876,0.003981029889633669,-0.002934654931028735,-0.008257858094165682
2026-06-17,0.002934905328449755,0.01091405793354494,0.002802798830629616,0.001873661225739287,0.011031234454535577,0.012250394550529897,0.012329464748994212,-0.003085869759365756,-0.001045396672824661,0.005087973787889943,0.010940220318736538,-0.004455488165323485
2026-06-18,-0.003451621335989863,-0.008861877462246093,0.015118840210480489,0.004114272138304509,0.015781735189356993,-0.00047974412240958664,-0.02608616433066724,0.0013757313722593256,0.00951032765650961,-0.0042066198851853365,0.002417079340389039,-0.010711704776159126
2026-06-19,-0.014004951380058195,-0.03553761041857817,-0.00788805624304234,0.0031288878389361674,-0.007288746467664087,0.019202008297227513,-0.06749443510947895,0.004636806222965584,-0.010772968373665037,0.004630048292064481,0.007398009093014579,-0.006600428782814527
2026-06-22,0.012982054219167649,0.0013176169639199653,0.008463755737895706,0.004381754698531193,0.005458433530407758,0.003035373816800746,0.013315578918501547,-0.004273504273504258,-0.004420036028260688,-0.0019242879850260852,0.013381967190521982,0.0019410764019749394
2026-06-23,-0.012815680361854542,-0.03205189512667539,-0.014941505131252697,-0.010425859035861351,-0.015902040670790263,-0.007826375490990523,-0.03388396354298129,-0.0042918454935622075,-0.0012944679892333832,-0.005212649266142733,0.0027376018872891095,0.0022352627657433732
2026-06-24,0.0031309473737590743,0.02398523787326501,0.02394628181545566,0.02637673960834097,0.010154291066078347,-0.012778683607929442,0.026522807211457833,0.0012069175983298042,-0.0010647880765435325,0.0005503883386368535,0.0034261404716282584,-0.015091808470977353
2026-06-25,0.00342570042907675,-0.006780534579050257,0.003908189029538711,0.01011940715833548,0.010438864375584833,-0.014169359799748538,-0.014575075496781498,-0.0012054627041779842,0.007600288243879039,0.008297990150070156,-0.006188594710775042,0.03751512445440852
2026-06-29,-0.01297320074551711,0.0015276973068651944,0.0032651471316733627,7.204088728474112e-05,-0.008896162818953002,-0.005187176143785166,-0.004321936430111473,0.0024138351966593863,-0.010532565016114104,-0.012142991228794475,0.006441912701494967,-0.024227030618235612
2026-06-30,-0.005457321741689114,-0.03165066334040867,-0.0011891503041673301,-0.008936329935560927,-0.008879404872751073,0.005920374014188434,-0.03501488228756977,-0.012899896259135013,-0.015386090691663634,-0.0052339124043266905,-0.006560750938621074,0.05241580901660914
2026-07-01,0.010897268196839782,-0.02407086139105219,-0.0022557651048719096,0.0033450426385743803,0.019962994948507395,0.010259214114324955,-0.015093998653126661,0.011674422176084498,0.030119936879815512,-0.012260415572912686,0.0019865660532392138,0.019837045923827956
2026-07-02,-0.0034403669724770714,0.04312527526027221,-0.0003140111691687375,0.014639802598416685,0.004009882636984319,0.002137845729326182,0.05642955172021824,-0.001377863979689975,0.013107285818629633,-0.00811225004160876,0.0025720837977674105,-0.0032650598917507434
2026-07-03,0.0003835826620637306,0.012281675910466694,0.0064706159328209445,0.00814285089995792,-0.011030787233970885,0.01888003455447196,0.006052384100345032,0.00017253643187298273,-0.004252305287754776,-0.008079963905148313,0.018065217708421732,0.0012545490205972953
2026-07-06,0.013266908610525263,-0.017148252342576664,0.03595279724342504,0.010981961669627172,-0.0022115854116586675,0.00800874200914814,-0.0047746373502067785,-0.00586312169498171,0.0003634603152244953,0.0035761938097929047,0.004199935836366242,0.006264816836980103
2026-07-07,-0.009763130203093273,0.018711109987005425,-0.0006627556897623732,-0.008550014006021511,0.00038549140684729366,5.199218319984489e-05,0.02840155348593809,0.0017346053772766545,0.003088123900147677,-0.012150481973830729,-0.0023063341552828076,0.00567237882508409
2026-07-08,-0.024839498160781792,-0.018415158181329327,-0.022910889038555315,-0.024104063786509533,-0.020421878114301184,-0.0195762857367503,-0.0023325246184989767,-0.02805196918966446,-0.03304961897240544,-0.025000577952594694,-0.007985748159726302,-0.04037699178004528
2026-07-09,0.0030566849591946443,-0.003888235901543191,0.008947303602641066,7.240093999949515e-05,0.005113532350312644,0.02277415986500886,-0.017301037272255515,0.00498839810059204,0.004073392158900235,-0.0015673023568749667,0.02674504888566398,-0.015984485615122446
2026-07-10,0.02187841766816523,0.009514461356034731,0.009051464160667821,0.014847537512027387,0.013599476319421822,-0.005540822246653532,0.01636843392903975,-0.0010635979647301008,0.002844531432151909,0.015388586934669268,-0.0016505654575070805,0.009178315146415095
2026-07-13,-0.008334626095043873,0.05437418749512801,-0.008485362623697035,0.005923567304255917,0.0009652509652509078,-0.009685455847266433,0.03239698088570919,-0.007453437811945407,-0.009299729885531183,-0.004384421058858057,-0.007284926678345349,-0.011476823398232416
2026-07-14,-0.0030071897144303694,0.008755444513198984,-0.010452946592541479,-0.0012771074193801413,-0.02082929178971793,0.018245848425874733,-0.00879734390227993,-0.014661205767926067,-0.004881322635728602,-0.02031310903095962,0.011033595764806892,-0.015042018864554363
2026-07-15,0.0019334880123742515,0.0002740809142187661,0.007474657289945563,0.00603822964528522,0.014477004942320848,-0.009398377699366245,-0.015188924160594919,0.003992038295215217,-0.00830103477075228,-0.016836866903171877,0.00458150135175317,0.006968647994247679
2026-07-16,0.0008490741689983761,0.0053901192633447614,-0.008768194625089043,0.0014122274191163964,0.0010678338142002808,0.0018244907550866163,0.0056675418649094755,0.009759668413517275,-0.001997619669656614,-0.0021934524965523394,-0.0007174093846079588,0.014724314507941871
2026-07-17,0.023600166714571547,0.030895047705588263,0.013979943045431487,0.018403721001933215,0.012703741540486702,-0.0067644671107276455,0.013026584689491472,0.0048326689601552175,0.02163560264831621,0.010302972067380178,-0.008973898886769582,0.0014510368802105322
2026-07-20,-0.0030891920861791933,-0.007888894818752767,-0.051244511043297525,0.011008717191209216,0.015033946603270731,0.016397688929711274,-0.008572753683595558,0.007125044221675703,-0.0019125373462377526,0.006370441428267037,0.012315041461650189,-0.020937445421993273
2026-07-21,-0.014662553678508772,-0.013326817421950632,-0.020768986478860052,0.001986013099357198,-0.014716958099941002,0.0042781606553208285,-0.012510326456963816,-0.006013484731604013,0.0013086175127459132,0.0020318976578386216,0.002811286000493407,0.006141785490549001
2026-07-22,-0.011582400975289064,-0.005762932000062393,-0.010900239884311769,-0.01530998154560248,-0.01857528146358145,0.0003079380061286052,-0.019934815476537082,-0.0007117872136342962,0.005647653515169271,-0.0075911700127839765,-0.009633530852168226,-0.0038244059472091196
2026-07-23,-0.01272700971968066,0.015668094348857187,-0.007833797016275179,-0.004234015551011994,-0.012097584794207306,-0.009235486546700034,-0.004467209657768034,0.0017806268580347062,0.003341664738485406,-0.006548960192682696,0.005661348430262558,-0.010483560242167123
2026-07-24,0.004559070154642297,0.00508277095757248,-0.005955185288767151,-0.0011850014681662469,0.0023701604502546214,-0.004614603475681656,-0.006205842895255054,0.007643172795460229,-0.007771324104295374,-0.0017930083489606785,-0.006601854869018653,0.0029098030240197748
2026-07-27,0.0015649452269170805,0.01832056422550954,-0.0043753366362545565,0.008932934393476977,0.005517217326046708,0.0037404371714722107,0.03679500995244189,0.00846707988402362,0.013799579326922995,0.0053888159915200795,0.016794588633229468,0.021425409811044238
2026-07-28,-0.009609413146972612,0.04460702996497412,-0.0056114710937809065,-0.010306394707499389,-0.00725060117178411,-0.00183698100577534,0.0245552272043974,-0.004198048561862455,-0.06985199101576911,0.006831318970047295,0.0015199878777008013,0.0052439258134715505
2026-07-29,0.006468465376690435,0.020266929798269384,0.017405476431915146,0.004962262730547895,0.0004934859790524104,0.02544952208491824,0.045129806111663395,0.005620959556730254,0.04701641368071052,0.02593943171809765,0.006677833544925127,0.010578216469452117
2026-07-30,0.01332392795258941,-0.006049230866255084,0.007685110807521545,-0.002781829535335012,0.011443263767786815,0.003384318439903611,-0.00043267567546156904,-0.004192182382641962,-0.004674731445895142,0.0016024950360224999,0.0056283989318373084,0.017206742279892717
2026-07-31,0.011524498517056836,-0.027222612814641778,-0.007692801510793101,0.0010460746745364347,0.0020481571110209096,0.007767758990489426,-0.0216431482368602,-0.014207991462572012,-0.003131008976416161,0.0003047340291932876,-0.005297074466673601,0.0032422018496596205
2026-08-03,0.008563962955889792,0.04569658820302136,0.006482624377023738,0.02571306376154081,0.017130596814979526,-0.0007606490872210658,0.04415540703661214,0.021352313167259718,0.017465354932220345,0.02185891994996325,-0.013564431047475511,-0.005901381832938202
2026-08-04,-0.021303999686078434,-0.005538242892144218,-0.014608233731739695,-0.0036986468589469412,-0.0022010036632774677,-0.000203006553698315,-0.010593220338983023,0.006968641114982521,-0.01941066417212345,-0.008695652173912993,0.0002546473134708016,0.0012721038411485086
2026-08-05,-0.00844374018740146,-0.019105691056910623,-0.009433962264150941,-0.003093634040649107,0.011796345453264134,0.004009961175555521,0.005567451820128522,-0.007093383366673867,-0.005342213771464377,0.01679197994987458,-0.012219959266802416,0.0015527950310558758
2026-08-06,0.03515625,-0.016576875259013635,-0.0009523975605867374,0.005103113260223502,0.028436018957346043,-0.015166835187057637,-0.0076660988074956915,-0.003659237727403508,-0.002781397732851132,0.0011831522869423239,0.005670103092783485,-0.007751937984496138
2026-08-07,0.00739626326650944,0.03358615725742742,-0.0044940594414106805,-0.025042881646655246,0.011244194628456272,0.006108842101674838,0.008669506940718774,0.0006995880073494831,0.007934599663380615,-0.0014279503565909346,-0.003075345976422339,0.006958393113343009
2026-08-10,-0.005618819093230143,-0.011008276812293993,0.0,0.007600315853712125,-0.023878921197446168,-0.008622901272280492,0.006722853015228125,-0.012058763136771788,-0.004198496578303956,0.00591715976331364,-0.00030847073827122706,0.004274417610600656
2026-08-11,-0.002561609499724171,0.008245042834064353,-0.002735978112175075,-0.0015365785494896311,-0.00466853408029877,-0.014307796617666013,0.006508834464814095,-0.012913475943046038,-0.010684193824173183,-0.010441200405943651,-0.0012343264677677768,-0.007590267432787123
2026-08-12,0.003852236189960445,-0.03925256651127662,0.0,0.0014689253090374166,0.015009380863039379,0.015559758556745518,-0.012261674800245315,-0.01021507563984092,-0.00092009416126837,-0.00430968018145772,0.001029866117404632,-0.008220157255182325
2026-08-13,-0.009029345372460473,0.010767353004159874,-0.005486968449931462,-0.017391844096501408,0.0009242144177448175,-0.003033431575353518,-0.0009352738787273829,0.008509890115719232,0.014057198254968428,0.012611928152207685,-0.006172839506172867,0.00216216216216214
2026-08-14,-0.005315110098709219,-0.005894736842105286,0.0027586206896552667,0.007250462622866438,-0.014127468908702645,0.027332267890924467,-0.004936211768617027,-0.0010771554505161207,-0.0071701720841300665,-0.0033655025760204182,-0.0010351966873706209,-0.005106076950737171
2026-08-17,0.004580152671755711,-0.020245679300349373,0.0027510316368637433,-0.0011996832546753433,-0.006087852671404326,-0.011445171947811694,-0.025059808400133443,-0.018511948914761156,-0.010592200288878195,0.007320668270119457,-0.024870466321243567,-0.005349139800491565
2026-08-18,0.004559270516717229,-0.014352391437262413,-0.008230452674897082,-0.002331695551665902,-0.007727055738006583,-0.017823641286728753,-0.02184404235525983,-0.011170071156645922,-0.009732360097323589,-0.005481171265663054,-0.0036663254059843275,-0.005014534883720945
2026-08-19,-0.008320726172465931,0.003947368421052699,-0.004149377593360981,-0.007082152974504208,-0.004178560697115419,-0.006307492234442158,0.004304976527466309,-0.010925971137152768,-0.00702705102119161,-0.005659031007474891,0.013279304964142868,-7.304068366076333e-05
2026-08-20,0.0016780710693173884,0.003931847968545288,0.007013871934678839,0.007061358355251457,-0.0005721682242098014,0.010249714449466651,0.00910872542160468,0.017225262362048133,0.003612633743021343,0.009823559422019956,0.002105263157894832,0.008692476260043769
2026-08-21,0.0021322334238791374,0.0017406440382941035,0.002620542646785129,0.005736932818100282,0.0006678923395753156,0.002214579459369981,-0.007964601769911539,-0.008282716917186406,-0.0064102564102563875,0.002940455770644501,-0.0008403233119419484,-0.01766963574480407
2026-08-24,-0.004711209097169489,-0.007775804667137232,0.00281998453613741,-0.0035211267605633756,-0.008772720129904155,-0.00565262076053441,0.00802854594112401,0.0011136537392133494,0.007444168734491274,-0.0007329587099926815,0.003994940858076612,0.004054552156284474
2026-08-25,0.0054969849621830935,0.0052974269945702535,-0.002057613168724326,0.005441661605565473,0.008177008177008283,0.006201550387596955,0.012389380530973382,0.006303231785351748,-0.0028571669104063835,0.007090464547677255,0.006282722513089034,0.004258443465491979
2026-08-26,-0.014426727410782103,-0.011410134887644974,-0.0004123543545961894,0.005131123271714388,0.003816793893129722,-0.023061132210612456,-0.020979020979020935,-0.004237265741881324,-0.0015808473713392335,-0.019640665779011912,-0.011706555671175845,-0.01155139640298286
2026-08-27,-0.012172610807492323,-0.009515461522577096,-0.022277244135165297,0.009090909090909038,-0.008650166906784662,-0.012512447854104547,-0.008214242117745574,-0.0046253469010175685,-0.005937654626422595,-0.0027488416304223273,0.007265095460976534,-0.00591715976331364
2026-08-28,0.0037436039704557,0.04162964851523099,0.013080151607550938,-0.013998580160689555,0.004410754126237482,0.002182811840150567,0.02988832347180792,-0.01115241635687736,0.0006968762638439596,0.0046684998331574246,0.003501777557565422,-0.004761904761904745
2026-08-31,-0.007770007770007803,0.024466288995783625,-0.015687891134903986,0.021928556438814084,0.01193317422434359,-0.03745218820954099,-0.008916041234156458,-0.03947368421052633,-0.0213887780928238,-0.00022248911797695392,0.033750025431315,0.012784090909090828
2026-09-01,0.025058731401722767,-0.01262870345996292,0.004090302417577574,-0.011004126547455306,-0.024056603773584873,0.036039475621139516,0.019580128960851928,0.04344425089438597,0.01392702250383615,-0.016020125652541517,-0.028113687754628303,-0.04406879751974602
2026-09-02,0.003132143304765078,-0.008864499788940439,-0.015592128445605535,-0.007997218358831715,-0.013146423959340292,-0.007670947537986361,-0.01384083044982698,-0.0011253499762876595,-0.009925831333198909,0.00022610043005699687,0.001399663645347271,-0.007799227799227815
2026-09-03,-0.008072481747787408,-0.01188241156037051,0.008347655141258237,0.002453557658604888,0.002448819610357811,0.003328296655229046,-0.008508729098135936,-0.012391993782344013,-0.006582278481012671,-0.0015071590052750938,-0.008127530966882568,0.0006226165460347932
2026-09-04,0.01497120921305184,-0.006939397861546626,0.007712376683767896,-0.004755278900786752,-0.007133133333961483,-0.015516318887105363,-0.00026545944896316787,0.004182532712987186,0.005810409996973798,-0.0027421137971698206,-0.008872651356993777,-0.012677918643540509
2026-09-07,-0.009455370650529482,-0.01475694444444442,-0.0022468412312764974,0.00302139472713181,-0.010038334235755841,0.007608695652173925,-0.03761061946902655,-0.002271889775271152,-0.006790323425703404,0.008803991191943972,-0.002106371774618254,0.005199306759098743
2026-09-08,-0.011149274979715518,-0.006387665198237857,-0.010555946516537684,-0.01968474647000873,0.002087658350700128,-0.005393743257820938,-0.005057471264367841,0.0,0.010204081632652962,-0.013228282656601698,-0.0048020979345316794,-0.009326018808777481
2026-09-09,-0.01227895908122889,-0.02105963201064065,-0.02261738892469778,-0.007360332034035633,-0.007440476190476164,-0.01588939741221529,-0.043438077634011085,-0.01024672564338236,-0.017676767676767624,-0.0059552468053097884,-0.011135266837129731,-0.0018194763072542086
2026-09-10,-0.003909304143862369,-0.0017662601194520233,0.009751146041473424,-0.00331147913525609,0.009195414499781451,0.013390670348799372,0.0014492753623187582,-0.005751534011538162,-0.0013881497027634637,0.008259802563893581,-0.0020912780111566054,-0.002219052147725442
2026-09-11,-0.01295133437990581,-0.0014972318324535383,0.02082734572105993,-0.003755833276904985,-0.01386550443769774,-0.004295826217543541,0.0011576952936565021,0.002121165971616046,-0.007877283861139839,-0.006144133711283195,-0.011284255776464303,-0.015091342335186608
2026-09-15,-0.017654036717196786,0.02280986462109791,0.011719008532253827,-0.0209526741035182,-0.02781963630354134,-0.0003822572121716661,0.03787226624010476,-0.00711951533600752,0.005760236422385878,-0.020352609202884953,-0.0027173913043477826,-0.013629032258064555
2026-09-16,0.003804704109203083,-0.027632141791148368,0.006908118472345182,0.006220397113593901,0.024173578940147156,0.0025130985164896202,-0.01578458681522743,0.02383718564528836,0.012331677785010431,-0.011166800983004155,0.010081743869209792,-0.005314365137764732
2026-09-17,0.0031451809790825624,0.0005482232936340203,-0.011781011781011763,-0.008242620576770499,-0.0027234336701040807,0.0005449591280652921,-0.0013207777491155426,0.007760811500719722,-0.010091768006179946,0.007484833459954876,0.007445399961222066,0.014137760973204072
2026-09-18,-0.014068654760452604,-0.038812785388127824,0.02524544179523147,-0.006455885522031357,0.00758571852675316,0.031209176921636717,-0.0068013898903500625,-0.0146507296589804,-0.005251751327519427,0.01272093463564583,-0.016065977194627767,-0.019046847138920353
2026-09-21,0.01712328733035795,0.011258884167161476,0.011627906976744207,0.004555960471064324,-0.0002007751501509336,-0.03332810227058647,-0.012269378081146254,0.01791846140206821,0.007763975155279601,0.005096537664897038,0.017199137182896562,0.004131207138725834
2026-09-22,-0.005611672168507553,-0.011133533008645946,-0.0012170715538371013,-0.004014888040195119,-0.009036144578313254,-0.007103049036623621,-0.008762614911831945,-0.004494427741690066,-0.006779635938302553,-0.009834087790461687,-0.012039167267416717,0.0030445157574261472
2026-09-23,0.006127035985449503,-0.007315868096793299,-0.0018277492967239128,0.00029861482633086744,0.007193490968528282,0.008804754804049963,-0.008645836606744228,0.01636571220200289,0.008377262779412975,0.016423546866299876,0.010073643490034145,0.003281378178835004
2026-09-24,-0.023076962202023266,-0.0012443039503904352,-0.0113258400623093,-0.004104477611940327,-0.015692562085360295,-0.020401431016754068,-0.005879470847623747,-0.00795851913773582,-0.00846153846153841,-0.018193847623792725,-0.00809650165465814,-0.019623875715453765
2026-09-25,0.005577468094211113,-0.002395783421178743,0.009191865753140682,-0.005769914703540602,0.004598875830352567,-0.005791304227243499,-0.014095601570200844,0.003731343283582156,0.004861662484645812,0.004613323988867046,0.001243270840293631,0.006255212677231059
2026-09-28,-0.023164783371992237,-0.005427497035602746,-0.022498624717579685,-0.01869162489858911,-0.021363173957273607,-0.00784137997566936,0.002999400083369519,-0.014126348672746314,-0.024139185663043294,-0.028326724681715598,-0.007666532526842351,-0.0047244094488189115
2026-09-29,-0.013026031983931041,-0.018496125784007167,0.005076176171375568,-0.0075269192228302195,0.002806665495874494,-0.00011294639236203441,0.012161096549621497,-0.00037709690389287065,-0.016983096609638704,-0.004593193802053475,0.014689880304679104,-0.010909393737508322
2026-09-30,0.004230118443316444,0.008954966061582637,-0.019371799866511497,0.022829284255309723,-0.005390289355480249,-0.00801713615816213,-0.020977002477832518,-0.00886460222335117,0.008208995791921136,0.00290733831048251,-0.025951755717996017,0.007577671129072927
2026-10-01,-0.016259518810551765,0.011898908213082704,0.017637928297859817,-0.008398256787477187,-0.005627956658741495,-0.009049530116142623,0.04114276774823922,-0.0260704323635228,-0.022936499465654125,-0.017712791929853755,-0.00858745777584069,-0.04855017966073372
